file_path,audio_group,filename,sentence_id,variant,mfcc_mean_0,mfcc_mean_1,mfcc_mean_2,mfcc_mean_3,mfcc_mean_4,mfcc_mean_5,mfcc_mean_6,mfcc_mean_7,mfcc_mean_8,mfcc_mean_9,mfcc_mean_10,mfcc_mean_11,mfcc_mean_12,f0_mean,f0_std,voiced_ratio,jitter,shimmer,hnr,zcr_mean,zcr_std,rms_mean,rms_std
data\raw\data_store\audio1\arctic_a0001(7).wav,audio1,arctic_a0001(7).wav,0001,7,-207.60643,77.372528,-2.805988,14.524872,-19.995134,1.57689,-24.066164,-4.765645,-5.273728,0.622078,-17.577606,6.887738,-11.819814,199.913,21.443,0.9579,0.0304,0.44321,-5.52,0.175486,0.146651,0.107957,0.05533
data\raw\data_store\audio1\arctic_a0001.wav,audio1,arctic_a0001.wav,0001,0,-238.231354,76.400887,1.295301,27.500216,-13.508411,4.732711,-7.08187,-7.022777,-0.555231,-5.501422,-10.302745,-2.675122,-6.388293,180.422,22.284,0.9327,0.02874,0.35603,1.342,0.162056,0.188688,0.120071,0.059328
data\raw\data_store\audio10\arctic_a0010(1).wav,audio10,arctic_a0010(1).wav,0010,1,-254.222748,70.915665,-4.730084,43.716991,-23.126717,4.371008,-23.003717,1.252315,-28.319788,-2.689244,-15.555892,-9.638384,-0.653143,243.032,35.841,0.9891,0.031,0.40516,-0.81,0.128779,0.128794,0.080078,0.02884
data\raw\data_store\audio10\arctic_a0010(3).wav,audio10,arctic_a0010(3).wav,0010,3,-204.201294,85.416649,12.469597,35.149635,-14.598441,-5.737399,-13.932256,-11.816051,-15.433362,0.523155,-1.365014,-10.901133,-2.72533,231.081,26.43,0.92,0.02344,0.34224,0.679,0.116425,0.120399,0.115371,0.045232
data\raw\data_store\audio10\arctic_a0010(4).wav,audio10,arctic_a0010(4).wav,0010,4,-199.124954,89.131241,-19.376656,35.137928,-31.390099,3.286332,-21.959894,-18.171896,-9.864217,-4.576063,-9.105929,-4.367473,-0.765472,225.766,29.161,0.9438,0.02322,0.38661,-3.114,0.13472,0.134375,0.099623,0.03988
data\raw\data_store\audio10\arctic_a0010(5).wav,audio10,arctic_a0010(5).wav,0010,5,-200.114853,82.92627,-5.799582,37.330669,-10.690438,4.935503,-4.19735,-25.364088,-10.533555,-15.0023,-14.679542,-3.331727,-13.363342,171.004,37.243,0.9512,0.03519,0.36041,-5.295,0.131911,0.132801,0.100769,0.042308
data\raw\data_store\audio10\arctic_a0010(6).wav,audio10,arctic_a0010(6).wav,0010,6,-229.403244,90.364197,-10.999274,39.674656,-18.059694,-9.58585,-34.939548,-15.314266,-21.519318,-8.29688,-9.825525,-10.021748,-1.601882,231.681,29.603,1.0,0.02935,0.33768,-1.945,0.091558,0.10123,0.134268,0.063171
data\raw\data_store\audio10\arctic_a0010(7).wav,audio10,arctic_a0010(7).wav,0010,7,-202.794327,96.555145,2.766049,17.130039,-18.4923,3.213094,-18.630901,-5.1958,-10.958524,0.917373,-19.480734,1.967173,-16.49065,187.731,17.001,0.9647,0.01655,0.29412,1.274,0.107621,0.12793,0.134966,0.044239
data\raw\data_store\audio10\arctic_a0010.wav,audio10,arctic_a0010.wav,0010,0,-228.398651,99.862175,3.542466,19.675688,-15.245057,4.434812,-6.043617,-4.777048,-8.965464,-8.226908,-8.294631,-4.508564,-12.406377,189.506,18.976,0.9813,0.0241,0.31444,4.332,0.105341,0.153005,0.166087,0.066297
data\raw\data_store\audio100\arctic_a0100(1).wav,audio100,arctic_a0100(1).wav,0100,1,-277.786163,43.456848,18.568266,42.729084,-23.479149,12.851249,-11.917106,5.658229,-10.040286,0.391163,-11.804578,-4.27042,-1.581388,223.536,29.159,0.6842,0.04874,0.43709,-1.584,0.175394,0.189268,0.07069,0.055454
data\raw\data_store\audio100\arctic_a0100(3).wav,audio100,arctic_a0100(3).wav,0100,3,-186.087097,56.851765,31.172867,46.848801,-11.635354,0.022915,-14.086443,-6.271111,-16.055784,-4.041925,-6.187642,-0.187215,-4.892797,207.905,21.071,0.7447,0.0392,0.32025,2.153,0.225347,0.240349,0.134995,0.060552
data\raw\data_store\audio100\arctic_a0100(4).wav,audio100,arctic_a0100(4).wav,0100,4,-221.436493,59.785435,8.535154,50.618694,-13.680042,-1.328001,-27.667391,-11.676729,-7.749975,-5.799859,-5.650447,-0.393699,0.96642,227.152,30.227,0.8333,0.03146,0.41186,-0.06,0.204359,0.194129,0.095966,0.049304
data\raw\data_store\audio100\arctic_a0100(5).wav,audio100,arctic_a0100(5).wav,0100,5,-243.67244,31.209898,4.582155,47.38789,-1.886824,-0.784254,-1.638401,-20.396524,-8.039435,-12.554741,-9.906371,2.8536,-9.390761,195.43,33.78,0.78,0.05614,0.40518,-2.087,0.285369,0.281775,0.090284,0.066417
data\raw\data_store\audio100\arctic_a0100(6).wav,audio100,arctic_a0100(6).wav,0100,6,-261.671295,52.017475,11.297941,29.576836,-18.428122,3.857023,-11.972503,-15.439137,-16.503752,-8.059579,-11.590195,-5.287474,-7.888655,226.865,44.0,0.7966,0.05011,0.35465,0.853,0.197186,0.203979,0.133315,0.109933
data\raw\data_store\audio100\arctic_a0100(7).wav,audio100,arctic_a0100(7).wav,0100,7,-254.976944,44.350491,16.994402,34.614204,-16.591383,6.81278,-17.959103,-4.772135,-2.561081,-0.958815,-11.766152,9.477246,-8.773994,186.861,23.786,0.6786,0.05079,0.35414,0.454,0.275165,0.254093,0.107393,0.062317
data\raw\data_store\audio100\arctic_a0100.wav,audio100,arctic_a0100.wav,0100,0,-267.759399,58.717739,18.904709,44.486195,-4.050973,-1.620999,-4.903113,-7.725263,-6.163222,-10.971212,-10.203295,1.331577,-8.776696,184.482,20.632,0.8571,0.02223,0.35946,4.765,0.198416,0.240404,0.13536,0.089851
data\raw\data_store\audio101\arctic_a0101(1).wav,audio101,arctic_a0101(1).wav,0101,1,-238.276428,60.572132,-12.285798,43.174,-29.399738,16.333492,-23.28824,-5.436115,-18.498562,-5.671371,-12.586196,-11.254479,0.438589,264.347,43.471,0.9481,0.05346,0.41093,0.624,0.105609,0.103429,0.110348,0.059171
data\raw\data_store\audio101\arctic_a0101(3).wav,audio101,arctic_a0101(3).wav,0101,3,-293.861542,78.321083,25.95779,47.025043,-6.004131,1.046408,-10.678937,-7.37548,-15.302425,-7.433419,-7.232454,-5.11647,-3.651235,211.483,17.153,0.8052,0.02152,0.36396,2.875,0.077296,0.071572,0.062816,0.036307
data\raw\data_store\audio101\arctic_a0101(4).wav,audio101,arctic_a0101(4).wav,0101,4,-270.65448,77.836525,6.439014,61.183956,-10.955308,-9.022773,-24.109369,-15.787625,-16.031448,-13.614049,-3.8027,-15.385704,-3.486924,231.67,26.97,0.9857,0.03636,0.4156,3.557,0.12193,0.122399,0.089485,0.042255
data\raw\data_store\audio101\arctic_a0101(5).wav,audio101,arctic_a0101(5).wav,0101,5,-304.792694,64.408188,1.241985,61.63929,-4.730812,7.245887,5.346736,-18.896902,-4.667517,-14.352754,-9.150693,-2.294301,-9.489109,185.405,33.017,0.878,0.05624,0.43912,-8.669,0.103284,0.092026,0.065195,0.051668
data\raw\data_store\audio101\arctic_a0101(6).wav,audio101,arctic_a0101(6).wav,0101,6,-294.000488,79.234039,6.628346,33.043102,-10.272414,4.086772,-9.77829,-17.735912,-13.959594,-13.338962,-12.475733,-12.952165,-9.11774,240.712,36.892,0.9318,0.04853,0.41824,3.34,0.070911,0.062948,0.13039,0.087605
data\raw\data_store\audio101\arctic_a0101(7).wav,audio101,arctic_a0101(7).wav,0101,7,-236.065994,81.926064,16.49577,45.54961,-13.550671,3.11389,-15.667998,-8.38933,-19.482487,-4.731046,-19.929251,1.028681,-7.832175,192.908,17.84,0.9733,0.02516,0.37277,5.097,0.123494,0.119547,0.14418,0.059045
data\raw\data_store\audio101\arctic_a0101.wav,audio101,arctic_a0101.wav,0101,0,-268.414825,80.543068,17.757572,50.788441,-9.560756,6.229811,-2.794798,-10.885282,-11.353395,-10.654383,-11.198273,-6.430651,-7.925658,190.741,22.668,0.9518,0.03545,0.35212,5.403,0.09969,0.108826,0.146223,0.072734
data\raw\data_store\audio102\arctic_a0102(1).wav,audio102,arctic_a0102(1).wav,0102,1,-231.122253,62.963192,-2.573822,32.084034,-18.728371,8.105007,-23.45236,6.275292,-21.932966,-0.65224,-12.79219,-5.431783,1.832947,217.518,38.412,0.9302,0.02425,0.38191,-40.0,0.191556,0.222026,0.112557,0.056658
data\raw\data_store\audio102\arctic_a0102(3).wav,audio102,arctic_a0102(3).wav,0102,3,-210.654068,82.528191,24.16873,15.379737,-12.254916,6.872074,-8.446502,-7.736946,-13.263749,-5.148218,-6.242886,-4.01155,-2.485336,209.252,25.237,0.8864,0.0267,0.31373,3.572,0.180981,0.23448,0.141092,0.056809
data\raw\data_store\audio102\arctic_a0102(4).wav,audio102,arctic_a0102(4).wav,0102,4,-220.248352,81.148132,-0.250795,18.314077,-34.470726,7.725515,-20.519587,-12.358277,-14.141092,-7.998087,-11.258416,-2.544514,-2.02024,234.338,33.084,0.9737,0.02757,0.344,-0.114,0.190774,0.214143,0.142355,0.05184
data\raw\data_store\audio102\arctic_a0102(5).wav,audio102,arctic_a0102(5).wav,0102,5,-228.207977,69.984795,2.320297,25.245186,-22.118345,8.993993,3.550786,-20.613718,-7.477713,-11.339993,-15.27544,7.210322,-8.515447,200.428,33.234,0.7561,0.04421,0.39122,-9.45,0.22098,0.221665,0.100264,0.052008
data\raw\data_store\audio102\arctic_a0102(6).wav,audio102,arctic_a0102(6).wav,0102,6,-262.66098,74.761734,4.588305,18.100111,-17.564457,2.281174,-22.030828,-12.665023,-22.811359,-3.19955,-13.892761,-6.223057,-4.012417,224.538,25.372,0.8571,0.02523,0.411,2.477,0.217817,0.230954,0.132411,0.072657
data\raw\data_store\audio102\arctic_a0102(7).wav,audio102,arctic_a0102(7).wav,0102,7,-261.895416,81.486336,-5.979702,4.94116,-24.48629,13.918458,-18.969917,-9.934966,-2.502902,2.299121,-19.598593,9.511395,-9.684785,191.252,16.565,0.9111,0.01635,0.33753,-0.073,0.210032,0.235792,0.089868,0.047238
data\raw\data_store\audio102\arctic_a0102.wav,audio102,arctic_a0102.wav,0102,0,-254.823441,74.779411,13.508047,16.801956,-19.208336,14.797098,-5.540308,-4.99792,-8.393359,-6.893063,-10.822253,2.270297,-9.055848,186.138,17.811,0.9,0.02133,0.25429,4.829,0.185918,0.23891,0.149402,0.064145
data\raw\data_store\audio103\arctic_a0103(1).wav,audio103,arctic_a0103(1).wav,0103,1,-223.31311,75.911598,-8.737104,31.082314,-23.51251,9.084556,-19.158688,3.641967,-22.435575,-2.448538,-10.408908,-5.923817,-2.33193,213.843,31.831,0.9556,0.02899,0.38672,-7.913,0.122593,0.130688,0.104228,0.049337
data\raw\data_store\audio103\arctic_a0103(3).wav,audio103,arctic_a0103(3).wav,0103,3,-216.524185,98.859703,6.824688,26.723103,-8.393351,-2.21408,-7.544636,-5.802239,-13.558542,-3.266391,-4.336472,-5.570523,-3.707003,203.097,22.406,0.9759,0.03478,0.37622,1.79,0.081654,0.109324,0.104356,0.041965
data\raw\data_store\audio103\arctic_a0103(4).wav,audio103,arctic_a0103(4).wav,0103,4,-204.657928,86.905922,-20.751173,31.525019,-22.142212,0.250643,-24.473536,-13.276306,-7.892346,1.123137,-10.588258,-6.543982,-1.973994,241.561,29.585,0.9863,0.0266,0.456,-1.638,0.122176,0.101492,0.117627,0.044683
data\raw\data_store\audio103\arctic_a0103(5).wav,audio103,arctic_a0103(5).wav,0103,5,-244.405609,81.379547,-23.754999,39.517155,-16.540682,5.652936,-5.475261,-23.941309,-3.073453,-14.138536,-8.577052,-4.064513,-5.964649,182.8,31.956,0.9878,0.02706,0.37123,-12.728,0.126471,0.105084,0.072669,0.036974
data\raw\data_store\audio103\arctic_a0103(6).wav,audio103,arctic_a0103(6).wav,0103,6,-228.258102,105.816162,-4.20542,29.536264,-24.369102,-3.431468,-20.718164,-14.806953,-18.631903,-6.874648,-12.182774,-9.168683,-5.073046,228.665,24.745,0.9775,0.02833,0.36726,0.323,0.097179,0.127155,0.147568,0.064995
data\raw\data_store\audio103\arctic_a0103(7).wav,audio103,arctic_a0103(7).wav,0103,7,-210.368011,105.453934,-8.134825,18.633619,-18.388206,2.748848,-15.957588,-5.828524,-4.99223,3.804425,-16.606827,3.532525,-13.066219,183.902,20.045,0.9759,0.02405,0.36125,-0.89,0.105908,0.105819,0.127259,0.051667
data\raw\data_store\audio103\arctic_a0103.wav,audio103,arctic_a0103.wav,0103,0,-235.956375,105.717773,2.348015,25.561146,-14.4786,3.630754,-2.694497,-7.401121,-1.368366,-5.67615,-7.459291,-3.753724,-9.681691,184.299,20.703,0.9667,0.01744,0.3091,1.93,0.10016,0.124668,0.163089,0.073121
data\raw\data_store\audio104\arctic_a0104(1).wav,audio104,arctic_a0104(1).wav,0104,1,-245.676559,45.591312,13.594067,41.817814,-16.057543,2.9381,-13.269682,13.143804,-19.096245,-2.897189,-14.701769,-1.908499,-4.485919,224.401,28.92,0.8077,0.03095,0.51579,-2.464,0.188256,0.182048,0.066218,0.036265
data\raw\data_store\audio104\arctic_a0104(3).wav,audio104,arctic_a0104(3).wav,0104,3,-184.334641,58.66272,29.423603,34.459885,-7.854261,-2.920184,-14.093616,-0.434061,-15.792992,-6.261165,-7.551257,-0.599573,-3.905643,218.867,25.835,0.8571,0.03947,0.57965,0.514,0.183217,0.19356,0.111551,0.041346
data\raw\data_store\audio104\arctic_a0104(4).wav,audio104,arctic_a0104(4).wav,0104,4,-205.250183,62.63401,-5.829448,42.768234,-16.94455,-6.582697,-25.621624,-9.512743,-7.967395,-5.351582,-10.507089,-4.502287,-2.730217,236.063,34.92,0.9381,0.02703,0.48232,-0.746,0.156282,0.160609,0.104778,0.044661
data\raw\data_store\audio104\arctic_a0104(5).wav,audio104,arctic_a0104(5).wav,0104,5,-168.531998,53.04549,-8.342084,42.610947,-14.547901,2.864701,-7.969198,-17.370251,-4.998031,-13.972589,-15.674923,-0.270496,-10.324544,191.998,32.713,0.899,0.04785,0.58016,-3.275,0.198134,0.170191,0.109285,0.046737
data\raw\data_store\audio104\arctic_a0104(6).wav,audio104,arctic_a0104(6).wav,0104,6,-228.59166,60.187523,-2.997784,40.984707,-15.638049,-6.68013,-19.656645,-7.185117,-14.599768,-8.654617,-13.445109,-3.212219,-7.249314,229.818,41.132,0.9043,0.05991,0.50716,-2.226,0.173058,0.17356,0.11278,0.067459
data\raw\data_store\audio104\arctic_a0104(7).wav,audio104,arctic_a0104(7).wav,0104,7,-202.300903,61.979252,13.274891,28.287254,-16.166292,-3.98104,-20.907873,-1.636022,-8.424388,-0.122893,-20.940098,7.124714,-9.083333,194.669,23.858,0.9688,0.03496,0.41453,2.034,0.185648,0.17449,0.108468,0.041542
data\raw\data_store\audio104\arctic_a0104.wav,audio104,arctic_a0104.wav,0104,0,-216.684814,65.753578,13.226947,36.299252,-12.051555,2.422607,-6.903426,-1.682992,-4.321562,-8.481008,-11.630574,0.562933,-9.311475,185.053,20.541,0.9091,0.02431,0.4332,2.911,0.164559,0.192781,0.14309,0.069441
data\raw\data_store\audio105\arctic_a0105(1).wav,audio105,arctic_a0105(1).wav,0105,1,-232.33873,69.257423,5.153446,28.052305,-28.798689,11.094923,-20.874922,3.038785,-20.66466,-4.912877,-10.699115,-6.476851,-0.407874,239.611,55.22,0.9104,0.04475,0.32066,-5.534,0.170639,0.204634,0.110931,0.056259
data\raw\data_store\audio105\arctic_a0105(3).wav,audio105,arctic_a0105(3).wav,0105,3,-213.536179,78.350548,28.092016,16.962439,-9.862135,6.947218,-7.311463,-5.112283,-18.214226,-0.823815,-9.620078,1.189878,-6.626979,214.113,19.472,0.8033,0.01978,0.37613,1.665,0.156825,0.183057,0.109564,0.053645
data\raw\data_store\audio105\arctic_a0105(4).wav,audio105,arctic_a0105(4).wav,0105,4,-230.905197,84.390182,5.874948,18.828274,-25.575401,10.312926,-22.83864,-19.291519,-13.648607,-4.882917,-10.359378,-1.31094,-1.62587,222.811,28.252,0.9608,0.02294,0.47764,-3.737,0.156803,0.1533,0.110891,0.05434
data\raw\data_store\audio105\arctic_a0105(5).wav,audio105,arctic_a0105(5).wav,0105,5,-262.115112,69.9198,5.84925,21.999739,-20.453632,10.610127,-0.043722,-21.41227,-7.440086,-12.080588,-11.555558,1.272922,-9.210892,188.015,30.476,0.8413,0.03477,0.51609,-7.585,0.146332,0.151717,0.081242,0.058774
data\raw\data_store\audio105\arctic_a0105(6).wav,audio105,arctic_a0105(6).wav,0105,6,-245.378647,84.453026,12.776742,29.285295,-19.378721,-0.106182,-18.489439,-20.674171,-18.745071,-9.828954,-13.803193,-7.153576,-5.984446,241.216,41.11,0.9612,0.03676,0.44691,0.041,0.13432,0.163204,0.142416,0.076776
data\raw\data_store\audio105\arctic_a0105(7).wav,audio105,arctic_a0105(7).wav,0105,7,-223.817215,90.237541,15.538226,6.364543,-26.207932,13.319467,-16.445591,-8.4808,-9.231843,6.609398,-20.969902,10.235646,-11.636805,182.377,11.574,0.9908,0.02229,0.38389,2.262,0.170052,0.172213,0.111509,0.048723
data\raw\data_store\audio105\arctic_a0105.wav,audio105,arctic_a0105.wav,0105,0,-281.781067,88.624916,25.655304,10.085272,-20.706348,12.726274,-6.945759,-10.096722,-7.636107,-7.678737,-9.588101,-0.498121,-9.124161,184.495,18.043,0.9394,0.02243,0.31056,2.471,0.145496,0.188668,0.101494,0.060862
data\raw\data_store\audio106\arctic_a0106(1).wav,audio106,arctic_a0106(1).wav,0106,1,-196.936066,67.265091,5.46965,26.927065,-22.872299,8.023823,-17.113577,6.438028,-18.086309,0.931985,-12.314245,-1.133232,-6.226907,225.072,35.94,0.9371,0.04264,0.47854,-2.81,0.179164,0.15877,0.096619,0.048235
data\raw\data_store\audio106\arctic_a0106(3).wav,audio106,arctic_a0106(3).wav,0106,3,-188.984436,70.318382,21.956087,22.797888,-7.926389,0.537992,-12.39841,-3.402126,-13.59934,-2.606001,-7.259991,-2.128866,-5.607432,209.046,20.066,0.8455,0.03059,0.38776,3.22,0.170677,0.172427,0.117265,0.047641
data\raw\data_store\audio106\arctic_a0106(4).wav,audio106,arctic_a0106(4).wav,0106,4,-222.590363,73.906036,-6.667109,26.521683,-12.800613,-0.490945,-19.949448,-11.591478,-4.042756,-1.747117,-5.457569,-4.067006,-0.682327,211.868,24.741,0.8618,0.03343,0.45138,-0.262,0.190188,0.170439,0.093901,0.05132
data\raw\data_store\audio106\arctic_a0106(5).wav,audio106,arctic_a0106(5).wav,0106,5,-245.40567,54.450001,-10.658191,35.263691,-13.563395,7.674504,-6.132118,-19.630018,-6.112639,-10.989782,-10.923518,-0.738956,-10.465273,191.42,27.713,0.8095,0.03749,0.45195,-1.192,0.197274,0.163104,0.064819,0.038201
data\raw\data_store\audio106\arctic_a0106(6).wav,audio106,arctic_a0106(6).wav,0106,6,-223.552429,78.813873,4.945486,25.87743,-21.788906,-1.771621,-19.149534,-12.608433,-17.583033,-8.896576,-13.030278,-5.886854,-6.867422,238.659,32.075,0.9481,0.04112,0.48782,0.465,0.160756,0.160016,0.139064,0.078364
data\raw\data_store\audio106\arctic_a0106(7).wav,audio106,arctic_a0106(7).wav,0106,7,-206.072968,77.335342,3.351281,22.06666,-13.03548,2.378804,-18.076212,-6.669785,-7.8147,1.597951,-18.96718,3.659485,-10.726339,186.537,19.882,0.9492,0.03911,0.38825,0.215,0.177066,0.15138,0.12462,0.056494
data\raw\data_store\audio106\arctic_a0106.wav,audio106,arctic_a0106.wav,0106,0,-237.454147,65.680649,12.478056,27.094896,-11.030347,3.779824,-2.890872,-6.974153,-4.441576,-4.340558,-9.996787,0.671015,-10.63232,181.812,17.233,0.863,0.02988,0.34219,4.35,0.18107,0.188466,0.135998,0.079452
data\raw\data_store\audio107\arctic_a0107(1).wav,audio107,arctic_a0107(1).wav,0107,1,-234.878098,76.504097,-15.265201,31.720339,-35.956882,14.823062,-20.772089,9.67611,-20.222126,-4.978873,-11.617483,-11.330397,-5.018787,217.981,37.214,1.0,0.04181,0.36651,-6.723,0.107224,0.076134,0.082742,0.035683
data\raw\data_store\audio107\arctic_a0107(3).wav,audio107,arctic_a0107(3).wav,0107,3,-193.560516,89.636559,13.534474,38.310406,-16.88036,-3.394838,-6.519075,-9.086225,-16.884148,-6.816494,-3.64464,-5.360426,-4.239644,209.352,21.098,0.9048,0.01966,0.41388,1.997,0.086715,0.062488,0.139432,0.052238
data\raw\data_store\audio107\arctic_a0107(4).wav,audio107,arctic_a0107(4).wav,0107,4,-242.315094,86.526413,-10.590064,37.137005,-20.363718,-2.596022,-21.069691,-12.810475,-14.00923,-5.961929,-10.263746,-9.311117,-0.356331,227.766,34.044,1.0,0.02392,0.36321,1.15,0.114273,0.102172,0.114503,0.040913
data\raw\data_store\audio107\arctic_a0107(5).wav,audio107,arctic_a0107(5).wav,0107,5,-194.981445,78.419769,-20.805052,47.990116,-19.834066,-2.203088,3.936488,-30.274935,-6.383986,-19.327906,-10.487935,-2.502041,-16.094769,191.32,28.748,0.9831,0.02453,0.40933,-3.789,0.10562,0.056444,0.122018,0.052536
data\raw\data_store\audio107\arctic_a0107(6).wav,audio107,arctic_a0107(6).wav,0107,6,-219.938431,99.049255,-14.919146,28.806337,-29.722412,-0.829093,-16.721954,-16.094564,-20.476339,-12.749094,-12.916762,-13.725899,-9.294401,238.857,42.363,0.9872,0.02879,0.40257,-4.499,0.0915,0.073265,0.16283,0.078122
data\raw\data_store\audio107\arctic_a0107(7).wav,audio107,arctic_a0107(7).wav,0107,7,-194.639313,95.953896,-1.489474,28.716019,-20.922064,6.365249,-14.387974,-4.654721,-9.860888,0.310582,-20.004438,5.581189,-17.360165,181.657,15.893,1.0,0.01448,0.34466,2.948,0.102582,0.071653,0.167898,0.049693
data\raw\data_store\audio107\arctic_a0107.wav,audio107,arctic_a0107.wav,0107,0,-266.328094,95.264023,2.714105,39.221245,-20.004057,6.24921,-5.839194,-9.27796,-9.968699,-11.011239,-3.457875,-10.77583,-7.686926,189.592,22.692,1.0,0.01882,0.36703,3.477,0.092911,0.096343,0.145144,0.062394
data\raw\data_store\audio108\arctic_a0108(1).wav,audio108,arctic_a0108(1).wav,0108,1,-223.392807,64.523819,-8.288642,44.184147,-27.738518,-3.131996,-19.317013,7.095947,-17.986658,-4.168929,-11.434396,-5.326195,-4.277972,225.616,43.072,0.9667,0.03974,0.40811,-0.182,0.110082,0.106414,0.090971,0.045177
data\raw\data_store\audio108\arctic_a0108(3).wav,audio108,arctic_a0108(3).wav,0108,3,-210.318573,83.481125,23.092493,32.717346,-12.205131,-5.440755,-9.79744,-9.097828,-16.076342,-5.56694,-6.809028,-1.588097,-6.270099,194.746,32.512,0.9266,0.0295,0.45016,0.075,0.113346,0.118855,0.109596,0.040627
data\raw\data_store\audio108\arctic_a0108(4).wav,audio108,arctic_a0108(4).wav,0108,4,-226.460541,86.362747,-10.586002,35.53574,-22.66049,-10.991434,-22.891958,-11.072331,-9.142614,-7.564259,-8.739945,-7.1511,-2.51831,222.411,34.901,0.97,0.02016,0.46234,-1.409,0.116587,0.102331,0.104168,0.042152
data\raw\data_store\audio108\arctic_a0108(5).wav,audio108,arctic_a0108(5).wav,0108,5,-189.645126,84.815559,-20.806087,44.21096,-21.501541,-5.757378,-5.642961,-24.155327,-6.597157,-16.095669,-12.51282,0.591809,-14.565784,180.098,39.134,0.899,0.0445,0.4919,-5.853,0.128428,0.127153,0.104098,0.043181
data\raw\data_store\audio108\arctic_a0108(6).wav,audio108,arctic_a0108(6).wav,0108,6,-226.163696,91.295425,-10.052103,45.092064,-19.879936,-7.961189,-21.118177,-14.96329,-19.223145,-9.534701,-9.777569,-7.430101,-5.424383,223.497,28.079,0.9231,0.02691,0.46114,0.243,0.098568,0.111663,0.133719,0.066718
data\raw\data_store\audio108\arctic_a0108(7).wav,audio108,arctic_a0108(7).wav,0108,7,-205.698837,87.119781,10.927528,33.455311,-24.639883,-4.018424,-24.710836,-5.176075,-11.39729,-4.33172,-16.231049,5.308581,-14.08974,189.047,16.652,0.9792,0.02046,0.41546,2.325,0.097364,0.095764,0.128565,0.043866
data\raw\data_store\audio108\arctic_a0108.wav,audio108,arctic_a0108.wav,0108,0,-254.622894,88.738731,1.996829,42.784454,-21.492006,1.000124,-6.964198,-8.04321,-9.232882,-10.08189,-8.075995,-6.519265,-8.227279,184.167,19.593,0.9829,0.02233,0.31323,3.801,0.099929,0.12682,0.129017,0.043962
data\raw\data_store\audio109\arctic_a0109(1).wav,audio109,arctic_a0109(1).wav,0109,1,-216.746811,61.285557,-3.559134,41.166321,-34.224735,10.741951,-21.367771,10.364515,-25.337967,-5.91258,-14.746599,-5.886639,-4.912408,231.529,25.261,0.9643,0.0295,0.37514,1.96,0.120728,0.10163,0.103636,0.030658
data\raw\data_store\audio109\arctic_a0109(3).wav,audio109,arctic_a0109(3).wav,0109,3,-195.623856,78.307121,21.392635,45.914459,-16.052231,-3.604196,-13.331008,-8.423079,-16.834515,-7.58135,-7.931149,-4.726128,-1.466504,212.175,19.781,0.9872,0.02955,0.33126,5.3,0.09887,0.109323,0.142904,0.054174
data\raw\data_store\audio109\arctic_a0109(4).wav,audio109,arctic_a0109(4).wav,0109,4,-235.477127,70.652023,-12.968998,47.577106,-26.390421,-12.278376,-23.710453,-16.511267,-11.735303,-9.203221,-11.858251,-10.361323,-4.94422,254.274,46.614,0.987,0.03297,0.32281,-2.694,0.123589,0.105112,0.110777,0.048506
data\raw\data_store\audio109\arctic_a0109(5).wav,audio109,arctic_a0109(5).wav,0109,5,-195.503906,67.70845,-15.859089,54.626808,-16.165373,-2.069887,-1.610349,-23.284136,-9.63419,-20.79273,-13.263442,-4.914187,-15.732503,188.963,34.644,0.9867,0.0242,0.35172,-11.051,0.128212,0.114384,0.133402,0.070789
data\raw\data_store\audio109\arctic_a0109(6).wav,audio109,arctic_a0109(6).wav,0109,6,-248.663742,84.011108,-1.545156,44.032902,-20.980219,-7.217032,-20.098255,-19.366348,-22.296333,-14.734304,-11.013563,-15.679104,-8.145561,243.597,29.732,0.9798,0.02775,0.32512,-0.012,0.09613,0.111069,0.162175,0.074884
data\raw\data_store\audio109\arctic_a0109(7).wav,audio109,arctic_a0109(7).wav,0109,7,-191.851074,85.286949,11.298389,41.592548,-21.025902,-1.861909,-13.662573,-3.157331,-15.208967,-1.036347,-17.679657,2.93311,-14.112498,181.579,14.004,0.9873,0.01527,0.29678,5.299,0.101393,0.104009,0.170032,0.054535
data\raw\data_store\audio109\arctic_a0109.wav,audio109,arctic_a0109.wav,0109,0,-243.830627,79.144493,8.444756,47.967873,-20.657625,3.185453,-7.101315,-8.906301,-9.108085,-11.55773,-7.132171,-7.838887,-6.657653,184.899,20.23,0.9783,0.02065,0.27595,5.635,0.099437,0.120741,0.160245,0.067464
data\raw\data_store\audio11\arctic_a0011(1).wav,audio11,arctic_a0011(1).wav,0011,1,-240.468048,68.688652,-24.038122,46.480278,-38.965912,1.667554,-20.372324,11.626647,-18.40947,-0.204796,-11.856677,-9.274673,1.156087,240.429,35.369,0.9608,0.02771,0.32428,-2.32,0.10379,0.067694,0.074924,0.034612
data\raw\data_store\audio11\arctic_a0011(3).wav,audio11,arctic_a0011(3).wav,0011,3,-191.589249,89.145164,-3.723328,41.408924,-16.663517,-5.972532,-14.58709,-8.005194,-7.722482,-4.388934,-3.691344,-7.665689,-1.397867,228.89,30.159,0.9468,0.02229,0.2674,1.463,0.065788,0.037302,0.126774,0.044734
data\raw\data_store\audio11\arctic_a0011(4).wav,audio11,arctic_a0011(4).wav,0011,4,-211.286209,98.092865,-40.653362,33.559196,-19.409807,-10.756343,-16.645891,-13.195323,-2.555474,-6.514485,-6.014332,-6.690055,-2.112974,231.501,44.694,0.9263,0.02809,0.33678,-5.543,0.111146,0.078962,0.110182,0.04947
data\raw\data_store\audio11\arctic_a0011(5).wav,audio11,arctic_a0011(5).wav,0011,5,-246.922409,94.321259,-48.648586,38.046223,-21.194727,-12.443288,-8.819251,-22.336109,-0.265027,-12.692938,-15.663153,-4.605883,-9.372025,176.758,26.108,0.967,0.02019,0.39146,-4.119,0.10745,0.075278,0.067084,0.027826
data\raw\data_store\audio11\arctic_a0011(6).wav,audio11,arctic_a0011(6).wav,0011,6,-226.02832,99.747726,-26.329849,37.945091,-28.651333,-7.928682,-30.64629,-13.434151,-17.305853,-5.928614,-7.562549,-11.966325,-3.381756,218.331,31.23,0.9898,0.02871,0.33129,-1.793,0.089278,0.075803,0.127141,0.051931
data\raw\data_store\audio11\arctic_a0011(7).wav,audio11,arctic_a0011(7).wav,0011,7,-218.93399,99.299751,-19.359142,18.653763,-25.282522,-2.768617,-21.256165,-3.192767,-0.131058,-6.054964,-18.807608,1.243237,-17.855825,192.649,18.663,0.9889,0.01209,0.27032,0.039,0.091013,0.084027,0.130359,0.045996
data\raw\data_store\audio11\arctic_a0011.wav,audio11,arctic_a0011.wav,0011,0,-260.990204,110.501686,-18.332132,25.739777,-16.525133,-1.026547,-5.67884,-7.66105,0.925567,-11.758517,-10.089445,-6.405598,-11.706366,183.579,20.234,0.9804,0.01716,0.24511,1.144,0.0709,0.081015,0.125986,0.056378
data\raw\data_store\audio110\arctic_a0110(1).wav,audio110,arctic_a0110(1).wav,0110,1,-252.100403,50.067215,7.80407,36.87384,-19.207285,10.972409,-12.445561,13.501653,-19.852156,-2.243371,-15.466969,0.287448,-6.728755,205.445,16.989,0.7439,0.03413,0.41163,-3.398,0.208859,0.192326,0.069204,0.042186
data\raw\data_store\audio110\arctic_a0110(3).wav,audio110,arctic_a0110(3).wav,0110,3,-210.23468,69.615189,27.01722,34.145329,-15.024122,-3.471545,-13.710172,-5.127162,-12.599272,-0.73738,-6.594882,-2.264629,-3.436107,183.677,34.614,0.8551,0.05394,0.45229,0.242,0.178651,0.166177,0.092343,0.039273
data\raw\data_store\audio110\arctic_a0110(4).wav,audio110,arctic_a0110(4).wav,0110,4,-256.276581,81.649727,-5.551684,27.455101,-10.266555,0.639979,-20.306692,-6.15369,-6.042922,-0.031712,-9.603954,0.686927,-3.972878,199.565,27.608,0.9412,0.04352,0.48984,-2.213,0.164711,0.138411,0.065584,0.034696
data\raw\data_store\audio110\arctic_a0110(5).wav,audio110,arctic_a0110(5).wav,0110,5,-270.39856,52.253723,-0.455501,42.933796,-16.411505,4.500732,-3.980852,-14.128873,-6.982065,-9.565876,-11.20817,1.313933,-12.539554,170.667,22.343,0.863,0.04932,0.50433,-4.215,0.19624,0.174707,0.054076,0.038017
data\raw\data_store\audio110\arctic_a0110(6).wav,audio110,arctic_a0110(6).wav,0110,6,-276.987244,65.899109,10.01655,38.297081,-17.451139,0.117435,-14.100372,-13.920953,-13.477818,-7.912514,-16.428993,-5.41545,-6.687202,215.298,23.707,0.9059,0.04716,0.38133,4.632,0.139269,0.137386,0.104702,0.067712
data\raw\data_store\audio110\arctic_a0110(7).wav,audio110,arctic_a0110(7).wav,0110,7,-230.434082,77.562851,8.269092,37.298061,-21.286873,2.210071,-5.263462,2.205231,-11.213442,1.446091,-14.913755,2.03513,-9.774407,177.274,13.876,0.8701,0.032,0.42006,1.177,0.164751,0.177584,0.106845,0.055996
data\raw\data_store\audio110\arctic_a0110.wav,audio110,arctic_a0110.wav,0110,0,-257.93512,66.954445,6.126375,35.534595,-16.537365,8.216635,-4.884195,-5.977444,-1.940804,-6.940238,-8.516121,-2.662689,-9.176715,181.754,19.675,0.9079,0.0327,0.41259,3.261,0.162455,0.175665,0.102978,0.052101
data\raw\data_store\audio111\arctic_a0111(1).wav,audio111,arctic_a0111(1).wav,0111,1,-283.874939,49.967758,6.016559,46.248409,-27.104277,6.35441,-15.234167,10.570971,-20.594629,-2.054945,-13.185906,-3.364671,-1.920853,234.757,45.262,0.7867,0.04232,0.3938,-3.474,0.14729,0.141148,0.059832,0.041264
data\raw\data_store\audio111\arctic_a0111(3).wav,audio111,arctic_a0111(3).wav,0111,3,-237.315369,82.096001,17.719509,44.837639,-15.882416,-4.176828,-12.11768,-9.160975,-14.594438,-7.866162,-2.722202,-4.254306,-4.602852,206.284,18.334,0.9065,0.0267,0.44785,1.068,0.113314,0.102718,0.07626,0.03408
data\raw\data_store\audio111\arctic_a0111(4).wav,audio111,arctic_a0111(4).wav,0111,4,-247.129578,81.084549,-8.906326,53.446106,-24.513697,-11.614477,-19.582987,-10.026865,-9.01934,-4.184355,-7.380294,-1.835881,-0.212731,228.946,27.574,0.9778,0.02873,0.47153,-1.783,0.123484,0.072955,0.064528,0.03656
data\raw\data_store\audio111\arctic_a0111(5).wav,audio111,arctic_a0111(5).wav,0111,5,-255.551529,61.733841,-1.401867,56.895981,-15.030142,0.031215,-4.0364,-18.997837,-6.491045,-14.009304,-9.623858,-1.390206,-11.149244,188.608,29.324,0.7826,0.04745,0.4705,-2.118,0.143,0.124237,0.07282,0.048365
data\raw\data_store\audio111\arctic_a0111(6).wav,audio111,arctic_a0111(6).wav,0111,6,-261.670837,78.92337,-0.787215,46.329456,-18.797865,-4.336695,-15.4244,-16.228281,-17.907053,-13.095779,-10.109422,-7.642949,-4.647394,221.453,28.188,0.8889,0.03305,0.47087,0.475,0.095846,0.084202,0.118602,0.077511
data\raw\data_store\audio111\arctic_a0111(7).wav,audio111,arctic_a0111(7).wav,0111,7,-225.865204,83.653168,13.063327,40.286102,-26.775642,2.512187,-15.655796,-8.080563,-10.672944,-3.355844,-16.38018,0.378846,-10.294755,187.682,18.555,0.8972,0.02525,0.40286,2.127,0.114732,0.119422,0.117773,0.043812
data\raw\data_store\audio111\arctic_a0111.wav,audio111,arctic_a0111.wav,0111,0,-270.269348,79.6847,12.114732,42.268482,-17.081669,2.745292,-4.119812,-7.724465,-6.564816,-11.507495,-4.999725,-6.37091,-11.169742,188.321,19.35,0.9483,0.02699,0.38442,6.005,0.116939,0.150615,0.112943,0.055387
data\raw\data_store\audio112\arctic_a0112(1).wav,audio112,arctic_a0112(1).wav,0112,1,-240.197128,83.321465,-6.403996,40.709038,-21.832489,11.447683,-19.998684,4.133063,-16.700579,-6.43545,-11.021162,-9.236363,-3.309201,225.84,31.265,0.9608,0.02665,0.3334,-1.594,0.061918,0.041677,0.1095,0.050747
data\raw\data_store\audio112\arctic_a0112(3).wav,audio112,arctic_a0112(3).wav,0112,3,-231.825256,92.965691,23.491663,34.873993,-4.015939,0.20987,-12.742685,-12.840359,-14.984773,-12.15709,-7.302478,-5.567433,-2.960569,207.99,22.581,1.0,0.01594,0.29547,4.309,0.065197,0.06587,0.154857,0.038618
data\raw\data_store\audio112\arctic_a0112(4).wav,audio112,arctic_a0112(4).wav,0112,4,-212.599655,105.565926,-22.854044,35.583527,-10.297842,-1.537508,-24.574057,-27.501129,-7.373869,-12.521066,-10.920035,-8.096224,2.332264,227.072,27.405,0.9767,0.02164,0.36505,2.029,0.087966,0.066635,0.152207,0.049014
data\raw\data_store\audio112\arctic_a0112(5).wav,audio112,arctic_a0112(5).wav,0112,5,-202.416107,87.729134,-16.277016,29.963617,-3.189375,9.302963,-2.721783,-24.555422,-10.043614,-15.962658,-25.561626,-7.483466,-17.974739,178.218,35.89,0.9767,0.0351,0.40073,-10.913,0.084047,0.065437,0.138793,0.054779
data\raw\data_store\audio112\arctic_a0112(6).wav,audio112,arctic_a0112(6).wav,0112,6,-235.300827,89.768311,-8.909225,30.326235,-19.181969,-1.754279,-18.780567,-15.186323,-22.098877,-13.284122,-12.56212,-13.092151,-7.653106,225.394,34.418,1.0,0.03087,0.30162,-1.692,0.051816,0.02426,0.177183,0.074479
data\raw\data_store\audio112\arctic_a0112(7).wav,audio112,arctic_a0112(7).wav,0112,7,-215.892273,101.154091,3.786706,26.811974,-11.586828,9.126074,-17.883726,-7.522403,-15.272381,-2.267834,-20.014326,-3.459622,-6.446772,186.246,18.125,1.0,0.01476,0.29534,3.202,0.049745,0.024725,0.195488,0.049712
data\raw\data_store\audio112\arctic_a0112.wav,audio112,arctic_a0112.wav,0112,0,-243.510223,92.341469,7.25638,34.86031,-14.364013,11.50749,-5.537678,-10.603468,-10.27895,-11.860845,-6.769433,-8.274994,-10.661781,191.313,23.916,1.0,0.01959,0.26874,5.722,0.054895,0.052183,0.214407,0.081113
data\raw\data_store\audio113\arctic_a0113(1).wav,audio113,arctic_a0113(1).wav,0113,1,-230.31459,67.954834,-2.564534,31.053104,-30.386448,11.928306,-22.141384,10.270834,-23.364202,1.174872,-11.473047,-4.625975,-3.554209,226.48,30.305,0.9541,0.02883,0.44109,-2.066,0.125172,0.131828,0.086263,0.036509
data\raw\data_store\audio113\arctic_a0113(3).wav,audio113,arctic_a0113(3).wav,0113,3,-219.893555,92.797417,23.88418,21.899038,-4.381382,-2.59365,-5.593973,-6.192053,-14.054154,-1.689067,-5.40295,-4.853099,-6.232237,203.71,22.502,0.8646,0.0251,0.38859,0.418,0.113021,0.156539,0.117738,0.05522
data\raw\data_store\audio113\arctic_a0113(4).wav,audio113,arctic_a0113(4).wav,0113,4,-246.841904,99.55426,-2.83642,32.931618,-18.525455,-5.330536,-22.200905,-10.693356,-9.333342,-2.926039,-10.30807,-7.624783,1.39828,233.585,33.967,0.9487,0.02044,0.51757,-2.256,0.08477,0.090293,0.08648,0.035629
data\raw\data_store\audio113\arctic_a0113(5).wav,audio113,arctic_a0113(5).wav,0113,5,-337.489502,78.714645,1.577011,34.753872,-4.673023,8.439225,-0.255001,-11.362878,-2.047787,-8.387825,-4.360158,-1.784268,-8.664941,164.98,45.531,0.7946,0.04749,0.47969,-8.14,0.116252,0.134154,0.035305,0.025483
data\raw\data_store\audio113\arctic_a0113(6).wav,audio113,arctic_a0113(6).wav,0113,6,-256.584656,103.183403,4.898648,32.035656,-26.390148,-2.064351,-19.622646,-14.540564,-19.857878,-11.508562,-8.614678,-11.063258,-6.135003,226.674,25.731,1.0,0.02959,0.44926,1.03,0.080576,0.094142,0.124538,0.05363
data\raw\data_store\audio113\arctic_a0113(7).wav,audio113,arctic_a0113(7).wav,0113,7,-232.837234,95.839111,12.960136,27.643152,-21.405167,-3.059473,-16.112463,-4.33445,-13.148229,2.844937,-16.484076,5.731345,-12.487009,185.696,17.126,1.0,0.02027,0.35547,-0.063,0.095901,0.106635,0.111599,0.034562
data\raw\data_store\audio113\arctic_a0113.wav,audio113,arctic_a0113.wav,0113,0,-233.065826,102.199371,6.90354,33.732403,-18.542156,7.02698,-10.632914,-8.027085,-13.734409,-6.906603,-3.383394,-7.854993,-6.738316,189.838,25.14,0.9684,0.02003,0.30913,2.02,0.08003,0.112761,0.166245,0.060098
data\raw\data_store\audio114\arctic_a0114(1).wav,audio114,arctic_a0114(1).wav,0114,1,-241.136292,52.579159,1.920208,28.861115,-11.574726,3.325793,-16.321842,9.326551,-14.343993,1.949998,-11.918926,3.32006,-3.565812,234.473,51.022,0.8632,0.04218,0.43884,-0.009,0.198607,0.191876,0.080515,0.04894
data\raw\data_store\audio114\arctic_a0114(3).wav,audio114,arctic_a0114(3).wav,0114,3,-189.976486,72.680382,19.823631,20.221266,-12.375909,6.361488,-16.211796,-9.709184,-12.12968,-5.229035,-6.91545,2.89592,-5.429301,201.4,12.727,0.6667,0.02748,0.39715,2.332,0.192555,0.168905,0.107239,0.047549
data\raw\data_store\audio114\arctic_a0114(4).wav,audio114,arctic_a0114(4).wav,0114,4,-203.910629,78.135689,-7.104403,21.495052,-20.043724,1.745908,-30.28281,-10.70547,-4.675923,-5.025884,-12.560592,1.961792,-3.340175,232.985,25.229,0.913,0.02736,0.48318,1.191,0.206288,0.167656,0.1127,0.045344
data\raw\data_store\audio114\arctic_a0114(5).wav,audio114,arctic_a0114(5).wav,0114,5,-197.891495,66.414825,-8.834275,23.209469,-10.427873,7.529203,-8.749857,-23.223185,-2.645493,-17.095421,-9.418617,4.634672,-12.281379,183.246,29.102,0.7867,0.0482,0.4291,-5.88,0.21441,0.175386,0.113119,0.059266
data\raw\data_store\audio114\arctic_a0114(6).wav,audio114,arctic_a0114(6).wav,0114,6,-229.444687,52.632587,2.397347,34.699184,-22.592497,-0.380021,-20.016403,-15.013916,-16.39484,-8.658815,-11.007727,-3.501409,-6.895235,243.845,30.226,0.8706,0.02812,0.37558,0.793,0.175016,0.164083,0.14366,0.092946
data\raw\data_store\audio114\arctic_a0114(7).wav,audio114,arctic_a0114(7).wav,0114,7,-209.57225,74.872261,8.540771,14.934381,-18.985598,4.187014,-28.857534,-3.409171,-6.924227,0.705194,-14.832027,9.157196,-10.063594,184.019,13.415,0.9014,0.02226,0.39703,1.881,0.229419,0.176244,0.115697,0.050145
data\raw\data_store\audio114\arctic_a0114.wav,audio114,arctic_a0114.wav,0114,0,-234.04834,63.913483,6.786816,25.441917,-15.618615,12.670512,-19.757723,-6.617351,-6.608577,-5.142565,-8.362001,0.658466,-5.701391,195.507,20.297,0.8588,0.03701,0.37519,4.33,0.212577,0.196809,0.1229,0.064149
data\raw\data_store\audio115\arctic_a0115(1).wav,audio115,arctic_a0115(1).wav,0115,1,-205.943695,51.178669,3.392545,39.447861,-21.724018,5.758162,-18.348387,7.369145,-16.632839,-2.951884,-12.501527,-5.356401,-5.405846,217.742,33.843,0.9268,0.02862,0.41119,-3.435,0.185485,0.185672,0.106026,0.048757
data\raw\data_store\audio115\arctic_a0115(3).wav,audio115,arctic_a0115(3).wav,0115,3,-230.199509,73.892128,24.049398,28.165705,-2.028675,-2.882599,-11.844626,-4.087845,-12.834264,-4.282949,-9.704709,-0.836298,-6.028701,209.562,27.687,0.9208,0.03003,0.40849,0.31,0.136452,0.141418,0.0939,0.042002
data\raw\data_store\audio115\arctic_a0115(4).wav,audio115,arctic_a0115(4).wav,0115,4,-239.065689,67.816673,-5.523363,36.325062,-12.801535,-4.766505,-28.544048,-10.505026,-8.039645,-4.158576,-12.199573,-4.816531,-0.847337,224.474,31.065,0.9565,0.02371,0.39621,0.773,0.162703,0.151827,0.098975,0.047986
data\raw\data_store\audio115\arctic_a0115(5).wav,audio115,arctic_a0115(5).wav,0115,5,-229.554031,65.697487,-14.821227,35.963215,-4.090581,0.472527,-8.731921,-20.723248,-6.826447,-16.808519,-12.869685,-3.330963,-12.714531,185.229,31.923,0.9375,0.03784,0.40624,-6.569,0.196751,0.181347,0.082165,0.042784
data\raw\data_store\audio115\arctic_a0115(6).wav,audio115,arctic_a0115(6).wav,0115,6,-234.022949,79.606911,0.235689,38.187248,-18.525682,-1.703599,-23.364511,-15.524516,-22.306261,-8.306604,-11.06694,-14.917604,-5.571444,230.983,27.351,0.9643,0.02981,0.38333,1.227,0.10919,0.125751,0.13778,0.05971
data\raw\data_store\audio115\arctic_a0115(7).wav,audio115,arctic_a0115(7).wav,0115,7,-220.981628,77.141441,4.198354,31.541521,-10.103412,1.328014,-24.737658,-1.941329,-10.315344,1.289613,-16.530199,6.283369,-11.935333,180.555,15.325,0.9375,0.02491,0.33499,1.009,0.158522,0.14435,0.12153,0.052451
data\raw\data_store\audio115\arctic_a0115.wav,audio115,arctic_a0115.wav,0115,0,-232.804031,72.421539,3.183376,36.721722,-12.116149,6.870527,-17.615026,-3.092392,-11.741387,-6.374186,-7.938787,-2.640078,-6.09438,180.63,21.714,0.9381,0.03207,0.34565,3.471,0.147573,0.164586,0.136959,0.058661
data\raw\data_store\audio116\arctic_a0116(1).wav,audio116,arctic_a0116(1).wav,0116,1,-222.95517,72.073853,-9.29581,17.23325,-30.191587,4.959162,-23.57164,-0.52763,-19.216015,-6.192829,-14.476494,-9.06276,-1.265375,263.497,50.689,0.9752,0.0441,0.37349,-3.018,0.133355,0.140006,0.116471,0.045385
data\raw\data_store\audio116\arctic_a0116(3).wav,audio116,arctic_a0116(3).wav,0116,3,-205.528549,93.803223,15.946753,24.650162,-0.888778,1.915421,-16.821791,-9.931458,-17.284304,-6.931006,-7.023135,-1.672241,-4.608502,205.829,14.642,0.8611,0.01916,0.34646,3.546,0.104445,0.121748,0.137257,0.04738
data\raw\data_store\audio116\arctic_a0116(4).wav,audio116,arctic_a0116(4).wav,0116,4,-246.827545,87.269577,-15.506438,25.265196,-11.309478,-1.521935,-30.879477,-15.952928,-6.00792,-8.980602,-8.748218,-6.730743,-0.498252,240.822,33.774,0.9138,0.02747,0.39434,0.315,0.114846,0.091927,0.099502,0.04366
data\raw\data_store\audio116\arctic_a0116(5).wav,audio116,arctic_a0116(5).wav,0116,5,-237.903931,74.300194,-20.463644,33.878963,-8.328946,5.703442,-12.205592,-27.123985,-7.218435,-18.514965,-11.007915,-5.23365,-9.488846,186.854,25.276,0.9429,0.03108,0.47012,-1.767,0.145899,0.116288,0.077786,0.039253
data\raw\data_store\audio116\arctic_a0116(6).wav,audio116,arctic_a0116(6).wav,0116,6,-224.793884,95.318489,7.618945,20.008541,-18.537899,5.99818,-21.858047,-11.175263,-17.566448,-9.270482,-13.962912,-7.910376,-4.747621,217.426,27.868,0.9661,0.03017,0.39808,0.254,0.087728,0.102224,0.148453,0.063428
data\raw\data_store\audio116\arctic_a0116(7).wav,audio116,arctic_a0116(7).wav,0116,7,-204.055862,94.93055,3.23961,17.082438,-6.406989,0.256285,-27.044498,-2.764221,-13.887534,-1.36955,-13.242404,1.474291,-7.061697,182.428,11.602,0.9902,0.01989,0.34267,2.461,0.128722,0.118041,0.144174,0.054041
data\raw\data_store\audio116\arctic_a0116.wav,audio116,arctic_a0116.wav,0116,0,-241.761566,86.600647,7.567471,32.324947,-10.144359,9.785499,-16.808678,-7.885238,-8.358875,-10.676357,-3.344098,-5.5606,-4.665922,182.968,13.079,0.976,0.02114,0.3349,6.539,0.114556,0.132321,0.144906,0.052124
data\raw\data_store\audio117\arctic_a0117(1).wav,audio117,arctic_a0117(1).wav,0117,1,-208.735001,50.298275,9.793272,43.59193,-25.04167,-2.861895,-14.885221,8.888909,-24.317476,-4.682727,-13.752024,-4.840531,-6.326324,227.407,36.087,0.8966,0.04136,0.44332,-2.194,0.169159,0.186249,0.100245,0.04012
data\raw\data_store\audio117\arctic_a0117(3).wav,audio117,arctic_a0117(3).wav,0117,3,-200.01503,74.921371,28.555542,34.501999,-2.033187,-8.865091,-5.649467,-5.145355,-13.714013,-6.519397,-7.400145,1.386955,-5.330839,193.217,35.059,0.7596,0.04095,0.44246,0.154,0.147368,0.167098,0.116055,0.049438
data\raw\data_store\audio117\arctic_a0117(4).wav,audio117,arctic_a0117(4).wav,0117,4,-247.321487,78.223289,-0.323496,42.250813,-15.368901,-10.580904,-18.365595,-9.235178,-10.832036,-7.862641,-9.734538,-1.300247,-2.225449,222.042,24.288,0.9238,0.02432,0.47172,-1.882,0.126673,0.110305,0.09397,0.045792
data\raw\data_store\audio117\arctic_a0117(5).wav,audio117,arctic_a0117(5).wav,0117,5,-274.351593,59.168652,-5.012198,52.414585,-11.433781,2.474436,-3.667724,-17.716948,-7.80281,-15.921688,-12.468844,-1.231888,-10.432697,179.332,26.438,0.9208,0.02371,0.44292,-4.033,0.170576,0.166237,0.051503,0.030322
data\raw\data_store\audio117\arctic_a0117(6).wav,audio117,arctic_a0117(6).wav,0117,6,-242.690735,72.513008,0.857602,45.303829,-14.28266,-7.515865,-16.683741,-14.04525,-19.230898,-11.153883,-13.693466,-5.620135,-5.288531,227.64,39.572,0.9273,0.04691,0.45829,-3.745,0.13413,0.144707,0.126537,0.070452
data\raw\data_store\audio117\arctic_a0117(7).wav,audio117,arctic_a0117(7).wav,0117,7,-217.214096,72.883995,17.153845,28.824398,-15.083495,-5.784119,-12.603344,-1.27238,-11.555251,0.426748,-16.853649,6.787036,-12.972247,183.366,10.702,0.798,0.01778,0.37363,3.635,0.163168,0.181318,0.116923,0.050434
data\raw\data_store\audio117\arctic_a0117.wav,audio117,arctic_a0117.wav,0117,0,-233.498093,63.124683,20.415346,43.426472,-16.974714,3.612165,-6.492406,-1.309904,-13.046514,-7.624207,-8.300673,-0.203503,-7.617046,185.065,14.044,0.885,0.02529,0.35634,6.897,0.166576,0.187742,0.133498,0.063664
data\raw\data_store\audio118\arctic_a0118(1).wav,audio118,arctic_a0118(1).wav,0118,1,-229.523163,70.253746,-11.592566,54.997765,-32.677082,-2.013305,-22.749548,10.526715,-26.763668,-5.364786,-7.790597,-4.800785,2.475238,221.251,40.802,1.0,0.02838,0.35674,-4.272,0.103279,0.113618,0.092452,0.039007
data\raw\data_store\audio118\arctic_a0118(3).wav,audio118,arctic_a0118(3).wav,0118,3,-229.564911,84.640289,12.751451,43.874676,-4.853423,-11.063151,-13.421282,-5.052566,-13.435247,-8.454666,-1.662164,-6.012392,-5.433911,203.236,27.381,0.9844,0.02545,0.27707,-3.483,0.078296,0.076282,0.112034,0.046825
data\raw\data_store\audio118\arctic_a0118(4).wav,audio118,arctic_a0118(4).wav,0118,4,-211.10376,84.92276,-28.049877,49.259018,-19.370462,-17.101259,-26.094152,-12.990044,-8.645964,-11.848143,-2.306207,-7.673428,-0.349178,228.785,27.506,1.0,0.01256,0.30284,-4.345,0.084713,0.060002,0.137991,0.05259
data\raw\data_store\audio118\arctic_a0118(5).wav,audio118,arctic_a0118(5).wav,0118,5,-171.303558,79.577309,-30.097527,56.794762,-11.006375,-8.019764,-2.219924,-23.41596,-6.582192,-22.367079,-2.858671,-3.956767,-14.902683,182.509,29.209,0.9167,0.03373,0.36615,-4.061,0.124887,0.115261,0.142964,0.05716
data\raw\data_store\audio118\arctic_a0118(6).wav,audio118,arctic_a0118(6).wav,0118,6,-232.614532,101.52066,7.648323,48.393997,-20.765694,-8.347197,-19.580591,-18.452232,-17.811565,-7.939729,-10.159487,-9.345627,-0.915062,211.033,27.667,1.0,0.02152,0.37067,-1.872,0.045109,0.013385,0.169181,0.078357
data\raw\data_store\audio118\arctic_a0118(7).wav,audio118,arctic_a0118(7).wav,0118,7,-210.798691,93.822128,-10.509968,32.617275,-17.853235,-11.000677,-21.742945,1.964844,-9.943265,1.190682,-12.932779,2.982282,-12.432938,182.181,13.592,1.0,0.009,0.30615,-2.182,0.077913,0.055098,0.129804,0.048908
data\raw\data_store\audio118\arctic_a0118.wav,audio118,arctic_a0118.wav,0118,0,-214.896118,90.20359,-3.012526,49.840767,-22.356611,4.249434,-14.70837,-4.550742,-12.614947,-9.496561,-5.07174,-6.45253,-5.337279,182.1,20.112,1.0,0.01591,0.32696,3.016,0.067142,0.066509,0.169665,0.054366
data\raw\data_store\audio119\arctic_a0119(1).wav,audio119,arctic_a0119(1).wav,0119,1,-267.473053,69.940964,2.413946,29.693781,-26.399498,15.12327,-16.876816,-1.705488,-23.189995,-8.811679,-8.061668,-6.726799,-1.60687,233.795,30.854,0.9012,0.03302,0.36892,-0.197,0.136028,0.150466,0.088417,0.038425
data\raw\data_store\audio119\arctic_a0119(3).wav,audio119,arctic_a0119(3).wav,0119,3,-189.234314,88.204826,9.419137,27.879124,-6.674235,-3.051491,-10.870317,-11.102124,-11.394642,-4.884194,-5.412685,-3.498732,-8.194343,211.963,23.942,0.9344,0.02877,0.23836,1.169,0.105332,0.115456,0.166416,0.057099
data\raw\data_store\audio119\arctic_a0119(4).wav,audio119,arctic_a0119(4).wav,0119,4,-232.129135,100.97216,-18.434879,13.926019,-14.489901,-0.749303,-19.524979,-13.560704,-8.066964,-3.227484,-11.763953,-4.736059,-2.561289,220.931,26.893,0.9365,0.02171,0.28801,-0.646,0.106379,0.105066,0.11441,0.044826
data\raw\data_store\audio119\arctic_a0119(5).wav,audio119,arctic_a0119(5).wav,0119,5,-215.744965,69.553635,-31.052448,37.157745,-12.118985,2.043636,-6.455385,-20.350693,-11.02007,-13.296455,-11.164867,-1.215475,-15.197734,187.407,35.311,0.8421,0.021,0.28532,-5.844,0.152768,0.147032,0.088699,0.041487
data\raw\data_store\audio119\arctic_a0119(6).wav,audio119,arctic_a0119(6).wav,0119,6,-226.713333,81.306259,9.16218,21.892296,-27.733028,1.916609,-18.735588,-18.433599,-19.270859,-10.205956,-14.253375,-10.734857,-7.128742,229.789,35.411,0.9559,0.03355,0.28304,-2.301,0.121758,0.153424,0.190937,0.09536
data\raw\data_store\audio119\arctic_a0119(7).wav,audio119,arctic_a0119(7).wav,0119,7,-199.936356,90.661201,-10.443496,18.12929,-15.795066,0.171012,-11.72231,-2.018762,-7.057535,0.354154,-13.089069,-2.41853,-8.275966,190.997,19.86,0.9667,0.02574,0.25458,0.228,0.118173,0.129403,0.172415,0.077087
data\raw\data_store\audio119\arctic_a0119.wav,audio119,arctic_a0119.wav,0119,0,-214.741882,68.948669,-5.690993,29.172085,-17.352631,8.783827,-6.417387,-7.621422,-6.093798,-8.364623,-7.020345,0.099314,-8.092031,188.121,24.435,0.9714,0.0195,0.24848,2.816,0.130822,0.160696,0.184018,0.077955
data\raw\data_store\audio12\arctic_a0012(1).wav,audio12,arctic_a0012(1).wav,0012,1,-259.758484,48.623554,-5.270035,32.207821,-14.884411,-0.604136,-24.138021,6.925055,-20.981094,-0.684279,-14.077374,-4.143421,-4.713192,231.954,29.993,0.9524,0.03629,0.47303,-3.002,0.197491,0.166683,0.061201,0.030139
data\raw\data_store\audio12\arctic_a0012(3).wav,audio12,arctic_a0012(3).wav,0012,3,-188.070618,57.72945,24.497257,33.77747,-10.08654,-4.312826,-16.197147,-3.450108,-15.152488,1.964822,-5.337425,-2.141352,-4.830531,232.728,28.648,0.7444,0.02443,0.53866,-1.563,0.183338,0.158175,0.105761,0.042672
data\raw\data_store\audio12\arctic_a0012(4).wav,audio12,arctic_a0012(4).wav,0012,4,-223.417877,61.542809,-13.71215,39.832058,-13.996346,-9.770028,-18.596916,-8.003803,-8.373338,-7.572192,-4.33805,-2.667333,-3.131105,237.664,34.891,0.875,0.03365,0.52754,-2.537,0.218268,0.168269,0.084041,0.04459
data\raw\data_store\audio12\arctic_a0012(5).wav,audio12,arctic_a0012(5).wav,0012,5,-244.546463,52.286854,-6.037512,42.341984,-5.796258,-3.573188,-16.215057,-17.217943,-8.765297,-13.404682,-16.249546,0.889456,-10.091076,174.496,26.98,0.9342,0.0273,0.48822,-4.517,0.22071,0.175042,0.068884,0.035079
data\raw\data_store\audio12\arctic_a0012(6).wav,audio12,arctic_a0012(6).wav,0012,6,-246.401382,69.239067,4.638632,38.03965,-9.060794,-10.785488,-29.337774,-6.149974,-18.443979,-4.933428,-15.033034,-6.567903,-6.859808,217.863,24.913,0.9773,0.04376,0.40718,-2.061,0.172108,0.154878,0.097831,0.050966
data\raw\data_store\audio12\arctic_a0012(7).wav,audio12,arctic_a0012(7).wav,0012,7,-204.606567,66.49366,2.641599,27.617552,-16.034269,-6.859126,-25.609966,-1.931943,-11.960268,-4.037475,-14.429961,2.987267,-12.163727,193.731,17.132,0.9747,0.03118,0.41637,1.505,0.207656,0.175548,0.11888,0.055841
data\raw\data_store\audio12\arctic_a0012.wav,audio12,arctic_a0012.wav,0012,0,-245.30513,62.233444,15.757298,33.179951,-11.591694,-1.908269,-9.457163,-4.061795,-9.812506,-10.416247,-7.016594,-0.858145,-10.734415,201.66,21.641,0.9175,0.02755,0.43707,2.048,0.197082,0.191267,0.114475,0.062911
data\raw\data_store\audio120\arctic_a0120(1).wav,audio120,arctic_a0120(1).wav,0120,1,-247.144318,56.598866,-6.275705,38.586521,-22.594088,-1.206907,-17.622669,9.231769,-16.866184,-1.430967,-10.116345,-3.1249,-5.029564,215.432,31.688,0.8707,0.03577,0.4584,-5.77,0.137242,0.110885,0.064051,0.037505
data\raw\data_store\audio120\arctic_a0120(3).wav,audio120,arctic_a0120(3).wav,0120,3,-182.762054,79.449448,11.690503,31.695154,-11.490235,-2.186038,-15.631136,-4.520557,-14.120779,-3.031495,-7.966404,-3.447082,-5.013193,213.603,19.98,0.8495,0.02774,0.42341,2.941,0.100366,0.079269,0.117084,0.050356
data\raw\data_store\audio120\arctic_a0120(4).wav,audio120,arctic_a0120(4).wav,0120,4,-234.627106,85.20092,-16.160334,31.899605,-12.711731,-3.886214,-20.752914,-13.596395,-7.178976,-1.030258,-8.472888,-4.816116,-2.271845,217.953,18.589,0.913,0.02578,0.44665,2.174,0.152926,0.11443,0.07892,0.03782
data\raw\data_store\audio120\arctic_a0120(5).wav,audio120,arctic_a0120(5).wav,0120,5,-244.787628,72.920868,-22.569252,34.501591,-15.434907,-1.040106,-8.404805,-19.734381,-7.383476,-10.850111,-12.675615,-2.28372,-13.928429,174.601,18.661,0.8667,0.02643,0.55027,-2.276,0.174521,0.136798,0.058111,0.032943
data\raw\data_store\audio120\arctic_a0120(6).wav,audio120,arctic_a0120(6).wav,0120,6,-210.519211,80.389999,-12.307654,44.544449,-16.927952,-6.687144,-18.923086,-10.248383,-14.759092,-8.686686,-12.775985,-7.802715,-7.830046,221.719,39.139,0.9524,0.04123,0.39848,0.205,0.095099,0.083795,0.140318,0.067094
data\raw\data_store\audio120\arctic_a0120(7).wav,audio120,arctic_a0120(7).wav,0120,7,-223.149124,85.73333,-1.540002,25.375631,-17.808046,-0.838401,-17.9459,-7.036956,-10.58108,0.563067,-19.486099,4.084385,-11.994251,189.644,19.863,0.9438,0.02552,0.40761,3.193,0.138051,0.116923,0.101948,0.046359
data\raw\data_store\audio120\arctic_a0120.wav,audio120,arctic_a0120.wav,0120,0,-233.57045,80.535789,-2.203421,38.723301,-16.771305,4.187556,-10.035373,-3.609719,-7.077862,-4.910393,-8.296681,-3.664585,-9.453942,181.435,15.519,0.9412,0.0251,0.38256,6.019,0.126794,0.125732,0.118231,0.055185
data\raw\data_store\audio121\arctic_a0121(1).wav,audio121,arctic_a0121(1).wav,0121,1,-298.536835,63.062973,4.299562,34.125378,-14.131989,3.355699,-13.066572,9.401386,-13.599215,-0.807556,-7.086212,0.455732,-2.33277,221.198,41.821,0.6806,0.04401,0.54789,-1.521,0.117561,0.132851,0.057198,0.045579
data\raw\data_store\audio121\arctic_a0121(3).wav,audio121,arctic_a0121(3).wav,0121,3,-211.692978,78.307014,14.426884,33.856144,-8.540102,-5.524373,-11.966269,-3.993016,-11.954736,-6.340688,-7.330354,-1.267369,-3.025671,219.836,23.778,0.866,0.03611,0.43801,1.961,0.133275,0.145881,0.097689,0.051481
data\raw\data_store\audio121\arctic_a0121(4).wav,audio121,arctic_a0121(4).wav,0121,4,-200.587036,72.597076,-10.729365,39.746143,-14.362737,-10.660039,-25.309214,-10.038728,-13.507077,-0.748068,-8.871977,-0.859196,-3.875654,233.176,25.5,0.9268,0.02472,0.44616,1.369,0.166861,0.133926,0.11004,0.057731
data\raw\data_store\audio121\arctic_a0121(5).wav,audio121,arctic_a0121(5).wav,0121,5,-210.563293,63.347111,-18.022654,37.727497,-13.132576,-2.277836,-12.078459,-16.587444,-6.585526,-13.473683,-13.606783,-2.236423,-11.167954,184.69,24.074,0.8298,0.03993,0.50353,-3.681,0.179487,0.139145,0.088671,0.061806
data\raw\data_store\audio121\arctic_a0121(6).wav,audio121,arctic_a0121(6).wav,0121,6,-220.56015,89.047249,-6.705099,39.097618,-18.779665,-5.09902,-21.053867,-12.180421,-16.469902,-8.901831,-12.902148,-4.68904,-3.312526,217.424,26.624,0.9425,0.04708,0.4319,0.275,0.133265,0.121139,0.126369,0.06952
data\raw\data_store\audio121\arctic_a0121(7).wav,audio121,arctic_a0121(7).wav,0121,7,-218.924545,62.808609,0.097461,26.404295,-17.138729,-0.354379,-18.281128,-0.562079,-8.97787,3.598303,-15.32809,5.000874,-8.48597,200.265,24.214,0.8925,0.04681,0.40672,0.757,0.18705,0.157847,0.106656,0.058732
data\raw\data_store\audio121\arctic_a0121.wav,audio121,arctic_a0121.wav,0121,0,-233.645157,72.277863,0.131291,39.745987,-15.438182,-2.835761,-11.345796,-1.486338,-5.171659,-4.343699,-6.286422,-0.072898,-8.367512,186.916,20.597,0.9255,0.03082,0.32578,4.313,0.133691,0.11894,0.127509,0.07434
data\raw\data_store\audio122\arctic_a0122(1).wav,audio122,arctic_a0122(1).wav,0122,1,-213.299286,55.571938,-4.384726,29.993008,-26.618219,3.377791,-28.545006,4.942676,-26.148001,-3.68481,-13.543267,-8.842176,-3.502583,226.827,44.515,0.9787,0.03335,0.36729,-7.355,0.130344,0.12413,0.095953,0.038825
data\raw\data_store\audio122\arctic_a0122(3).wav,audio122,arctic_a0122(3).wav,0122,3,-198.062866,78.583542,25.605719,30.212364,-2.633408,-6.898649,-14.424031,-5.273843,-18.39109,-4.339005,-6.950039,-1.4873,-4.005004,194.628,45.461,0.9222,0.02545,0.44312,-7.777,0.129877,0.142204,0.119372,0.053037
data\raw\data_store\audio122\arctic_a0122(4).wav,audio122,arctic_a0122(4).wav,0122,4,-187.011688,62.728504,2.014967,40.76955,-13.864901,-12.411593,-24.261944,-14.651784,-13.701838,-3.916627,-10.292159,-5.695874,-1.212641,226.48,32.923,0.925,0.02197,0.4417,-5.028,0.170455,0.137079,0.130138,0.055187
data\raw\data_store\audio122\arctic_a0122(5).wav,audio122,arctic_a0122(5).wav,0122,5,-181.488663,49.337254,-6.306127,42.189175,-12.147877,1.796111,-7.136359,-20.703671,-11.454751,-16.397694,-8.937787,-2.869602,-11.709496,186.429,36.298,0.6593,0.02607,0.46618,-40.0,0.204113,0.176775,0.110044,0.055576
data\raw\data_store\audio122\arctic_a0122(6).wav,audio122,arctic_a0122(6).wav,0122,6,-203.839203,89.84584,-5.803846,29.282587,-20.278372,-4.699562,-26.032587,-17.076033,-19.990334,-10.535154,-10.472838,-11.771307,-3.362948,217.363,37.666,1.0,0.02786,0.32656,-40.0,0.100073,0.109336,0.166669,0.096994
data\raw\data_store\audio122\arctic_a0122(7).wav,audio122,arctic_a0122(7).wav,0122,7,-203.418106,57.971436,9.069808,24.991436,-17.839386,-3.997917,-25.494684,-2.987715,-13.55375,5.441555,-15.158919,7.166831,-8.137452,192.955,20.192,0.8864,0.01674,0.38114,-2.427,0.168143,0.185074,0.132048,0.056917
data\raw\data_store\audio122\arctic_a0122.wav,audio122,arctic_a0122.wav,0122,0,-213.300858,67.727791,10.955315,40.134338,-16.366468,2.445668,-15.622879,-4.902246,-12.10448,-8.416359,-7.835807,-1.646393,-6.505991,179.925,18.168,0.9388,0.02687,0.36732,2.119,0.137467,0.183941,0.147529,0.060112
data\raw\data_store\audio123\arctic_a0123(1).wav,audio123,arctic_a0123(1).wav,0123,1,-237.639084,51.131382,-3.947119,33.634094,-27.963823,4.180116,-18.571089,12.473578,-14.006804,-2.955959,-11.810308,-5.553373,-6.063312,216.618,33.633,0.8283,0.02996,0.32913,-1.189,0.159303,0.131186,0.08015,0.049881
data\raw\data_store\audio123\arctic_a0123(3).wav,audio123,arctic_a0123(3).wav,0123,3,-192.756729,79.25676,22.270321,25.104988,-12.97123,-1.355488,-9.108584,1.081694,-14.687812,-4.077147,-7.748334,-0.281455,-4.780784,201.878,16.909,0.8442,0.02064,0.40409,1.204,0.148899,0.152887,0.116196,0.045962
data\raw\data_store\audio123\arctic_a0123(4).wav,audio123,arctic_a0123(4).wav,0123,4,-224.521332,84.094414,-3.257015,33.368259,-17.764242,-4.680053,-18.958973,-8.582644,-5.486143,-5.904403,-11.22681,-1.231958,-4.130697,235.413,33.674,0.9688,0.02026,0.53296,0.65,0.139575,0.106804,0.100676,0.047271
data\raw\data_store\audio123\arctic_a0123(5).wav,audio123,arctic_a0123(5).wav,0123,5,-227.981979,68.378922,-10.262536,42.039597,-21.894783,9.085196,-8.693504,-17.347698,-4.019888,-20.449003,-12.200867,-3.16057,-11.097247,167.915,22.153,0.8971,0.02897,0.40748,-1.548,0.150154,0.120097,0.075739,0.037083
data\raw\data_store\audio123\arctic_a0123(6).wav,audio123,arctic_a0123(6).wav,0123,6,-228.924515,88.492935,-4.952273,45.274792,-19.936018,-8.661509,-15.251014,-10.264436,-15.221466,-7.682996,-11.0817,-4.654893,-7.650959,198.308,22.83,0.9765,0.03557,0.35411,1.294,0.120123,0.12165,0.130255,0.070681
data\raw\data_store\audio123\arctic_a0123(7).wav,audio123,arctic_a0123(7).wav,0123,7,-200.194946,81.176659,9.1844,20.411695,-21.648546,1.611387,-19.673889,-4.784626,-10.386025,-0.020086,-18.773195,5.590903,-10.238035,190.081,15.719,0.9481,0.03014,0.36664,3.063,0.13702,0.128592,0.140031,0.056705
data\raw\data_store\audio123\arctic_a0123.wav,audio123,arctic_a0123.wav,0123,0,-219.885681,76.029129,9.351825,40.803101,-23.673029,6.07964,-5.221033,-3.286674,-4.932994,-8.096893,-9.260651,-0.965056,-8.972324,178.378,16.616,0.9277,0.03273,0.36116,5.001,0.135544,0.141908,0.145997,0.056474
data\raw\data_store\audio124\arctic_a0124(1).wav,audio124,arctic_a0124(1).wav,0124,1,-224.928925,57.529202,2.325789,36.374321,-32.949516,13.176131,-12.062171,0.659413,-22.021542,-7.433293,-11.991295,-6.594751,-1.016488,231.038,43.744,0.932,0.03099,0.32056,-5.313,0.145286,0.144812,0.105496,0.045789
data\raw\data_store\audio124\arctic_a0124(3).wav,audio124,arctic_a0124(3).wav,0124,3,-212.419464,82.295219,22.513075,29.243214,-1.457813,-2.235382,-6.18562,-8.899831,-18.674301,-3.400913,-8.332501,-3.375215,-8.906927,202.19,14.015,0.8778,0.01435,0.39106,4.722,0.117483,0.131759,0.122382,0.045733
data\raw\data_store\audio124\arctic_a0124(4).wav,audio124,arctic_a0124(4).wav,0124,4,-214.483459,93.574852,-12.236854,20.942791,-15.780062,-1.99243,-23.065559,-14.549145,-13.324169,-4.54925,-10.450398,-6.517382,-5.653065,217.664,21.31,0.9535,0.02424,0.35233,1.249,0.117033,0.116178,0.109476,0.041051
data\raw\data_store\audio124\arctic_a0124(5).wav,audio124,arctic_a0124(5).wav,0124,5,-208.47821,55.200317,-3.541592,23.164978,-10.699218,9.032783,1.218732,-23.068611,-10.847007,-14.929052,-9.225429,-3.281998,-16.643543,185.423,24.904,0.8557,0.02056,0.40903,-1.292,0.193401,0.198784,0.103738,0.047173
data\raw\data_store\audio124\arctic_a0124(6).wav,audio124,arctic_a0124(6).wav,0124,6,-254.978439,79.33934,16.865248,32.906658,-15.07746,-3.179412,-11.738417,-17.571125,-18.551113,-8.840561,-13.564745,-9.132074,-8.154398,218.127,35.648,0.9423,0.03788,0.3763,-3.381,0.115693,0.153441,0.134174,0.085919
data\raw\data_store\audio124\arctic_a0124(7).wav,audio124,arctic_a0124(7).wav,0124,7,-220.948654,79.73143,5.406386,20.12925,-16.151007,5.595809,-9.977818,-6.375033,-14.338522,6.421027,-16.879482,1.000057,-9.852524,184.17,17.327,0.8776,0.02312,0.34289,2.186,0.168805,0.192139,0.127013,0.057277
data\raw\data_store\audio124\arctic_a0124.wav,audio124,arctic_a0124.wav,0124,0,-242.787613,80.106544,11.13413,32.778637,-16.036928,9.125999,-5.303286,-9.511494,-13.275569,-7.951748,-7.021639,-5.30601,-6.362566,184.199,17.064,0.95,0.01969,0.35441,5.548,0.141006,0.177218,0.159047,0.075586
data\raw\data_store\audio125\arctic_a0125(1).wav,audio125,arctic_a0125(1).wav,0125,1,-224.618439,79.4412,-7.870703,31.081339,-26.098196,10.139869,-19.354868,4.708728,-17.403387,-8.670835,-12.85332,-6.283738,-7.42009,215.283,31.151,0.9847,0.03419,0.3597,-2.342,0.094515,0.103152,0.096417,0.043315
data\raw\data_store\audio125\arctic_a0125(3).wav,audio125,arctic_a0125(3).wav,0125,3,-213.037704,95.863297,24.305187,27.262003,-13.694912,-0.968039,-12.402715,-7.910836,-14.274448,-5.3634,-8.372256,-2.99567,-3.516498,218.733,20.876,0.8689,0.02708,0.38807,1.563,0.115205,0.126607,0.106975,0.04266
data\raw\data_store\audio125\arctic_a0125(4).wav,audio125,arctic_a0125(4).wav,0125,4,-203.486786,93.713257,-3.24057,38.011303,-20.839384,0.306881,-23.369167,-13.156774,-7.930801,-3.611407,-11.016393,-3.379031,-1.568396,220.582,24.533,0.9904,0.02309,0.37655,0.847,0.122954,0.119707,0.125351,0.043241
data\raw\data_store\audio125\arctic_a0125(5).wav,audio125,arctic_a0125(5).wav,0125,5,-237.369232,79.104713,-7.507979,32.903435,-17.445616,8.135879,-2.397845,-15.573139,-6.238064,-14.463926,-15.502065,-1.676897,-14.96347,186.25,26.374,0.84,0.02676,0.32373,-3.95,0.129846,0.11807,0.085399,0.044513
data\raw\data_store\audio125\arctic_a0125(6).wav,audio125,arctic_a0125(6).wav,0125,6,-235.5952,105.598381,-10.166042,34.255463,-22.993521,-2.81895,-19.921663,-22.040602,-20.246758,-13.55056,-13.007997,-9.535584,-7.690792,222.473,25.032,1.0,0.02618,0.35496,2.728,0.069006,0.083868,0.134182,0.058654
data\raw\data_store\audio125\arctic_a0125(7).wav,audio125,arctic_a0125(7).wav,0125,7,-204.258316,81.603081,2.307137,14.967628,-17.123224,10.021665,-15.065901,-5.328604,-8.654894,-0.784954,-22.55994,2.421201,-15.79397,196.559,19.782,1.0,0.02555,0.33615,1.117,0.137438,0.136745,0.133092,0.055897
data\raw\data_store\audio125\arctic_a0125.wav,audio125,arctic_a0125.wav,0125,0,-229.697754,86.253799,8.665712,29.526829,-21.229689,11.596056,-7.934166,-5.003045,-6.554193,-9.604248,-10.377331,-7.082655,-9.810702,184.78,18.112,0.9846,0.02496,0.31717,4.56,0.119935,0.143342,0.164967,0.068767
data\raw\data_store\audio126\arctic_a0126(1).wav,audio126,arctic_a0126(1).wav,0126,1,-220.25351,49.359779,7.119269,44.14603,-32.427372,14.224637,-16.148809,7.856186,-22.903091,-3.090302,-12.658781,-8.900305,-0.10023,227.36,37.7,0.8673,0.03372,0.42438,-0.653,0.144173,0.145657,0.101297,0.047686
data\raw\data_store\audio126\arctic_a0126(3).wav,audio126,arctic_a0126(3).wav,0126,3,-208.865906,82.295219,19.544161,37.417381,-17.589619,-3.936282,-6.850276,-9.849442,-12.430398,-4.979527,-4.60014,-4.943398,-5.642361,212.482,19.016,0.8636,0.03034,0.38558,3.248,0.115252,0.130146,0.116837,0.043055
data\raw\data_store\audio126\arctic_a0126(4).wav,audio126,arctic_a0126(4).wav,0126,4,-231.2771,71.14019,-2.930174,46.863529,-22.649696,-5.545687,-21.513218,-17.276459,-10.570447,-2.841211,-9.471457,-5.532515,-1.709513,229.666,31.745,1.0,0.02834,0.50831,1.45,0.129,0.10998,0.096707,0.036027
data\raw\data_store\audio126\arctic_a0126(5).wav,audio126,arctic_a0126(5).wav,0126,5,-214.836853,67.583054,-8.283948,51.882366,-19.954145,2.45297,-0.746806,-21.662758,-9.021403,-15.993448,-8.95449,-2.888116,-15.348199,173.794,28.865,0.9241,0.0352,0.40096,-3.747,0.142819,0.109284,0.097879,0.044292
data\raw\data_store\audio126\arctic_a0126(6).wav,audio126,arctic_a0126(6).wav,0126,6,-226.152649,88.129196,1.847203,45.621796,-23.476864,-6.540567,-15.046464,-20.574926,-19.897142,-10.966543,-10.167295,-10.883555,-4.986787,222.222,32.439,0.9765,0.03103,0.42766,-2.97,0.106252,0.102399,0.142584,0.067842
data\raw\data_store\audio126\arctic_a0126(7).wav,audio126,arctic_a0126(7).wav,0126,7,-221.49762,75.270042,0.364936,35.969788,-24.153984,0.966515,-18.386145,-7.548683,-10.09337,1.393682,-16.187862,5.361612,-10.828282,192.588,14.453,0.961,0.0179,0.43634,0.976,0.133869,0.120957,0.099706,0.039544
data\raw\data_store\audio126\arctic_a0126.wav,audio126,arctic_a0126.wav,0126,0,-246.240524,73.880898,4.646466,51.094105,-24.765553,6.953616,-2.389134,-7.002907,-7.284713,-6.824435,-6.234878,-4.212546,-9.297183,181.339,16.096,0.9255,0.02644,0.36749,5.336,0.125412,0.13917,0.124865,0.047572
data\raw\data_store\audio127\arctic_a0127(1).wav,audio127,arctic_a0127(1).wav,0127,1,-236.926178,55.910084,9.010255,43.542591,-20.261921,0.02104,-19.980465,5.48749,-19.684565,-7.287656,-12.704688,-5.066092,-6.379449,210.432,30.079,0.9348,0.03779,0.53242,-4.951,0.150269,0.151122,0.081996,0.045949
data\raw\data_store\audio127\arctic_a0127(3).wav,audio127,arctic_a0127(3).wav,0127,3,-177.555435,65.632309,42.678299,34.32811,-11.728187,-2.557066,-17.101126,-4.34025,-23.153017,-3.22856,-10.545193,1.740553,-3.508186,218.736,26.209,0.8462,0.03439,0.59133,-0.287,0.186101,0.133681,0.127906,0.047152
data\raw\data_store\audio127\arctic_a0127(4).wav,audio127,arctic_a0127(4).wav,0127,4,-189.48497,65.875198,11.842717,56.729664,-16.019571,-13.433221,-23.39706,-9.630552,-13.831976,-6.975641,-10.08195,-1.064396,-3.910866,217.882,21.113,0.9016,0.02801,0.54822,3.441,0.178437,0.154875,0.123342,0.042494
data\raw\data_store\audio127\arctic_a0127(5).wav,audio127,arctic_a0127(5).wav,0127,5,-195.027573,56.647438,-1.381632,47.133446,-10.572804,3.589171,-12.550134,-17.768143,-9.761226,-19.184776,-14.286718,-3.517557,-10.257201,183.197,26.63,0.9296,0.04505,0.53669,-1.377,0.180139,0.130231,0.106913,0.052521
data\raw\data_store\audio127\arctic_a0127(6).wav,audio127,arctic_a0127(6).wav,0127,6,-251.896591,71.412567,11.930663,51.272835,-8.609115,-9.486813,-18.237951,-12.751765,-20.793112,-11.426021,-9.648173,-1.855369,-6.861635,221.769,32.538,0.9452,0.03943,0.62607,-3.987,0.10353,0.111492,0.110353,0.062655
data\raw\data_store\audio127\arctic_a0127(7).wav,audio127,arctic_a0127(7).wav,0127,7,-201.397568,69.458534,12.151017,40.729713,-12.105918,-7.404095,-23.268724,-3.177134,-16.000648,-1.259725,-17.991011,7.28301,-8.51944,188.416,13.672,0.9726,0.03039,0.58809,2.56,0.157347,0.126029,0.101696,0.037661
data\raw\data_store\audio127\arctic_a0127.wav,audio127,arctic_a0127.wav,0127,0,-220.802383,62.835197,32.026836,45.176914,-8.858583,-1.441527,-10.274708,-4.118629,-14.450588,-6.794685,-9.375922,0.829537,-8.14968,182.633,16.596,0.9873,0.03154,0.51147,6.165,0.165124,0.175614,0.161879,0.060723
data\raw\data_store\audio128\arctic_a0128(1).wav,audio128,arctic_a0128(1).wav,0128,1,-263.909912,67.376297,-2.456428,23.180525,-18.899754,6.168289,-16.289251,8.610968,-18.822178,-4.470732,-13.207004,-2.800422,-7.951375,224.503,40.089,0.8699,0.04309,0.55116,-4.283,0.155405,0.134766,0.057035,0.033657
data\raw\data_store\audio128\arctic_a0128(3).wav,audio128,arctic_a0128(3).wav,0128,3,-221.240677,84.506042,23.405802,20.638184,-4.001997,-0.211808,-17.796473,-5.230593,-16.946707,-1.874267,-6.845282,-1.972363,-0.764449,213.99,36.437,0.7917,0.0562,0.47139,-2.97,0.160374,0.174321,0.093844,0.044759
data\raw\data_store\audio128\arctic_a0128(4).wav,audio128,arctic_a0128(4).wav,0128,4,-225.094604,78.624901,-1.063755,25.767561,-9.880173,1.957533,-28.735167,-15.126325,-11.001894,-5.139766,-10.12712,-3.261839,1.488557,225.188,28.223,0.9277,0.02945,0.58853,-1.76,0.156021,0.133577,0.093446,0.043566
data\raw\data_store\audio128\arctic_a0128(5).wav,audio128,arctic_a0128(5).wav,0128,5,-220.231293,75.416367,-2.082167,27.537863,-12.334799,6.295783,-6.885126,-24.155291,-8.905494,-15.185162,-12.335581,-3.025825,-9.9771,187.874,23.99,0.8911,0.03949,0.55527,-3.717,0.164974,0.14115,0.084632,0.050035
data\raw\data_store\audio128\arctic_a0128(6).wav,audio128,arctic_a0128(6).wav,0128,6,-229.153824,89.149353,6.116584,20.382269,-9.585906,3.559375,-18.582956,-9.315802,-12.470228,-7.502294,-11.243866,-1.970162,-8.206867,226.154,28.937,0.9099,0.03726,0.47098,-0.597,0.104775,0.114495,0.135365,0.071341
data\raw\data_store\audio128\arctic_a0128(7).wav,audio128,arctic_a0128(7).wav,0128,7,-199.468399,77.099861,7.642456,13.975509,-8.106111,2.832253,-24.170397,-4.820389,-14.868741,0.674359,-18.998816,5.642317,-8.055955,194.133,17.629,0.9545,0.02673,0.46666,1.936,0.174218,0.150421,0.133058,0.061553
data\raw\data_store\audio128\arctic_a0128.wav,audio128,arctic_a0128.wav,0128,0,-243.528564,78.054466,21.09128,19.549648,-7.778874,6.276494,-10.064425,-3.841121,-7.097799,-8.494924,-9.117855,0.409872,-8.592728,185.426,16.939,0.8421,0.02438,0.38144,4.741,0.165359,0.192148,0.127033,0.064284
data\raw\data_store\audio129\arctic_a0129(1).wav,audio129,arctic_a0129(1).wav,0129,1,-195.557449,26.206127,13.101697,31.172071,-15.695887,-5.49136,-20.839382,6.57581,-25.629211,-3.988667,-17.595129,-1.560007,-9.216388,223.355,31.943,0.8793,0.03472,0.57594,-3.409,0.259096,0.162729,0.092829,0.040502
data\raw\data_store\audio129\arctic_a0129(3).wav,audio129,arctic_a0129(3).wav,0129,3,-216.844833,58.328522,35.514164,20.40914,0.991159,-10.305168,-12.23048,1.760886,-17.577505,-1.627973,-8.867167,2.39198,-5.696723,212.212,22.032,0.7759,0.03372,0.59882,-0.396,0.220884,0.180012,0.090203,0.048866
data\raw\data_store\audio129\arctic_a0129(4).wav,audio129,arctic_a0129(4).wav,0129,4,-198.285568,68.382103,-2.474603,20.373812,-6.289681,-7.036411,-33.534447,-3.960811,-9.897667,-1.02094,-10.071672,-2.737877,-3.70119,235.269,33.385,0.9184,0.04519,0.58802,-0.921,0.207281,0.141523,0.114951,0.048485
data\raw\data_store\audio129\arctic_a0129(5).wav,audio129,arctic_a0129(5).wav,0129,5,-200.621231,31.551254,8.288824,22.553513,-0.14578,0.369326,-12.036503,-12.654915,-13.165719,-7.605846,-16.21858,1.885272,-14.799668,184.2,27.09,0.8246,0.05296,0.68936,-3.2,0.312482,0.206368,0.093304,0.048509
data\raw\data_store\audio129\arctic_a0129(6).wav,audio129,arctic_a0129(6).wav,0129,6,-190.75116,66.579521,8.233875,31.378643,-12.704868,-4.725113,-23.949398,-5.617212,-23.521683,-1.253836,-13.218454,-0.38533,-6.06636,229.552,27.486,0.9492,0.03563,0.46258,-1.212,0.160653,0.140457,0.146659,0.061794
data\raw\data_store\audio129\arctic_a0129(7).wav,audio129,arctic_a0129(7).wav,0129,7,-211.150909,49.437729,14.000862,16.331564,-6.467346,-7.503007,-25.519468,2.615713,-14.29058,4.256753,-16.877146,7.449578,-9.95648,189.578,17.189,0.8333,0.0299,0.5735,0.559,0.232002,0.171934,0.104063,0.044242
data\raw\data_store\audio129\arctic_a0129.wav,audio129,arctic_a0129.wav,0129,0,-241.70108,46.556885,24.335752,21.112982,-1.551846,-0.162678,-10.569509,5.562038,-9.979148,-1.043911,-10.003449,5.661608,-8.56251,186.487,15.909,0.806,0.03517,0.5525,4.581,0.28869,0.242734,0.100378,0.054258
data\raw\data_store\audio13\arctic_a0013(1).wav,audio13,arctic_a0013(1).wav,0013,1,-228.879913,65.778778,-3.837667,36.898891,-20.184605,4.746323,-20.273396,6.812925,-21.900801,-0.132238,-12.19447,-6.093194,-1.89856,225.987,35.119,0.975,0.03152,0.49698,-7.045,0.136327,0.103135,0.087983,0.046076
data\raw\data_store\audio13\arctic_a0013(3).wav,audio13,arctic_a0013(3).wav,0013,3,-216.186157,78.24308,23.663307,34.505768,-11.04073,-3.289787,-11.02068,-10.543237,-13.421847,1.66243,-7.251138,-6.422758,-3.4015,221.971,24.014,0.8319,0.02639,0.42135,0.249,0.110034,0.099865,0.10266,0.043294
data\raw\data_store\audio13\arctic_a0013(4).wav,audio13,arctic_a0013(4).wav,0013,4,-243.885986,74.208809,-1.718601,37.242466,-18.423365,-6.358476,-22.610723,-11.020337,-10.411111,-6.022972,-8.337193,-1.40419,-1.382845,217.313,26.824,0.9208,0.02568,0.58617,-3.466,0.13771,0.10259,0.080909,0.03801
data\raw\data_store\audio13\arctic_a0013(5).wav,audio13,arctic_a0013(5).wav,0013,5,-237.225754,69.350937,-4.585434,39.141376,-11.362549,-1.551536,-10.039916,-20.571369,-4.503287,-15.611339,-17.356289,-3.184779,-8.589426,172.149,19.179,0.8571,0.02725,0.43422,-1.415,0.156191,0.123059,0.077646,0.03945
data\raw\data_store\audio13\arctic_a0013(6).wav,audio13,arctic_a0013(6).wav,0013,6,-238.860657,93.942917,-7.864786,33.818241,-21.863472,-7.148888,-27.454018,-11.258993,-16.964014,-1.36303,-14.960663,-6.413101,-6.743979,223.888,29.976,0.9487,0.02689,0.4947,-1.327,0.094204,0.085059,0.110934,0.05237
data\raw\data_store\audio13\arctic_a0013(7).wav,audio13,arctic_a0013(7).wav,0013,7,-206.939224,84.287521,2.126036,25.172174,-23.644226,-1.929341,-18.177938,-3.508684,-10.830344,-0.306462,-20.750711,3.936071,-16.098185,196.562,18.294,1.0,0.03014,0.40485,0.446,0.119402,0.107219,0.125014,0.045657
data\raw\data_store\audio13\arctic_a0013.wav,audio13,arctic_a0013.wav,0013,0,-246.959869,78.123833,7.002992,36.059799,-15.646335,0.189467,-7.076427,-5.554198,-8.954019,-10.54314,-11.728808,0.203685,-12.83561,192.896,19.875,0.9752,0.03189,0.36481,3.583,0.124153,0.1378,0.111725,0.042507
data\raw\data_store\audio130\arctic_a0130(1).wav,audio130,arctic_a0130(1).wav,0130,1,-253.048935,50.468613,-4.795975,24.822899,-21.822618,8.198727,-17.245134,6.756136,-10.80274,-2.047621,-11.857084,-6.746675,-7.341489,220.461,36.964,0.8261,0.03076,0.33203,-18.873,0.166549,0.159929,0.090199,0.05854
data\raw\data_store\audio130\arctic_a0130(3).wav,audio130,arctic_a0130(3).wav,0130,3,-208.32782,72.076126,20.591534,21.700943,-4.338776,-6.081587,-12.673554,-3.479075,-12.957104,-4.709044,-7.40648,-1.70475,-7.445723,212.017,26.272,0.8947,0.02586,0.37507,-1.268,0.18095,0.176409,0.125706,0.057638
data\raw\data_store\audio130\arctic_a0130(4).wav,audio130,arctic_a0130(4).wav,0130,4,-267.3974,76.875923,-20.996681,23.124153,-0.398092,-5.378754,-23.994478,-13.438237,-2.573904,-3.730448,-9.915621,0.689535,-2.069865,229.69,34.104,0.8519,0.02711,0.42351,-2.52,0.140547,0.104691,0.097304,0.060337
data\raw\data_store\audio130\arctic_a0130(5).wav,audio130,arctic_a0130(5).wav,0130,5,-236.068985,69.622269,-16.145235,23.922119,-3.278788,2.81959,-0.708175,-13.781487,-3.41397,-7.218621,-13.651539,2.254938,-12.603365,199.773,12.982,0.3091,0.03443,0.48175,1.664,0.178251,0.141077,0.091311,0.066717
data\raw\data_store\audio130\arctic_a0130(6).wav,audio130,arctic_a0130(6).wav,0130,6,-234.879456,79.085632,-0.465728,22.561869,-15.53531,-1.842841,-17.410311,-9.982717,-17.315022,-9.013378,-13.285049,-3.970814,-8.075005,212.576,35.217,0.9492,0.04198,0.41775,-6.747,0.112385,0.106684,0.132944,0.079954
data\raw\data_store\audio130\arctic_a0130(7).wav,audio130,arctic_a0130(7).wav,0130,7,-199.380951,76.64283,-14.21149,12.289358,-11.315047,3.187105,-22.536505,0.696581,-5.191705,-3.076405,-19.73675,4.148796,-15.706863,184.836,18.046,0.7818,0.01594,0.4015,-1.043,0.160032,0.139505,0.130053,0.056016
data\raw\data_store\audio130\arctic_a0130.wav,audio130,arctic_a0130.wav,0130,0,-214.809158,79.448708,-10.081737,29.422647,-8.999039,1.453718,-8.229751,-2.318328,-1.009152,-6.982535,-13.861951,0.496772,-13.206685,180.793,22.846,0.9153,0.02474,0.38484,0.543,0.156614,0.163458,0.139878,0.059752
data\raw\data_store\audio131\arctic_a0131(1).wav,audio131,arctic_a0131(1).wav,0131,1,-220.225357,56.549065,-3.446827,39.920692,-17.846508,6.660304,-23.055302,7.613925,-24.788792,-4.027689,-12.723145,-7.160779,-3.799165,223.335,36.701,0.9101,0.03329,0.38588,-2.665,0.137764,0.146025,0.100584,0.050092
data\raw\data_store\audio131\arctic_a0131(3).wav,audio131,arctic_a0131(3).wav,0131,3,-222.425232,96.605453,14.512357,27.027205,-11.585945,-4.982484,-13.414203,-5.82427,-14.399932,-2.792321,-9.820891,-2.41059,-4.687049,199.069,55.975,0.9367,0.04228,0.44951,-4.925,0.114805,0.133148,0.101137,0.038196
data\raw\data_store\audio131\arctic_a0131(4).wav,audio131,arctic_a0131(4).wav,0131,4,-227.491257,89.193665,-10.488164,25.515123,-14.94567,-1.047633,-28.509623,-9.085725,-8.435879,-6.45019,-11.865505,-1.419347,-4.803328,211.71,28.963,1.0,0.01854,0.50081,-4.49,0.111336,0.099076,0.094751,0.034719
data\raw\data_store\audio131\arctic_a0131(5).wav,audio131,arctic_a0131(5).wav,0131,5,-206.234863,72.740746,-18.555414,33.911961,-10.060987,6.387426,-11.099249,-20.40377,-5.51166,-12.276602,-15.714792,-3.41437,-11.862704,192.988,27.318,0.8514,0.0173,0.50621,-3.513,0.137786,0.137988,0.097504,0.040331
data\raw\data_store\audio131\arctic_a0131(6).wav,audio131,arctic_a0131(6).wav,0131,6,-207.975021,88.042824,-14.392694,37.311977,-9.437505,-2.807196,-25.897587,-13.329746,-19.324816,-9.155204,-13.8166,-9.458296,-6.421638,229.884,29.546,0.9634,0.02878,0.37047,-0.041,0.105074,0.119701,0.169929,0.074429
data\raw\data_store\audio131\arctic_a0131(7).wav,audio131,arctic_a0131(7).wav,0131,7,-250.628525,89.618057,3.563144,10.271123,-12.408021,-0.101883,-24.656992,-8.9711,-11.963964,2.58121,-22.838335,4.221281,-13.418058,188.653,13.195,0.9718,0.01396,0.44765,3.98,0.130575,0.151894,0.090227,0.033239
data\raw\data_store\audio131\arctic_a0131.wav,audio131,arctic_a0131.wav,0131,0,-230.658478,86.956711,-1.705806,31.222849,-3.602587,1.171973,-11.508472,-4.370722,-5.235743,-7.049443,-9.8419,-2.478973,-8.987009,182.836,18.511,0.9535,0.02446,0.37822,3.955,0.123339,0.150073,0.141581,0.053199
data\raw\data_store\audio132\arctic_a0132(1).wav,audio132,arctic_a0132(1).wav,0132,1,-212.272308,56.310692,-19.456898,21.341463,-24.314156,5.295045,-28.576796,8.273725,-11.182528,2.876567,-11.353066,-3.935801,-8.662112,214.998,39.111,0.8966,0.04951,0.42231,-6.936,0.193189,0.161755,0.074581,0.043945
data\raw\data_store\audio132\arctic_a0132(3).wav,audio132,arctic_a0132(3).wav,0132,3,-237.903137,80.916489,15.640261,21.381983,-6.830528,0.337252,-15.950187,-8.017504,-9.102468,0.681784,-7.306004,0.656763,-4.944509,217.578,25.018,0.8108,0.02626,0.38817,-1.503,0.140053,0.139168,0.076993,0.041868
data\raw\data_store\audio132\arctic_a0132(4).wav,audio132,arctic_a0132(4).wav,0132,4,-207.1931,79.061325,-21.775562,31.383511,-21.175596,0.250024,-27.336014,-12.563814,-5.596141,-1.975139,-7.155946,-2.66951,-2.69446,226.662,33.175,0.9688,0.03966,0.50366,-1.38,0.159163,0.122871,0.098378,0.045
data\raw\data_store\audio132\arctic_a0132(5).wav,audio132,arctic_a0132(5).wav,0132,5,-244.066345,64.450775,-25.076731,28.658981,-14.771906,10.314171,-13.469313,-21.545616,-5.25716,-9.740435,-8.314046,-2.196562,-9.103626,183.648,20.408,0.8125,0.02868,0.46691,-40.0,0.183162,0.148486,0.059761,0.041798
data\raw\data_store\audio132\arctic_a0132(6).wav,audio132,arctic_a0132(6).wav,0132,6,-213.545761,73.023354,-4.260011,24.31229,-13.236381,5.376561,-16.253853,-11.922187,-12.001503,-1.234367,-11.061871,0.559801,-6.591798,220.557,42.562,0.8316,0.05983,0.38692,-2.962,0.17187,0.159935,0.146527,0.098942
data\raw\data_store\audio132\arctic_a0132(7).wav,audio132,arctic_a0132(7).wav,0132,7,-242.718674,72.377335,-0.157389,13.426521,-11.892696,1.46038,-29.386084,-6.199463,-7.49676,4.996256,-17.94636,6.980802,-11.445919,185.85,15.838,0.8281,0.02926,0.38901,-3.6,0.190251,0.161746,0.085488,0.050041
data\raw\data_store\audio132\arctic_a0132.wav,audio132,arctic_a0132.wav,0132,0,-230.386719,81.605125,-1.172034,29.408455,-10.952871,6.432272,-8.899339,-9.431832,-1.422765,-5.639722,-7.430052,-0.892132,-6.780407,181.704,16.237,0.8605,0.02995,0.3574,4.454,0.172119,0.181493,0.12105,0.068492
data\raw\data_store\audio133\arctic_a0133(1).wav,audio133,arctic_a0133(1).wav,0133,1,-251.892899,50.544914,6.03565,47.871708,-29.111595,1.422534,-22.616497,7.899243,-25.113081,-6.131258,-14.628756,-8.398962,-4.162442,234.203,39.105,0.938,0.04217,0.48517,-1.679,0.166512,0.14423,0.065351,0.03604
data\raw\data_store\audio133\arctic_a0133(3).wav,audio133,arctic_a0133(3).wav,0133,3,-218.328033,68.634277,29.333185,37.589924,-14.049041,-1.201686,-14.397509,-9.116879,-17.648834,-3.863671,-7.46128,-1.090121,-4.582183,215.061,25.842,0.7705,0.03304,0.44837,-1.504,0.156159,0.157436,0.094191,0.047307
data\raw\data_store\audio133\arctic_a0133(4).wav,audio133,arctic_a0133(4).wav,0133,4,-215.445786,68.704735,-4.1848,39.629211,-25.063919,-0.822518,-29.613567,-14.790182,-9.394092,-5.130541,-8.458395,-3.092222,-1.313318,219.15,27.521,0.9545,0.02487,0.44485,-1.722,0.156789,0.147079,0.082107,0.037078
data\raw\data_store\audio133\arctic_a0133(5).wav,audio133,arctic_a0133(5).wav,0133,5,-195.179871,52.531174,-10.557287,45.36935,-17.401505,5.583899,-11.522296,-26.038338,-9.856644,-17.428192,-14.637533,-3.825906,-12.604019,186.76,26.058,0.8716,0.03444,0.4802,-4.748,0.183859,0.149686,0.094264,0.044295
data\raw\data_store\audio133\arctic_a0133(6).wav,audio133,arctic_a0133(6).wav,0133,6,-213.91188,72.005539,-1.341621,44.272404,-12.859645,-7.722238,-17.370106,-10.230406,-18.209497,-10.474027,-12.06863,-4.820797,-6.474169,236.22,30.535,0.9398,0.03365,0.4336,1.128,0.146068,0.154124,0.155064,0.085509
data\raw\data_store\audio133\arctic_a0133(7).wav,audio133,arctic_a0133(7).wav,0133,7,-209.82193,69.927582,13.472584,31.553341,-23.809221,3.0088,-23.869457,-8.102921,-16.069044,-1.412755,-17.746511,3.033172,-11.015898,190.743,16.675,0.964,0.02496,0.38459,1.892,0.158126,0.168302,0.11823,0.050428
data\raw\data_store\audio133\arctic_a0133.wav,audio133,arctic_a0133.wav,0133,0,-209.100189,73.97818,13.489669,41.914589,-20.283457,4.845029,-11.876514,-6.814023,-11.446168,-8.894219,-8.362217,-2.895494,-7.09421,190.804,19.535,0.927,0.02681,0.41786,4.228,0.153776,0.166104,0.147725,0.062795
data\raw\data_store\audio134\arctic_a0134(1).wav,audio134,arctic_a0134(1).wav,0134,1,-210.352371,74.260696,-8.773343,43.154366,-29.984093,6.433479,-16.709211,7.368647,-19.398796,-3.122319,-11.649249,-7.719797,-2.239897,225.204,42.511,0.942,0.04355,0.52327,-4.448,0.118592,0.102235,0.093937,0.039607
data\raw\data_store\audio134\arctic_a0134(3).wav,audio134,arctic_a0134(3).wav,0134,3,-201.970306,89.073883,10.432545,43.533859,-19.353193,-11.505319,-15.33362,-6.659772,-13.402314,-5.959093,-4.326271,-4.156923,-5.402523,209.437,18.593,0.8689,0.03095,0.41781,1.599,0.106,0.088066,0.115645,0.055689
data\raw\data_store\audio134\arctic_a0134(4).wav,audio134,arctic_a0134(4).wav,0134,4,-215.944214,82.325531,-23.709927,49.233612,-14.082575,-13.454787,-33.959801,-11.876421,-6.694067,-7.646281,-4.719425,-5.529253,2.088374,223.907,36.762,1.0,0.02695,0.58606,-1.583,0.129426,0.079284,0.101922,0.05641
data\raw\data_store\audio134\arctic_a0134(5).wav,audio134,arctic_a0134(5).wav,0134,5,-209.311798,88.617737,-28.128277,46.897461,-7.976928,-7.452458,-12.613317,-20.478647,-2.284705,-17.202517,-12.372304,-6.999328,-12.804392,176.998,30.826,0.9623,0.03583,0.49845,-15.071,0.097108,0.063206,0.092081,0.051625
data\raw\data_store\audio134\arctic_a0134(6).wav,audio134,arctic_a0134(6).wav,0134,6,-188.949356,95.787079,-10.520494,39.724445,-16.273567,-5.922367,-19.13138,-10.749042,-18.141802,-9.383832,-11.063942,-5.722129,-5.636185,230.413,32.965,1.0,0.03391,0.46032,1.035,0.100071,0.111187,0.169576,0.074905
data\raw\data_store\audio134\arctic_a0134(7).wav,audio134,arctic_a0134(7).wav,0134,7,-209.010162,92.260231,-11.602694,33.748837,-18.904419,-3.378803,-24.816116,-0.392362,-10.394759,-3.295975,-17.436094,1.214654,-9.557387,186.915,13.024,0.9655,0.01556,0.39906,2.178,0.095197,0.082979,0.121818,0.055866
data\raw\data_store\audio134\arctic_a0134.wav,audio134,arctic_a0134.wav,0134,0,-219.760818,97.833694,-8.947859,42.731758,-20.97094,-2.866645,-7.324234,-4.810379,-3.468942,-12.486493,-8.466959,-7.454564,-8.459415,186.61,19.199,0.9855,0.0215,0.3658,4.954,0.079267,0.075631,0.143167,0.063968
data\raw\data_store\audio135\arctic_a0135(1).wav,audio135,arctic_a0135(1).wav,0135,1,-232.468933,65.917976,-17.179434,33.063091,-23.323532,2.716269,-19.985779,8.237672,-16.490604,-4.488003,-12.965906,-7.22584,-2.812152,220.586,33.559,0.8952,0.03383,0.4195,-0.668,0.111623,0.118788,0.100118,0.059887
data\raw\data_store\audio135\arctic_a0135(3).wav,audio135,arctic_a0135(3).wav,0135,3,-215.740067,96.837502,10.829683,25.355734,-7.225989,-7.753209,-10.885695,-6.752735,-12.357647,-4.803657,-3.860078,-4.263892,-6.589524,206.953,17.994,0.9381,0.02088,0.36081,1.672,0.10297,0.124795,0.109017,0.045285
data\raw\data_store\audio135\arctic_a0135(4).wav,audio135,arctic_a0135(4).wav,0135,4,-235.664062,85.406311,-5.539974,28.080236,-10.432937,-1.934252,-19.012077,-7.693201,-9.585405,-4.078519,-2.943899,-8.289352,-2.234887,211.392,21.075,0.8352,0.02916,0.47539,-1.973,0.121835,0.113476,0.099842,0.056007
data\raw\data_store\audio135\arctic_a0135(5).wav,audio135,arctic_a0135(5).wav,0135,5,-288.516693,73.845566,-18.765516,33.078178,-12.603663,3.913524,-4.119914,-19.589287,-4.616508,-13.627639,-6.311637,-2.922899,-9.734243,188.579,33.936,0.8687,0.03723,0.45152,-2.671,0.124034,0.116806,0.057506,0.03821
data\raw\data_store\audio135\arctic_a0135(6).wav,audio135,arctic_a0135(6).wav,0135,6,-224.032623,98.276367,-4.047671,19.179008,-13.365346,2.007772,-20.614386,-15.75129,-15.64735,-10.322392,-12.377659,-9.465039,-5.018349,231.291,37.889,0.9579,0.03564,0.45996,0.405,0.094587,0.111147,0.16366,0.091788
data\raw\data_store\audio135\arctic_a0135(7).wav,audio135,arctic_a0135(7).wav,0135,7,-222.111633,89.618385,-10.155811,15.478753,-14.870695,1.071971,-16.922182,1.11706,-9.224038,4.800635,-18.357368,1.574881,-13.033196,185.468,14.869,0.9451,0.02619,0.34246,4.354,0.12074,0.125162,0.119165,0.050676
data\raw\data_store\audio135\arctic_a0135.wav,audio135,arctic_a0135.wav,0135,0,-232.096573,100.6679,-4.725735,23.492218,-14.992472,3.294224,-6.392176,-5.239913,-6.211483,-10.244332,-6.364571,-5.267432,-9.182279,183.074,17.887,0.9643,0.01885,0.32459,4.93,0.105505,0.130155,0.151715,0.069657
data\raw\data_store\audio136\arctic_a0136(1).wav,audio136,arctic_a0136(1).wav,0136,1,-272.55838,47.468765,-4.391122,37.778206,-23.646732,1.366616,-18.125675,11.52261,-14.213816,-3.731552,-7.893181,-6.546553,-3.314638,239.543,57.364,0.8372,0.04085,0.35943,-2.686,0.141465,0.126945,0.064227,0.046413
data\raw\data_store\audio136\arctic_a0136(3).wav,audio136,arctic_a0136(3).wav,0136,3,-228.804932,93.824753,9.967292,33.632481,-8.849834,-8.788147,-10.458594,-10.116154,-12.592461,-4.052159,-6.265236,-3.438145,-5.562442,203.882,15.777,0.8409,0.01972,0.421,-0.096,0.102245,0.106431,0.084254,0.038068
data\raw\data_store\audio136\arctic_a0136(4).wav,audio136,arctic_a0136(4).wav,0136,4,-270.698395,83.913467,-20.860867,35.267113,-17.02552,-10.135382,-22.598785,-15.56115,-4.426226,-9.254526,-7.261511,-5.077403,-3.06907,240.433,30.225,0.8788,0.02594,0.47954,-2.012,0.112957,0.080753,0.068695,0.0392
data\raw\data_store\audio136\arctic_a0136(5).wav,audio136,arctic_a0136(5).wav,0136,5,-296.097778,87.096626,-30.172884,40.116001,-12.044393,1.941376,-10.886362,-20.169744,0.097926,-17.757809,-9.018238,-7.663547,-7.254972,178.09,20.441,0.876,0.02913,0.44783,-6.555,0.098612,0.083782,0.042645,0.027467
data\raw\data_store\audio136\arctic_a0136(6).wav,audio136,arctic_a0136(6).wav,0136,6,-224.632263,84.211227,-0.184058,41.208862,-18.202085,-5.236742,-19.973085,-13.246572,-17.938499,-8.04773,-11.123858,-7.901677,-5.968775,223.149,29.519,0.9552,0.03388,0.42659,-1.448,0.086013,0.062076,0.151886,0.085823
data\raw\data_store\audio136\arctic_a0136(7).wav,audio136,arctic_a0136(7).wav,0136,7,-207.309738,84.353256,-1.9426,28.964643,-21.668976,-5.487141,-21.006142,-3.362093,-11.343822,1.158268,-16.457008,2.737669,-13.463089,190.356,18.905,0.9504,0.01811,0.39703,1.208,0.095148,0.092868,0.129424,0.048012
data\raw\data_store\audio136\arctic_a0136.wav,audio136,arctic_a0136.wav,0136,0,-242.764038,100.83049,-1.566568,36.53627,-17.073456,-0.230974,-14.171886,-8.681263,-4.129539,-11.35054,-7.533703,-3.037056,-9.607759,182.974,14.919,0.9697,0.01682,0.3761,2.857,0.087109,0.113033,0.116515,0.039982
data\raw\data_store\audio137\arctic_a0137(1).wav,audio137,arctic_a0137(1).wav,0137,1,-215.500717,62.545822,-15.058881,27.358616,-25.068684,1.460796,-21.897867,8.46964,-15.50879,-2.496256,-12.450624,-2.519926,-6.727015,214.339,32.805,0.8738,0.03937,0.47792,-2.499,0.138302,0.108012,0.087197,0.054995
data\raw\data_store\audio137\arctic_a0137(3).wav,audio137,arctic_a0137(3).wav,0137,3,-226.791824,91.281288,6.994323,19.60478,-12.951638,-1.477225,-9.8554,-5.89383,-10.667435,-3.319795,-3.682102,-2.294987,-4.709148,205.651,20.889,0.9024,0.03064,0.42092,-0.046,0.090144,0.068311,0.082941,0.042338
data\raw\data_store\audio137\arctic_a0137(4).wav,audio137,arctic_a0137(4).wav,0137,4,-221.815506,83.560791,-17.125765,16.500908,-15.407266,-3.435943,-15.656988,-6.764818,-5.753369,-1.591325,-8.449736,-4.276466,-6.104871,226.267,27.317,0.913,0.02138,0.45354,-1.647,0.124467,0.116453,0.087933,0.043506
data\raw\data_store\audio137\arctic_a0137(5).wav,audio137,arctic_a0137(5).wav,0137,5,-260.964417,88.212059,-26.52364,27.11805,-18.030107,7.676097,-4.754826,-22.126295,-6.032908,-8.980422,-7.945261,-0.897806,-8.486859,182.47,30.039,0.6988,0.03789,0.51311,-7.802,0.131997,0.12552,0.054248,0.033881
data\raw\data_store\audio137\arctic_a0137(6).wav,audio137,arctic_a0137(6).wav,0137,6,-193.887833,97.561768,-6.264132,22.807009,-16.883614,-2.390795,-18.465364,-8.4618,-15.210893,-6.38807,-10.45878,-5.531741,-5.059627,220.377,29.225,0.9773,0.04475,0.43698,-2.686,0.096226,0.10978,0.163938,0.097389
data\raw\data_store\audio137\arctic_a0137(7).wav,audio137,arctic_a0137(7).wav,0137,7,-217.670624,90.446602,-5.601483,13.335467,-18.496492,4.101953,-17.51404,-1.868978,-6.027642,6.606583,-17.274563,5.705347,-7.046703,191.133,21.216,0.9753,0.02913,0.40165,0.768,0.118912,0.112546,0.110612,0.053504
data\raw\data_store\audio137\arctic_a0137.wav,audio137,arctic_a0137.wav,0137,0,-235.707718,99.9758,3.7015,19.713219,-16.170258,1.78558,-0.825771,-3.872982,-2.757692,-5.893961,-7.718042,0.446026,-10.556212,182.211,17.798,0.8901,0.02746,0.40406,1.927,0.120701,0.141546,0.132224,0.07706
data\raw\data_store\audio138\arctic_a0138(1).wav,audio138,arctic_a0138(1).wav,0138,1,-237.404343,53.789501,9.437669,40.109409,-21.071348,7.560852,-15.723416,8.722154,-19.29595,-2.107191,-10.73159,-2.712349,-3.233369,222.413,37.697,0.8355,0.03912,0.43179,-3.512,0.140252,0.146589,0.08752,0.04788
data\raw\data_store\audio138\arctic_a0138(3).wav,audio138,arctic_a0138(3).wav,0138,3,-212.570251,75.483353,26.171925,37.924988,-8.761654,-2.85976,-11.696456,-8.347427,-14.601813,-4.660519,-5.290697,-2.337969,-8.160952,211.459,24.783,0.9561,0.02996,0.4852,3.137,0.133287,0.136573,0.102933,0.036068
data\raw\data_store\audio138\arctic_a0138(4).wav,audio138,arctic_a0138(4).wav,0138,4,-221.334122,75.011971,-12.499998,37.787258,-15.754412,-6.741878,-24.315901,-13.245886,-10.247152,-6.98608,-9.156233,-3.913046,-4.52148,231.703,24.498,0.9138,0.02684,0.41257,3.05,0.135725,0.118508,0.112613,0.04766
data\raw\data_store\audio138\arctic_a0138(5).wav,audio138,arctic_a0138(5).wav,0138,5,-252.260361,64.720924,-8.824854,48.063694,-9.961515,4.471893,-7.054945,-21.267008,-10.532554,-20.484066,-9.111719,-3.628277,-12.733107,181.212,30.055,0.9375,0.03155,0.48606,-1.973,0.175216,0.161634,0.065557,0.033771
data\raw\data_store\audio138\arctic_a0138(6).wav,audio138,arctic_a0138(6).wav,0138,6,-224.646606,70.80571,12.021275,42.379898,-15.933303,-3.133293,-20.252476,-14.900653,-19.917736,-7.637198,-12.672521,-8.578334,-5.614568,232.55,35.601,0.9462,0.03564,0.41943,-1.092,0.100427,0.119508,0.177159,0.087424
data\raw\data_store\audio138\arctic_a0138(7).wav,audio138,arctic_a0138(7).wav,0138,7,-227.471664,89.465675,14.489768,36.436619,-19.079111,-2.598444,-12.604006,-0.349822,-14.732912,-2.270562,-15.617563,0.549804,-9.788607,178.469,17.016,0.9623,0.02881,0.40306,2.675,0.143741,0.152459,0.116969,0.043689
data\raw\data_store\audio138\arctic_a0138.wav,audio138,arctic_a0138.wav,0138,0,-255.180405,76.52951,19.225716,42.658653,-12.504021,1.885247,-5.923382,-10.321609,-9.073782,-9.902307,-7.594702,-1.836718,-9.446322,188.578,19.451,0.9508,0.02602,0.39593,5.436,0.126891,0.157625,0.122589,0.055301
data\raw\data_store\audio139\arctic_a0139(1).wav,audio139,arctic_a0139(1).wav,0139,1,-228.65834,48.070869,-0.390849,30.574129,-20.847309,0.842022,-19.049967,5.989421,-18.229378,-5.457037,-10.37074,-3.838724,-6.226073,224.606,35.972,0.7301,0.03425,0.4456,-4.055,0.195871,0.159831,0.084626,0.050078
data\raw\data_store\audio139\arctic_a0139(3).wav,audio139,arctic_a0139(3).wav,0139,3,-208.96582,72.960632,32.102081,16.544735,-9.631565,3.745604,-10.003405,-5.025564,-15.617252,-0.007123,-9.330403,0.207061,-6.001819,207.553,18.9,0.8456,0.02287,0.44457,-0.423,0.17257,0.166998,0.104842,0.042655
data\raw\data_store\audio139\arctic_a0139(4).wav,audio139,arctic_a0139(4).wav,0139,4,-193.368195,72.735008,-1.92164,19.819365,-22.118195,1.802011,-20.435724,-12.560184,-9.127936,-1.367004,-10.943591,-3.949531,-4.118001,240.569,32.708,0.9167,0.02669,0.58325,-2.555,0.183418,0.134114,0.115719,0.054797
data\raw\data_store\audio139\arctic_a0139(5).wav,audio139,arctic_a0139(5).wav,0139,5,-242.146072,60.933353,-5.120005,27.027046,-22.063133,10.611519,-5.269228,-22.75054,-6.461344,-8.553941,-13.885749,1.000347,-12.260564,191.524,22.954,0.856,0.03094,0.5988,-10.387,0.203948,0.136905,0.062852,0.033446
data\raw\data_store\audio139\arctic_a0139(6).wav,audio139,arctic_a0139(6).wav,0139,6,-204.453827,84.712936,0.501391,33.826157,-12.365712,-5.044893,-21.82486,-9.886607,-17.843519,-10.751322,-13.64779,-5.079742,-4.827533,230.839,29.28,0.9932,0.03933,0.39935,-0.996,0.113405,0.124063,0.173344,0.07762
data\raw\data_store\audio139\arctic_a0139(7).wav,audio139,arctic_a0139(7).wav,0139,7,-225.829727,75.323288,12.178452,16.937498,-20.351578,10.358631,-21.492247,-6.511024,-9.798801,4.634737,-18.970951,7.764794,-9.832443,182.151,15.711,0.9669,0.0213,0.50683,-3.313,0.179245,0.135103,0.086059,0.04189
data\raw\data_store\audio139\arctic_a0139.wav,audio139,arctic_a0139.wav,0139,0,-232.125107,77.276306,19.405754,18.042446,-13.521483,10.603459,-5.828783,-4.528616,-6.968191,-4.571599,-9.05098,2.840516,-9.13835,182.495,16.132,0.9306,0.03232,0.44941,4.09,0.180566,0.169174,0.12777,0.059763
data\raw\data_store\audio14\arctic_a0014(1).wav,audio14,arctic_a0014(1).wav,0014,1,-240.166031,64.77375,-3.32855,33.903446,-14.655993,8.942892,-19.125925,4.736644,-20.258677,0.667482,-15.014163,-5.150335,0.495379,211.481,29.888,0.8878,0.02571,0.34949,-7.576,0.123016,0.133561,0.091501,0.061
data\raw\data_store\audio14\arctic_a0014(3).wav,audio14,arctic_a0014(3).wav,0014,3,-213.633499,87.839745,13.147806,27.90159,-4.425727,-1.10302,-14.992811,-11.158443,-12.006616,0.366836,-4.314787,-6.483412,0.436462,216.317,18.348,0.8817,0.02562,0.33579,2.658,0.103439,0.117061,0.119909,0.054676
data\raw\data_store\audio14\arctic_a0014(4).wav,audio14,arctic_a0014(4).wav,0014,4,-242.679077,90.70607,-9.155327,39.44363,-15.297028,0.773415,-19.00351,-11.759063,-6.37701,-3.058801,-6.192676,-2.099485,0.417476,197.562,23.837,0.9639,0.02775,0.35352,-3.059,0.126687,0.111683,0.083453,0.048205
data\raw\data_store\audio14\arctic_a0014(5).wav,audio14,arctic_a0014(5).wav,0014,5,-262.412354,70.625282,-8.93578,36.031017,-11.947299,6.442046,-13.21983,-19.402428,-6.178925,-19.801649,-12.488164,-3.919423,-8.468839,162.252,18.836,0.8404,0.03422,0.38871,-3.51,0.185433,0.181516,0.058195,0.036635
data\raw\data_store\audio14\arctic_a0014(6).wav,audio14,arctic_a0014(6).wav,0014,6,-256.570923,83.453239,-9.69662,43.183884,-11.768486,-14.538838,-30.456667,-16.015715,-18.265217,-2.807645,-14.989086,-8.725365,-4.098941,228.434,29.421,0.8878,0.03031,0.37016,0.399,0.129893,0.140296,0.116721,0.066023
data\raw\data_store\audio14\arctic_a0014(7).wav,audio14,arctic_a0014(7).wav,0014,7,-190.195953,82.765465,-2.200032,23.998009,-18.969225,0.35483,-23.90662,1.494526,-5.483572,-7.622789,-18.126137,3.862429,-16.045858,190.638,14.45,0.9383,0.01677,0.35661,2.318,0.122083,0.128734,0.151103,0.059099
data\raw\data_store\audio14\arctic_a0014.wav,audio14,arctic_a0014.wav,0014,0,-245.318344,85.552986,4.709302,30.81847,-9.61903,-2.364443,-9.978387,-1.406495,-5.83504,-10.119874,-9.715676,-2.584101,-12.411692,186.398,20.19,0.9247,0.02234,0.34937,3.458,0.13961,0.167517,0.140515,0.06846
data\raw\data_store\audio140\arctic_a0140(1).wav,audio140,arctic_a0140(1).wav,0140,1,-313.715393,54.035755,-1.295192,28.158394,-12.02243,-1.838882,-12.54008,11.184214,-14.632524,0.878753,-9.558734,0.948243,-9.795298,215.051,34.699,0.6797,0.04528,0.49061,-5.589,0.13705,0.12975,0.052527,0.047163
data\raw\data_store\audio140\arctic_a0140(3).wav,audio140,arctic_a0140(3).wav,0140,3,-223.665329,80.776688,17.806749,25.494577,-8.684926,-2.964163,-12.89609,0.159026,-14.493149,0.478621,-6.702576,-0.856008,-1.616445,207.566,23.823,0.7442,0.02816,0.59021,-1.263,0.139279,0.151313,0.076826,0.040982
data\raw\data_store\audio140\arctic_a0140(4).wav,audio140,arctic_a0140(4).wav,0140,4,-251.789642,82.129173,1.077229,19.83536,-9.715886,-2.549602,-20.052113,-2.560892,-8.265864,4.514124,-10.332468,1.828835,-1.206118,228.369,39.026,0.6667,0.04934,0.83358,-4.633,0.167596,0.162354,0.068962,0.044593
data\raw\data_store\audio140\arctic_a0140(5).wav,audio140,arctic_a0140(5).wav,0140,5,-244.277054,70.923454,-6.230056,33.367435,-13.328353,4.708418,-11.202704,-18.30088,-0.194096,-8.604588,-8.905323,-0.044512,-8.34009,188.93,27.037,0.7037,0.02895,0.64002,-2.963,0.158951,0.132978,0.066399,0.042511
data\raw\data_store\audio140\arctic_a0140(6).wav,audio140,arctic_a0140(6).wav,0140,6,-254.635178,74.04631,5.128722,36.210312,-11.902047,-4.438024,-21.26424,-8.96313,-16.285488,-6.249922,-10.118207,-3.137399,-5.044743,229.182,45.64,0.8947,0.0407,0.55802,-0.9,0.118572,0.125565,0.117045,0.073202
data\raw\data_store\audio140\arctic_a0140(7).wav,audio140,arctic_a0140(7).wav,0140,7,-259.070038,73.313644,11.195623,19.66453,-14.274523,-0.799829,-15.409552,-0.65072,-6.497365,6.168649,-18.956783,8.479178,-10.900514,186.045,26.312,0.9146,0.04061,0.5458,1.017,0.163524,0.183706,0.075865,0.043439
data\raw\data_store\audio140\arctic_a0140.wav,audio140,arctic_a0140.wav,0140,0,-225.77446,83.373947,11.066219,22.608076,-10.108981,1.189228,-7.540597,0.527536,-5.365438,-4.19588,-9.988584,4.74257,-8.231042,187.182,18.076,0.883,0.03069,0.53816,4.016,0.190001,0.21229,0.115196,0.053708
data\raw\data_store\audio141\arctic_a0141(1).wav,audio141,arctic_a0141(1).wav,0141,1,-202.510956,51.32383,-8.368677,32.759327,-30.760689,4.767705,-18.204548,6.74545,-24.699438,-5.264917,-12.172636,-9.50937,-8.259881,253.108,54.248,0.866,0.04039,0.47287,-3.176,0.187558,0.156658,0.099806,0.051733
data\raw\data_store\audio141\arctic_a0141(3).wav,audio141,arctic_a0141(3).wav,0141,3,-199.505112,74.23629,20.6346,40.892635,-15.448989,-2.989682,-12.856627,-3.347855,-18.134912,-3.750663,-4.22829,-4.0899,-4.413374,210.801,25.461,0.9205,0.03432,0.52925,0.419,0.139526,0.146974,0.102621,0.040303
data\raw\data_store\audio141\arctic_a0141(4).wav,audio141,arctic_a0141(4).wav,0141,4,-205.152512,64.027916,-5.440192,35.243107,-20.222672,-3.718141,-15.246292,-7.458564,-12.339851,-3.456723,-9.510672,-5.775831,-4.98059,227.016,29.194,0.8795,0.01918,0.53433,-0.469,0.164273,0.136017,0.101828,0.048521
data\raw\data_store\audio141\arctic_a0141(5).wav,audio141,arctic_a0141(5).wav,0141,5,-175.564377,64.59816,-16.679762,42.330097,-14.925563,-3.692048,-5.468387,-19.964214,-7.352893,-15.740547,-11.837923,-7.060656,-9.504993,186.78,34.231,0.878,0.03188,0.47673,-10.836,0.173434,0.165873,0.108634,0.051477
data\raw\data_store\audio141\arctic_a0141(6).wav,audio141,arctic_a0141(6).wav,0141,6,-230.357819,81.623428,3.228705,34.635571,-21.567978,-3.63514,-6.920458,-11.668199,-15.065817,-10.661577,-10.661242,-9.493717,-3.434872,221.755,32.518,0.9204,0.03033,0.42981,-3.144,0.113317,0.133896,0.142702,0.090603
data\raw\data_store\audio141\arctic_a0141(7).wav,audio141,arctic_a0141(7).wav,0141,7,-220.591797,74.177666,6.800354,30.036501,-20.60268,1.569663,-11.82565,-3.027683,-12.312641,5.14151,-19.219816,3.011091,-8.452821,185.348,14.058,0.9326,0.01966,0.40177,3.796,0.148231,0.150341,0.102046,0.043174
data\raw\data_store\audio141\arctic_a0141.wav,audio141,arctic_a0141.wav,0141,0,-229.866913,72.392044,10.831539,31.632229,-12.435589,1.74316,0.26015,-3.431032,-8.341602,-5.664581,-6.336317,-3.149799,-8.809793,189.212,19.443,0.951,0.02415,0.38282,4.629,0.15629,0.16994,0.142203,0.079815
data\raw\data_store\audio142\arctic_a0142(1).wav,audio142,arctic_a0142(1).wav,0142,1,-259.254028,60.272484,-7.966986,31.506889,-16.651724,2.114007,-16.114138,9.368272,-16.606709,-2.427951,-10.683002,-3.741712,-5.092387,214.315,37.284,0.8208,0.04808,0.54431,-2.71,0.165762,0.146322,0.068578,0.048242
data\raw\data_store\audio142\arctic_a0142(3).wav,audio142,arctic_a0142(3).wav,0142,3,-216.772644,79.681259,17.85882,21.87701,-12.632336,-0.589314,-16.248384,-7.094894,-12.912589,-2.790472,-4.767607,-0.274731,-5.502933,213.093,23.951,0.7738,0.02804,0.53649,-2.41,0.155927,0.148879,0.084968,0.041594
data\raw\data_store\audio142\arctic_a0142(4).wav,audio142,arctic_a0142(4).wav,0142,4,-202.690277,85.279541,-10.994269,24.574184,-17.376791,1.967079,-33.562469,-10.322886,-8.050257,-4.699167,-6.846302,-2.724468,-2.849199,227.323,38.371,0.9315,0.03258,0.55214,-6.559,0.163249,0.121072,0.114268,0.050492
data\raw\data_store\audio142\arctic_a0142(5).wav,audio142,arctic_a0142(5).wav,0142,5,-220.541183,77.256104,-8.991355,29.20785,-12.840014,4.553544,-11.298754,-24.536572,-4.722604,-10.320351,-9.170554,0.159633,-8.720407,182.766,46.779,0.8375,0.04411,0.59812,-10.167,0.179668,0.13337,0.08275,0.04855
data\raw\data_store\audio142\arctic_a0142(6).wav,audio142,arctic_a0142(6).wav,0142,6,-238.235443,102.519997,-1.973997,31.201921,-13.16047,-0.603542,-16.83469,-12.610258,-12.770018,-8.229692,-7.413611,-6.449456,-3.139493,220.308,54.677,0.9405,0.05104,0.58422,-40.0,0.102557,0.086332,0.133394,0.075481
data\raw\data_store\audio142\arctic_a0142(7).wav,audio142,arctic_a0142(7).wav,0142,7,-226.260895,82.612427,9.18024,15.360291,-17.554724,1.793179,-21.930012,-2.385615,-8.960649,4.832006,-14.158017,4.66692,-6.557341,187.342,19.398,0.925,0.02935,0.50476,-0.689,0.164281,0.139594,0.102533,0.050731
data\raw\data_store\audio142\arctic_a0142.wav,audio142,arctic_a0142.wav,0142,0,-229.308929,85.547157,9.15523,23.248093,-16.143045,4.37286,-7.551394,-6.054744,-2.50714,-6.464765,-8.599768,1.624793,-6.514627,184.103,22.905,0.8736,0.03465,0.46871,4.147,0.162233,0.14508,0.116918,0.060709
data\raw\data_store\audio143\arctic_a0143(1).wav,audio143,arctic_a0143(1).wav,0143,1,-235.476028,70.204956,-19.586706,30.678251,-23.303761,10.243623,-13.63168,6.258518,-17.415556,-1.115631,-14.978458,-7.345026,-9.34856,209.165,32.091,0.9432,0.04396,0.4787,-9.932,0.125744,0.111878,0.071764,0.041503
data\raw\data_store\audio143\arctic_a0143(3).wav,audio143,arctic_a0143(3).wav,0143,3,-178.712067,91.478844,-8.478632,21.708729,-7.591777,-0.291352,-7.109534,-2.517426,-14.173429,-1.029394,-8.907901,-5.008704,-2.891182,198.689,13.721,0.8788,0.02176,0.43411,-3.507,0.101775,0.075495,0.095778,0.042827
data\raw\data_store\audio143\arctic_a0143(4).wav,audio143,arctic_a0143(4).wav,0143,4,-234.070984,92.330063,-27.589697,23.112473,-18.696625,4.007685,-23.195509,-7.333855,-8.444813,4.091829,-11.514158,-7.355987,-2.207802,205.784,26.804,0.9385,0.03687,0.42862,-12.219,0.127129,0.119776,0.081368,0.053911
data\raw\data_store\audio143\arctic_a0143(5).wav,audio143,arctic_a0143(5).wav,0143,5,-325.683533,68.650139,-20.605724,22.233257,-7.264423,12.5864,-2.79304,-11.891758,0.974589,-10.511943,-6.83987,-6.892736,-4.193194,172.479,41.737,0.6951,0.07474,0.49349,-40.0,0.124387,0.121964,0.045953,0.048684
data\raw\data_store\audio143\arctic_a0143(6).wav,audio143,arctic_a0143(6).wav,0143,6,-240.339203,103.697678,-9.265462,26.916346,-28.614429,6.590901,-12.124203,-12.68256,-17.280397,-6.738056,-11.774637,-9.371447,-7.923924,203.076,24.651,0.9529,0.04688,0.4305,-0.065,0.099585,0.084055,0.112484,0.058567
data\raw\data_store\audio143\arctic_a0143(7).wav,audio143,arctic_a0143(7).wav,0143,7,-239.8936,87.984322,-13.977773,12.991388,-13.672224,14.122577,-11.982709,3.07736,-8.08197,12.422528,-26.565878,5.667139,-12.432737,179.759,17.128,0.9275,0.0328,0.40569,-2.3,0.119847,0.116682,0.086218,0.047318
data\raw\data_store\audio143\arctic_a0143.wav,audio143,arctic_a0143.wav,0143,0,-222.105209,101.430031,-16.104109,26.625256,-20.43074,10.32631,2.32065,-2.268428,-8.827581,-1.732701,-9.533811,-7.182364,-8.500059,175.944,14.775,0.9342,0.02767,0.38094,2.05,0.118069,0.144612,0.130676,0.057366
data\raw\data_store\audio144\arctic_a0144(1).wav,audio144,arctic_a0144(1).wav,0144,1,-229.992798,56.399666,-6.031301,29.331026,-24.798515,0.450669,-22.520184,2.759059,-25.473318,-6.121717,-16.039253,-6.621976,-5.397388,234.292,46.713,0.9504,0.0336,0.38302,-4.095,0.162272,0.188736,0.096193,0.041544
data\raw\data_store\audio144\arctic_a0144(3).wav,audio144,arctic_a0144(3).wav,0144,3,-195.62439,86.972458,20.364029,27.478025,-10.632393,-0.991891,-17.956196,-7.734689,-15.143695,-2.112837,-8.336709,-4.272599,-5.957551,215.87,28.687,0.9239,0.02826,0.4102,-0.972,0.126432,0.150464,0.125841,0.036263
data\raw\data_store\audio144\arctic_a0144(4).wav,audio144,arctic_a0144(4).wav,0144,4,-204.763931,89.143646,-3.334104,22.475189,-15.856796,-1.696697,-29.82439,-13.367001,-8.710514,-4.563362,-13.07686,-4.07508,-2.369119,205.39,33.94,0.9778,0.01739,0.35669,-6.49,0.13405,0.154851,0.129315,0.050263
data\raw\data_store\audio144\arctic_a0144(5).wav,audio144,arctic_a0144(5).wav,0144,5,-214.877182,70.625656,-6.642389,31.632929,-7.762379,6.697926,-12.513035,-25.16733,-5.284932,-14.303159,-12.800049,-2.502202,-7.947486,189.038,39.973,0.9684,0.03307,0.3551,-8.018,0.159636,0.171444,0.100181,0.043214
data\raw\data_store\audio144\arctic_a0144(6).wav,audio144,arctic_a0144(6).wav,0144,6,-199.69986,88.975494,2.982749,33.489334,-12.43796,-9.198691,-26.035048,-12.751089,-17.008661,-10.395583,-15.645726,-9.820549,-7.588443,233.573,35.561,1.0,0.0307,0.41353,-3.106,0.124082,0.14689,0.198883,0.082118
data\raw\data_store\audio144\arctic_a0144(7).wav,audio144,arctic_a0144(7).wav,0144,7,-217.231873,85.179482,14.212386,16.337421,-12.536365,-1.540398,-17.7381,-5.427259,-10.958924,3.345429,-19.673044,6.809286,-9.980565,188.922,18.969,0.9394,0.02345,0.33243,2.798,0.142758,0.178056,0.142097,0.051419
data\raw\data_store\audio144\arctic_a0144.wav,audio144,arctic_a0144.wav,0144,0,-245.502335,80.162331,16.46097,30.605032,-10.678907,5.280069,-13.879186,-6.839811,-9.522122,-6.693803,-7.627714,-2.045371,-5.440015,183.054,17.464,0.9459,0.01809,0.34197,5.034,0.131498,0.174836,0.1415,0.056705
data\raw\data_store\audio145\arctic_a0145(1).wav,audio145,arctic_a0145(1).wav,0145,1,-210.218201,55.852226,-2.919308,49.438965,-20.8764,1.938053,-22.69245,10.616949,-20.387421,3.383857,-15.747037,-5.912057,-4.39901,221.218,28.798,0.932,0.03685,0.48441,-2.618,0.096694,0.058884,0.099027,0.044611
data\raw\data_store\audio145\arctic_a0145(3).wav,audio145,arctic_a0145(3).wav,0145,3,-208.066391,82.700806,10.506866,35.397945,-11.001965,-5.725504,-9.475144,-3.865899,-14.907829,-3.30383,-7.321183,-2.55057,-7.044628,208.438,24.32,0.9468,0.02132,0.43278,0.214,0.098546,0.086244,0.096411,0.036508
data\raw\data_store\audio145\arctic_a0145(4).wav,audio145,arctic_a0145(4).wav,0145,4,-218.47995,78.778114,-4.627621,41.091198,-17.998772,-7.335972,-22.383129,-9.86921,-10.356775,-5.208595,-7.21785,-2.292909,-2.429155,205.4,24.801,0.9894,0.02666,0.50422,-1.064,0.127463,0.091562,0.092397,0.035171
data\raw\data_store\audio145\arctic_a0145(5).wav,audio145,arctic_a0145(5).wav,0145,5,-249.766205,65.421791,-20.989584,34.903919,-15.356297,-0.357275,-7.260955,-15.973569,-5.6335,-14.611142,-16.044413,-3.824242,-17.353756,185.495,34.404,0.866,0.04366,0.54833,-3.196,0.173356,0.12558,0.059684,0.031862
data\raw\data_store\audio145\arctic_a0145(6).wav,audio145,arctic_a0145(6).wav,0145,6,-208.142319,84.920181,-4.422516,41.510418,-18.315481,-6.923501,-21.235279,-8.482185,-20.551195,-7.318377,-14.937291,-9.872752,-4.764237,232.315,36.141,1.0,0.04174,0.5251,-1.644,0.074593,0.054781,0.154831,0.063238
data\raw\data_store\audio145\arctic_a0145(7).wav,audio145,arctic_a0145(7).wav,0145,7,-227.139099,84.80545,0.637465,34.538445,-23.27927,-2.094187,-15.92635,-0.660559,-12.008201,3.39487,-18.679741,2.630884,-10.076303,185.425,19.567,0.9899,0.02296,0.43926,-0.669,0.115209,0.084492,0.101589,0.038765
data\raw\data_store\audio145\arctic_a0145.wav,audio145,arctic_a0145.wav,0145,0,-237.808502,85.621933,0.756713,42.012119,-19.366108,4.287848,-11.118825,-3.216269,-7.239132,-11.189188,-9.031795,-3.69674,-6.052645,185.444,18.74,0.982,0.02194,0.3544,4.369,0.103872,0.109349,0.127675,0.043667
data\raw\data_store\audio146\arctic_a0146(1).wav,audio146,arctic_a0146(1).wav,0146,1,-232.496201,61.64043,-0.888375,36.076645,-17.928909,4.983248,-15.724773,10.026894,-16.738718,0.610406,-13.010191,-3.524694,-4.122406,218.349,32.17,0.8426,0.04081,0.49348,-2.852,0.180941,0.180562,0.082235,0.052708
data\raw\data_store\audio146\arctic_a0146(3).wav,audio146,arctic_a0146(3).wav,0146,3,-198.814331,64.965385,30.890171,32.081665,-10.538829,0.332457,-11.313522,-3.688487,-16.576937,-1.091371,-6.138102,-0.081703,-4.379878,205.848,17.609,0.8,0.02979,0.46477,1.809,0.182014,0.176227,0.110858,0.043125
data\raw\data_store\audio146\arctic_a0146(4).wav,audio146,arctic_a0146(4).wav,0146,4,-236.817459,74.323326,3.415118,37.617393,-22.711929,-3.059481,-19.116865,-6.812008,-10.925746,-1.864488,-7.177828,-2.575644,-3.204007,191.319,29.384,0.9211,0.03349,0.48035,-4.932,0.157681,0.124605,0.068262,0.043848
data\raw\data_store\audio146\arctic_a0146(5).wav,audio146,arctic_a0146(5).wav,0146,5,-256.677612,56.902107,-2.265658,42.161606,-17.694162,3.70742,-3.941441,-18.817732,-7.573268,-17.728249,-8.255842,-4.595044,-12.005657,180.814,35.609,0.828,0.02778,0.54676,-4.669,0.181679,0.153185,0.061576,0.042419
data\raw\data_store\audio146\arctic_a0146(6).wav,audio146,arctic_a0146(6).wav,0146,6,-213.061249,87.130272,2.52979,30.413109,-14.331587,-4.862289,-21.907991,-8.539541,-16.878679,-10.137515,-10.862276,-5.332894,-8.808484,214.019,32.813,0.9655,0.03919,0.48166,-5.091,0.131583,0.132252,0.13379,0.084943
data\raw\data_store\audio146\arctic_a0146(7).wav,audio146,arctic_a0146(7).wav,0146,7,-242.288605,71.545158,15.035233,27.76347,-18.27187,1.571577,-12.969647,-1.280075,-13.866213,3.015481,-14.858446,3.409164,-10.450034,179.43,14.211,0.9268,0.02525,0.43767,-1.205,0.163781,0.139059,0.080499,0.04434
data\raw\data_store\audio146\arctic_a0146.wav,audio146,arctic_a0146.wav,0146,0,-245.807831,59.728554,22.842258,39.303627,-16.453869,5.641906,-6.605384,-0.811342,-11.007096,-5.915884,-6.312968,-0.328759,-8.592029,180.867,23.54,0.9674,0.04667,0.42751,3.35,0.187084,0.189886,0.102259,0.050258
data\raw\data_store\audio147\arctic_a0147(1).wav,audio147,arctic_a0147(1).wav,0147,1,-224.235886,70.463394,-6.233566,29.617367,-23.324368,5.988555,-20.015629,6.033785,-18.251022,1.722562,-14.603989,-4.023748,-6.15327,221.508,43.554,0.9313,0.04125,0.47389,-2.768,0.153292,0.134124,0.083841,0.044908
data\raw\data_store\audio147\arctic_a0147(3).wav,audio147,arctic_a0147(3).wav,0147,3,-175.466644,90.241165,15.155186,19.483175,-5.645024,0.359545,-8.909355,-9.260326,-16.133062,1.469334,-9.12708,-2.009138,-6.273378,191.874,46.341,0.8473,0.0237,0.36885,0.348,0.133324,0.128044,0.130472,0.048406
data\raw\data_store\audio147\arctic_a0147(4).wav,audio147,arctic_a0147(4).wav,0147,4,-193.98616,95.556854,-17.337746,30.03521,-16.797874,-2.336083,-26.092096,-9.997219,-11.064027,-4.70004,-7.755965,-5.672128,-0.759771,211.44,25.284,1.0,0.0213,0.39802,-0.022,0.123299,0.099707,0.118703,0.049185
data\raw\data_store\audio147\arctic_a0147(5).wav,audio147,arctic_a0147(5).wav,0147,5,-244.961761,78.264984,-14.867292,31.759476,-13.024191,4.17422,-6.533839,-26.696131,-8.169659,-15.882586,-15.024731,-4.366257,-13.967809,191.459,27.235,0.9504,0.0246,0.44334,-4.201,0.130213,0.110051,0.071238,0.037589
data\raw\data_store\audio147\arctic_a0147(6).wav,audio147,arctic_a0147(6).wav,0147,6,-206.302261,102.856789,-6.755196,31.815386,-17.813078,-3.638282,-20.004185,-13.817801,-19.844917,-10.166441,-7.716823,-9.574339,-4.593026,228.598,30.786,0.9931,0.02399,0.37146,-1.445,0.074184,0.070615,0.191432,0.090014
data\raw\data_store\audio147\arctic_a0147(7).wav,audio147,arctic_a0147(7).wav,0147,7,-209.438507,94.80674,2.250684,15.731797,-16.417271,3.039884,-17.427174,-4.992589,-10.325915,2.671394,-18.519304,1.009223,-11.241439,183.145,15.545,0.9667,0.02012,0.35505,2.608,0.115314,0.099904,0.113567,0.044345
data\raw\data_store\audio147\arctic_a0147.wav,audio147,arctic_a0147.wav,0147,0,-244.936798,89.604477,10.77826,29.386101,-13.910452,7.899479,-6.578809,-6.285463,-6.418871,-9.497332,-6.122833,-3.451619,-8.556838,180.943,14.401,0.9726,0.02214,0.32692,5.798,0.120286,0.13761,0.12136,0.061296
data\raw\data_store\audio148\arctic_a0148(1).wav,audio148,arctic_a0148(1).wav,0148,1,-232.396484,64.996628,-1.361572,35.51804,-21.703695,0.44086,-19.141573,5.005954,-21.37027,-1.687526,-16.800097,-7.106189,-9.061566,218.819,37.006,0.9891,0.02723,0.37419,-4.679,0.128723,0.130758,0.098631,0.041083
data\raw\data_store\audio148\arctic_a0148(3).wav,audio148,arctic_a0148(3).wav,0148,3,-224.354889,79.964302,20.76095,34.325813,-3.661079,-5.358627,-10.162504,-3.383571,-15.848355,-1.267,-6.602323,-2.341952,-6.9881,207.399,15.499,0.8875,0.01497,0.45778,2.124,0.121672,0.134962,0.093153,0.038929
data\raw\data_store\audio148\arctic_a0148(4).wav,audio148,arctic_a0148(4).wav,0148,4,-217.856857,78.64093,2.04734,40.308754,-14.162054,-6.322943,-23.150661,-7.564051,-11.872916,-4.101256,-10.92078,-0.441801,-3.573966,214.072,19.274,0.92,0.019,0.53804,1.664,0.157763,0.140499,0.100728,0.040357
data\raw\data_store\audio148\arctic_a0148(5).wav,audio148,arctic_a0148(5).wav,0148,5,-280.516693,63.10638,-11.179116,40.661182,-10.76375,-1.118406,-8.388003,-19.019724,-10.36746,-18.459749,-12.543863,-4.152218,-10.864511,189.699,26.888,0.9189,0.02328,0.48973,-4.763,0.165311,0.158298,0.0527,0.034926
data\raw\data_store\audio148\arctic_a0148(6).wav,audio148,arctic_a0148(6).wav,0148,6,-228.298538,77.313194,5.461767,34.898457,-6.863703,-6.994084,-20.082556,-7.399632,-16.705976,-11.239706,-11.467608,-9.448359,-7.191223,237.025,29.578,0.9438,0.03867,0.41256,-0.312,0.095577,0.101835,0.177028,0.104937
data\raw\data_store\audio148\arctic_a0148(7).wav,audio148,arctic_a0148(7).wav,0148,7,-216.576141,86.238113,11.78651,32.66357,-8.417345,-7.733729,-12.787284,-2.230033,-15.708851,2.171754,-19.893875,4.723378,-15.879873,182.43,15.271,0.96,0.02211,0.40749,2.109,0.144009,0.145513,0.138843,0.050905
data\raw\data_store\audio148\arctic_a0148.wav,audio148,arctic_a0148.wav,0148,0,-249.394409,76.387909,11.459156,38.44453,-6.751072,-1.307363,-5.060089,-3.486334,-10.471753,-6.236522,-8.357032,-3.648163,-10.434311,187.713,18.959,0.956,0.02821,0.37033,5.254,0.154796,0.180821,0.131964,0.06209
data\raw\data_store\audio149\arctic_a0149(1).wav,audio149,arctic_a0149(1).wav,0149,1,-260.864258,55.667412,-3.934762,27.318741,-23.013649,2.402107,-17.347837,12.496677,-18.076271,1.927803,-17.87923,-0.182671,-8.400307,233.913,56.56,0.8493,0.03638,0.36836,-0.528,0.172222,0.139156,0.065907,0.042678
data\raw\data_store\audio149\arctic_a0149(3).wav,audio149,arctic_a0149(3).wav,0149,3,-193.325989,75.330528,11.667649,25.106625,-7.942186,-3.702434,-12.275065,-4.539976,-14.152563,-2.80302,-4.479702,-4.473239,-4.872156,206.331,20.671,0.9106,0.02924,0.35044,2.005,0.14918,0.151674,0.104476,0.053412
data\raw\data_store\audio149\arctic_a0149(4).wav,audio149,arctic_a0149(4).wav,0149,4,-178.107788,86.407974,-12.134297,24.027098,-12.451539,-7.762705,-21.804771,-9.785719,-9.574513,-1.993476,-9.553824,-2.416119,-4.997997,209.369,22.555,0.9619,0.02524,0.42248,0.042,0.18079,0.15495,0.114912,0.052376
data\raw\data_store\audio149\arctic_a0149(5).wav,audio149,arctic_a0149(5).wav,0149,5,-225.817459,62.124985,-10.11139,32.051075,-10.766228,-3.463948,-5.420817,-23.239216,-9.324695,-14.32224,-10.606474,-3.505546,-15.644657,186.465,28.724,0.9487,0.04308,0.45128,-4.347,0.200623,0.188176,0.07872,0.041833
data\raw\data_store\audio149\arctic_a0149(6).wav,audio149,arctic_a0149(6).wav,0149,6,-208.157318,83.408554,-6.440663,28.183035,-17.463015,-2.933211,-22.344101,-11.239061,-17.560453,-7.948036,-10.010272,-9.109137,-4.35936,233.639,33.195,0.903,0.03048,0.4352,-2.327,0.143239,0.145636,0.156874,0.083551
data\raw\data_store\audio149\arctic_a0149(7).wav,audio149,arctic_a0149(7).wav,0149,7,-210.205338,81.368927,1.270985,15.761064,-18.52602,1.154666,-14.737501,0.298684,-11.381695,7.572342,-19.269552,7.565398,-14.996258,185.72,19.922,0.9741,0.02956,0.32477,1.169,0.170258,0.169383,0.11877,0.048853
data\raw\data_store\audio149\arctic_a0149.wav,audio149,arctic_a0149.wav,0149,0,-221.904495,77.744179,0.052725,26.268362,-16.114666,4.186378,-6.270684,-2.850241,-5.019256,-6.640896,-7.600624,-2.456847,-9.635856,187.187,19.42,0.9478,0.0347,0.30731,4.319,0.170042,0.202708,0.131612,0.070162
data\raw\data_store\audio15\arctic_a0015(1).wav,audio15,arctic_a0015(1).wav,0015,1,-197.391312,61.253963,-22.594456,33.435299,-33.084538,0.01573,-23.280901,-1.714553,-20.120478,4.697158,-8.891857,-7.691679,-0.694712,231.324,40.238,1.0,0.02426,0.32231,0.696,0.128813,0.121059,0.134462,0.060999
data\raw\data_store\audio15\arctic_a0015(3).wav,audio15,arctic_a0015(3).wav,0015,3,-193.034164,102.267738,2.763671,12.885651,-11.630019,4.559176,-15.73595,-10.547394,-9.759614,-8.483451,-0.090125,-2.071343,-6.281046,229.089,32.956,0.9167,0.03339,0.28022,-1.415,0.102828,0.13736,0.130426,0.046452
data\raw\data_store\audio15\arctic_a0015(4).wav,audio15,arctic_a0015(4).wav,0015,4,-181.951874,79.642563,-17.702374,5.671566,-19.28928,4.467885,-26.578024,-8.048277,-2.986892,-9.145037,3.78297,-2.791811,0.629293,212.944,21.01,0.9423,0.02045,0.26581,-0.575,0.148692,0.159576,0.16121,0.051033
data\raw\data_store\audio15\arctic_a0015(5).wav,audio15,arctic_a0015(5).wav,0015,5,-195.030319,82.524635,-14.867589,3.795683,-2.360664,2.252419,-7.304845,-21.099552,-3.80598,-10.465283,-8.519296,5.354832,-13.124711,169.738,20.468,0.7833,0.0238,0.32359,-5.416,0.192618,0.224448,0.119991,0.058998
data\raw\data_store\audio15\arctic_a0015(6).wav,audio15,arctic_a0015(6).wav,0015,6,-212.292526,96.228378,-13.721345,28.042942,-27.871153,-8.882346,-28.469385,-15.06066,-23.604687,3.087259,-11.838632,-8.711666,-6.238111,221.399,31.048,1.0,0.02303,0.36556,-3.455,0.098248,0.091359,0.15465,0.055682
data\raw\data_store\audio15\arctic_a0015(7).wav,audio15,arctic_a0015(7).wav,0015,7,-202.690308,82.713654,-11.670742,1.341105,-15.144976,4.766586,-28.596676,3.305766,-7.331454,-1.599999,-8.028411,6.036527,-10.741681,190.583,12.582,0.8679,0.01355,0.2405,3.204,0.203723,0.240106,0.157998,0.05632
data\raw\data_store\audio15\arctic_a0015.wav,audio15,arctic_a0015.wav,0015,0,-257.576324,107.257072,-18.084072,22.773729,-18.097258,-2.658349,-5.431461,-14.725995,-2.643229,-11.662109,-5.267787,1.030862,-10.841826,190.096,15.126,0.9464,0.02318,0.19758,8.236,0.133892,0.197255,0.153183,0.063057
data\raw\data_store\audio150\arctic_a0150(1).wav,audio150,arctic_a0150(1).wav,0150,1,-260.167145,72.890343,-13.308544,41.170334,-26.115122,1.518531,-21.174345,10.017631,-18.006599,0.752639,-12.376726,-7.835161,-3.035676,225.442,33.285,0.8136,0.04489,0.52024,-5.413,0.122825,0.088743,0.080678,0.05206
data\raw\data_store\audio150\arctic_a0150(3).wav,audio150,arctic_a0150(3).wav,0150,3,-191.060059,76.831024,11.385029,47.016499,-13.281064,-5.924654,-12.435734,-1.386352,-16.65233,-3.892104,-4.399465,-6.126255,-3.893394,205.014,17.294,0.8542,0.0137,0.44947,-1.598,0.115312,0.115284,0.112492,0.04441
data\raw\data_store\audio150\arctic_a0150(4).wav,audio150,arctic_a0150(4).wav,0150,4,-210.870575,72.413643,-22.415787,58.742386,-17.976009,-12.49958,-23.19614,-9.600041,-6.935133,-5.962473,-4.371841,-2.221643,-2.482213,217.34,28.255,0.9762,0.02127,0.46501,-40.0,0.121595,0.078352,0.102998,0.04898
data\raw\data_store\audio150\arctic_a0150(5).wav,audio150,arctic_a0150(5).wav,0150,5,-287.592285,75.526543,-30.087496,47.606533,-14.307832,-6.261563,-1.531293,-15.578398,0.01948,-10.743458,-10.839864,0.600244,-13.111333,185.38,24.368,0.7692,0.04424,0.48292,-5.946,0.122759,0.070506,0.062278,0.052184
data\raw\data_store\audio150\arctic_a0150(6).wav,audio150,arctic_a0150(6).wav,0150,6,-238.787216,102.875587,-10.421969,41.231602,-13.826781,-4.212458,-20.234787,-12.400474,-13.849813,-8.546023,-8.74496,-9.606856,-3.899771,213.497,30.033,0.9636,0.04284,0.41008,-0.153,0.087402,0.087918,0.147942,0.082479
data\raw\data_store\audio150\arctic_a0150(7).wav,audio150,arctic_a0150(7).wav,0150,7,-215.189117,90.346962,-5.7632,41.112164,-21.0131,-5.566327,-19.700575,1.267821,-10.847372,4.531474,-18.995165,5.955139,-11.081193,180.146,10.689,1.0,0.01459,0.38221,-0.12,0.104818,0.100124,0.122631,0.049263
data\raw\data_store\audio150\arctic_a0150.wav,audio150,arctic_a0150.wav,0150,0,-224.79924,70.921875,-3.84716,57.694336,-21.870047,-3.06558,-7.067782,-1.488633,-5.854476,-9.324278,-5.808773,-4.746983,-7.131851,188.159,25.535,0.9643,0.02612,0.38807,-0.195,0.11669,0.120946,0.143679,0.048724
data\raw\data_store\audio151\arctic_a0151(1).wav,audio151,arctic_a0151(1).wav,0151,1,-280.264954,54.624363,1.580847,36.378868,-16.299116,4.769073,-23.267635,7.886635,-17.979925,1.557781,-16.090128,-4.554865,-1.976373,220.899,55.361,0.8939,0.04276,0.37437,-0.349,0.142727,0.163354,0.063875,0.036821
data\raw\data_store\audio151\arctic_a0151(3).wav,audio151,arctic_a0151(3).wav,0151,3,-215.511734,79.604568,14.492106,29.08861,-2.979348,0.023359,-11.894004,-5.925151,-16.825321,-5.702493,-3.513196,-4.65174,-3.895125,208.283,20.258,0.8868,0.02581,0.34129,1.96,0.120548,0.140417,0.109691,0.053519
data\raw\data_store\audio151\arctic_a0151(4).wav,audio151,arctic_a0151(4).wav,0151,4,-239.939117,79.52816,-6.765362,35.546101,-17.593863,-2.600134,-26.054312,-12.019295,-10.967309,-6.878871,-4.171982,-4.125928,-0.279004,221.682,25.076,0.8673,0.03254,0.36807,-0.564,0.138521,0.137462,0.09461,0.054684
data\raw\data_store\audio151\arctic_a0151(5).wav,audio151,arctic_a0151(5).wav,0151,5,-264.927582,57.295341,-10.534386,36.014736,-7.152113,5.459111,-8.504579,-20.916719,-4.437531,-15.831808,-9.333259,-2.701444,-11.474628,198.391,27.52,0.7429,0.03416,0.48689,-4.871,0.167108,0.16467,0.06758,0.052221
data\raw\data_store\audio151\arctic_a0151(6).wav,audio151,arctic_a0151(6).wav,0151,6,-251.531265,78.550659,2.580783,43.410851,-11.414907,-3.304813,-18.658989,-9.292738,-15.111488,-12.80459,-10.470216,-8.83318,-3.429946,223.493,30.441,0.9268,0.04417,0.33684,1.013,0.087891,0.118852,0.154308,0.087097
data\raw\data_store\audio151\arctic_a0151(7).wav,audio151,arctic_a0151(7).wav,0151,7,-208.36348,79.753769,4.494135,21.54991,-13.112942,0.394648,-17.701754,1.267272,-10.511615,2.495449,-15.134974,3.107397,-9.775181,180.991,17.463,0.8947,0.02813,0.35691,0.653,0.138844,0.15386,0.139593,0.062358
data\raw\data_store\audio151\arctic_a0151.wav,audio151,arctic_a0151.wav,0151,0,-252.319366,78.600929,4.419514,36.849449,-11.222667,3.791108,-8.472032,-4.255638,-5.999591,-12.10294,-3.318084,-4.94999,-7.262108,191.847,21.706,0.931,0.03979,0.34917,4.537,0.145839,0.182203,0.146636,0.080286
data\raw\data_store\audio152\arctic_a0152(1).wav,audio152,arctic_a0152(1).wav,0152,1,-266.558472,55.655487,-5.835978,35.127174,-19.680275,-4.756471,-15.364674,12.045216,-14.509585,0.891133,-10.967506,0.060089,-7.718459,219.051,41.021,0.7864,0.03924,0.47055,-5.483,0.161024,0.156818,0.05963,0.044491
data\raw\data_store\audio152\arctic_a0152(3).wav,audio152,arctic_a0152(3).wav,0152,3,-181.922318,84.926285,14.854852,24.880009,-9.198609,-3.180135,-16.404984,-6.594472,-12.671839,0.57806,-6.868316,-0.079368,-4.246565,214.325,20.43,0.8592,0.02521,0.4817,1.283,0.140406,0.108699,0.11423,0.052216
data\raw\data_store\audio152\arctic_a0152(4).wav,audio152,arctic_a0152(4).wav,0152,4,-182.3647,85.315224,-4.810201,24.864319,-20.118402,-2.324135,-24.899097,-9.836412,-7.924669,-0.863384,-8.923279,0.0103,-3.826922,212.27,31.736,0.9697,0.03058,0.51206,-5.373,0.194281,0.142792,0.099544,0.049571
data\raw\data_store\audio152\arctic_a0152(5).wav,audio152,arctic_a0152(5).wav,0152,5,-199.520187,67.047615,-13.498102,27.017788,-17.613361,3.630533,-16.138542,-18.00725,-4.009831,-15.127627,-8.72523,-4.023793,-7.989184,193.548,31.549,0.8767,0.0304,0.55856,-40.0,0.216769,0.158242,0.082488,0.049342
data\raw\data_store\audio152\arctic_a0152(6).wav,audio152,arctic_a0152(6).wav,0152,6,-218.311798,85.279694,-3.359969,35.651806,-18.837437,-1.1675,-21.460699,-9.441209,-13.176052,-10.405044,-7.583743,-4.972245,-6.79799,226.074,33.998,0.9157,0.03364,0.53438,-2.919,0.13021,0.118702,0.124585,0.072007
data\raw\data_store\audio152\arctic_a0152(7).wav,audio152,arctic_a0152(7).wav,0152,7,-215.906693,82.721802,8.297962,19.630314,-19.023453,2.360929,-24.163387,-3.480568,-5.663651,4.299106,-19.135391,9.252535,-13.736648,181.433,16.499,0.9459,0.01962,0.49805,-2.135,0.180587,0.152344,0.09224,0.044752
data\raw\data_store\audio152\arctic_a0152.wav,audio152,arctic_a0152.wav,0152,0,-231.052856,74.155121,17.742296,25.900532,-9.340466,3.104453,-8.186547,-0.168022,-7.287404,-6.500691,-8.527053,1.519781,-10.595656,192.678,17.747,0.9398,0.02392,0.51504,4.893,0.192766,0.189488,0.11592,0.058561
data\raw\data_store\audio153\arctic_a0153(1).wav,audio153,arctic_a0153(1).wav,0153,1,-260.763611,58.356731,-4.904407,33.694366,-17.293297,2.268099,-17.126701,7.303314,-17.346069,-0.356285,-16.300312,-5.532873,0.59298,232.354,43.62,0.8944,0.03878,0.51825,-3.575,0.180232,0.156982,0.063764,0.036796
data\raw\data_store\audio153\arctic_a0153(3).wav,audio153,arctic_a0153(3).wav,0153,3,-222.206924,72.692116,27.009348,22.489933,-4.430961,0.6415,-17.714157,-1.329468,-17.776102,-5.65958,-6.026878,-0.514231,-4.033098,216.357,24.311,0.8475,0.02707,0.62621,-3.167,0.1826,0.156834,0.085165,0.039114
data\raw\data_store\audio153\arctic_a0153(4).wav,audio153,arctic_a0153(4).wav,0153,4,-212.059464,73.757233,2.310771,28.126326,-12.154731,-2.412076,-23.868128,-3.727875,-10.989339,-7.645546,-6.600437,-1.312978,-0.737985,215.207,30.681,0.8235,0.03557,0.6242,-6.033,0.190048,0.156605,0.08692,0.048329
data\raw\data_store\audio153\arctic_a0153(5).wav,audio153,arctic_a0153(5).wav,0153,5,-275.749115,54.527626,-1.562959,32.976097,-5.068306,7.554179,-11.066213,-18.565884,-8.890437,-11.593376,-13.172204,-3.495896,-9.569827,186.6,27.522,0.9211,0.02915,0.68569,-2.606,0.218244,0.171595,0.044008,0.028488
data\raw\data_store\audio153\arctic_a0153(6).wav,audio153,arctic_a0153(6).wav,0153,6,-229.542816,82.968437,5.866693,39.007256,-12.316523,-2.718708,-17.578451,-10.18309,-15.696064,-9.703618,-7.945173,-8.300742,-4.888354,224.358,28.81,0.9375,0.04359,0.48708,0.592,0.158376,0.158621,0.131366,0.07372
data\raw\data_store\audio153\arctic_a0153(7).wav,audio153,arctic_a0153(7).wav,0153,7,-221.078827,75.867928,9.846588,22.162413,-5.831112,0.047986,-22.388411,-2.10085,-11.283903,2.096955,-16.268559,5.153491,-8.126507,183.893,19.723,0.9912,0.04002,0.57509,-0.763,0.19137,0.155882,0.098472,0.051878
data\raw\data_store\audio153\arctic_a0153.wav,audio153,arctic_a0153.wav,0153,0,-236.041,66.87529,16.908554,27.831024,-6.539705,3.719564,-6.902809,-3.320669,-9.872379,-9.319433,-7.665044,0.516731,-6.312886,193.495,24.106,0.9118,0.03721,0.5201,2.619,0.20291,0.198662,0.116993,0.060229
data\raw\data_store\audio154\arctic_a0154(1).wav,audio154,arctic_a0154(1).wav,0154,1,-261.163696,60.829994,-14.209477,30.460993,-21.560654,5.872663,-16.729753,8.73491,-17.231853,-1.854521,-16.307072,-6.169903,-5.215692,230.804,46.656,0.912,0.0478,0.38678,-4.296,0.163138,0.170079,0.06349,0.040362
data\raw\data_store\audio154\arctic_a0154(3).wav,audio154,arctic_a0154(3).wav,0154,3,-193.197952,75.880898,19.774456,28.20392,-4.443483,-6.239966,-14.15141,-0.416116,-16.100521,-4.533111,-5.083288,-3.851404,-5.129636,217.346,25.121,0.7865,0.03611,0.39983,-1.0,0.173455,0.178972,0.111783,0.045315
data\raw\data_store\audio154\arctic_a0154(4).wav,audio154,arctic_a0154(4).wav,0154,4,-214.944138,71.440941,-13.904248,41.860096,-16.374111,-10.636238,-23.957432,-7.973218,-8.112337,-10.973148,-5.94547,-5.230362,-2.483131,225.266,33.499,0.9875,0.02859,0.39459,2.245,0.159507,0.138583,0.104516,0.045648
data\raw\data_store\audio154\arctic_a0154(5).wav,audio154,arctic_a0154(5).wav,0154,5,-225.131027,56.53775,-15.256576,38.572807,-8.243231,2.758863,-3.442243,-16.549187,-6.143011,-10.369167,-14.973247,-0.137056,-12.923923,187.315,30.906,0.8495,0.03416,0.37355,-5.804,0.171058,0.166732,0.097713,0.060069
data\raw\data_store\audio154\arctic_a0154(6).wav,audio154,arctic_a0154(6).wav,0154,6,-223.36969,75.224922,-8.001467,39.153267,-17.577625,-3.896649,-16.317287,-7.131512,-18.665108,-13.266507,-11.555114,-8.338573,-3.409572,220.07,26.015,0.9115,0.03512,0.32336,0.934,0.114312,0.140964,0.153103,0.089146
data\raw\data_store\audio154\arctic_a0154(7).wav,audio154,arctic_a0154(7).wav,0154,7,-200.612885,86.60273,-6.437539,22.696831,-13.910609,-3.310198,-16.573097,4.521286,-12.057984,0.108658,-20.946991,5.987923,-16.211628,182.142,17.737,0.9655,0.03086,0.33905,1.616,0.163068,0.172514,0.126994,0.047245
data\raw\data_store\audio154\arctic_a0154.wav,audio154,arctic_a0154.wav,0154,0,-237.096176,73.821701,2.250635,35.511047,-15.43118,1.700888,-5.788661,-3.155935,-9.682471,-9.932231,-5.341736,-3.624717,-9.171061,192.752,28.382,0.9796,0.02878,0.32318,4.933,0.138002,0.173567,0.132054,0.061501
data\raw\data_store\audio155\arctic_a0155(1).wav,audio155,arctic_a0155(1).wav,0155,1,-230.670364,76.579849,-20.07103,28.859573,-32.271969,7.81546,-19.187794,4.226729,-17.647945,-0.90502,-14.815918,-8.57527,-7.944635,261.841,46.317,0.875,0.04381,0.46019,-2.306,0.108008,0.053393,0.114235,0.057732
data\raw\data_store\audio155\arctic_a0155(3).wav,audio155,arctic_a0155(3).wav,0155,3,-209.64946,106.047775,19.880497,28.12454,-18.974483,2.815662,-14.233369,-11.385909,-11.688626,-4.541984,-3.896904,-9.27126,-2.623637,217.712,22.13,1.0,0.02157,0.46188,2.06,0.077927,0.05172,0.136586,0.049287
data\raw\data_store\audio155\arctic_a0155(4).wav,audio155,arctic_a0155(4).wav,0155,4,-219.089188,99.53936,-11.017453,27.342237,-27.209143,2.448157,-17.549829,-14.981347,-10.503505,-10.220123,-11.388105,-5.880573,-6.475878,260.863,28.965,0.8696,0.01487,0.38618,-0.235,0.092297,0.077592,0.15071,0.06413
data\raw\data_store\audio155\arctic_a0155(5).wav,audio155,arctic_a0155(5).wav,0155,5,-244.179672,79.786476,-15.417564,25.306479,-30.972158,3.320584,-1.605607,-28.62966,-5.728659,-14.5344,-9.995808,-5.560761,-17.464344,222.679,27.523,0.902,0.02743,0.48663,-2.909,0.1015,0.052106,0.092673,0.044086
data\raw\data_store\audio155\arctic_a0155(6).wav,audio155,arctic_a0155(6).wav,0155,6,-241.360657,93.742668,-11.921255,29.631569,-17.610456,3.585948,-16.135324,-16.728125,-15.204247,-12.000852,-10.586096,-9.875852,-7.717034,250.55,37.849,0.9153,0.04494,0.38519,-2.715,0.071662,0.03552,0.189109,0.095404
data\raw\data_store\audio155\arctic_a0155(7).wav,audio155,arctic_a0155(7).wav,0155,7,-236.521362,96.5606,-1.955313,17.435274,-17.799578,11.363276,-18.130373,-6.245589,-12.484225,3.457921,-17.839979,2.345468,-14.792282,186.854,15.139,0.9583,0.01988,0.37828,2.691,0.106523,0.077003,0.112358,0.05568
data\raw\data_store\audio155\arctic_a0155.wav,audio155,arctic_a0155.wav,0155,0,-253.543716,94.845367,0.120182,29.891432,-17.460279,6.593609,0.662198,-9.34655,-2.442307,-8.414104,-6.998017,-4.349067,-12.955177,186.414,18.729,0.9344,0.02191,0.38291,5.227,0.092439,0.075775,0.138349,0.068803
data\raw\data_store\audio156\arctic_a0156(1).wav,audio156,arctic_a0156(1).wav,0156,1,-208.857788,58.636379,-12.3084,31.36972,-21.08601,0.022111,-15.946534,9.141903,-17.336687,1.823531,-15.955576,-0.603013,-7.183771,211.273,33.762,0.8037,0.03599,0.35754,-6.947,0.191378,0.193046,0.087343,0.046505
data\raw\data_store\audio156\arctic_a0156(3).wav,audio156,arctic_a0156(3).wav,0156,3,-205.451706,89.977928,3.648686,28.566198,-7.779743,-7.745591,-11.339477,-2.635777,-11.908283,-4.991803,-4.584909,-1.258148,-6.593694,209.233,25.002,0.8854,0.02507,0.36332,-3.394,0.117432,0.125382,0.103938,0.047709
data\raw\data_store\audio156\arctic_a0156(4).wav,audio156,arctic_a0156(4).wav,0156,4,-210.273895,92.070778,-15.325152,25.825609,-8.848811,-5.435192,-22.041176,-9.012981,-7.165862,-5.120317,-8.373796,-3.172994,-3.025834,213.17,37.459,0.9024,0.03159,0.37748,-5.421,0.132744,0.104496,0.111236,0.046454
data\raw\data_store\audio156\arctic_a0156(5).wav,audio156,arctic_a0156(5).wav,0156,5,-257.080261,71.546608,-23.093233,33.931831,-12.158065,3.594716,-12.829068,-18.864546,-4.14179,-14.230811,-10.850162,-2.351075,-11.828814,190.822,38.747,0.8152,0.02917,0.38895,-22.49,0.158958,0.145878,0.065558,0.040683
data\raw\data_store\audio156\arctic_a0156(6).wav,audio156,arctic_a0156(6).wav,0156,6,-223.110672,86.114388,-3.060903,22.38656,-19.907337,1.654411,-17.914553,-10.934999,-13.484592,-8.218215,-11.800576,-5.878195,-4.059481,221.825,39.007,0.931,0.04091,0.35775,-2.663,0.103455,0.116347,0.156624,0.09331
data\raw\data_store\audio156\arctic_a0156(7).wav,audio156,arctic_a0156(7).wav,0156,7,-253.215729,88.23645,-6.674071,16.57213,-10.006755,-0.196812,-18.961193,1.22359,-8.121121,1.90575,-16.867189,4.740354,-14.833894,182.538,14.983,0.9333,0.02168,0.33114,-1.824,0.145184,0.135185,0.083215,0.03987
data\raw\data_store\audio156\arctic_a0156.wav,audio156,arctic_a0156.wav,0156,0,-261.282288,78.030243,-2.893283,25.710276,-4.501338,2.664529,-6.102474,-1.335068,-2.374776,-7.977391,-6.591964,2.05026,-10.069102,186.09,18.092,0.9038,0.02067,0.32971,3.912,0.135547,0.158265,0.119416,0.055918
data\raw\data_store\audio157\arctic_a0157(1).wav,audio157,arctic_a0157(1).wav,0157,1,-261.278198,50.023453,-12.327037,35.215046,-24.044828,3.944832,-18.29303,8.61639,-14.6712,-0.473778,-13.507178,-1.740935,-7.215788,219.14,35.9,0.8493,0.04224,0.46269,-4.87,0.150927,0.121684,0.057341,0.037467
data\raw\data_store\audio157\arctic_a0157(3).wav,audio157,arctic_a0157(3).wav,0157,3,-195.721146,79.269089,20.521082,32.107597,-7.47504,-8.635767,-9.635129,-4.161124,-14.522092,-1.602326,-8.444928,1.953257,-7.558371,205.052,22.74,0.8137,0.02482,0.46043,1.531,0.147097,0.177042,0.098989,0.039946
data\raw\data_store\audio157\arctic_a0157(4).wav,audio157,arctic_a0157(4).wav,0157,4,-204.990143,85.995285,-12.738522,31.011169,-8.995704,-6.291126,-22.510281,-8.631541,-9.42154,-4.833137,-5.813455,-1.924783,-4.022329,209.554,25.649,0.9697,0.03439,0.53437,-0.738,0.134128,0.092117,0.092532,0.044875
data\raw\data_store\audio157\arctic_a0157(5).wav,audio157,arctic_a0157(5).wav,0157,5,-239.231293,65.926865,-24.377829,42.376007,-11.791761,-1.726434,-8.787613,-17.32329,-4.636203,-14.738491,-10.814087,-5.189209,-9.989371,188.745,27.525,0.8283,0.035,0.51064,-4.756,0.143318,0.086767,0.067564,0.0437
data\raw\data_store\audio157\arctic_a0157(6).wav,audio157,arctic_a0157(6).wav,0157,6,-213.439987,95.24884,-6.658653,36.670078,-17.890465,-0.023449,-17.594957,-12.732157,-14.528903,-7.678349,-10.120642,-7.26085,-6.506478,221.656,30.917,1.0,0.03964,0.40319,-1.788,0.078286,0.088256,0.150671,0.073833
data\raw\data_store\audio157\arctic_a0157(7).wav,audio157,arctic_a0157(7).wav,0157,7,-197.560562,81.209671,-2.089803,32.956779,-17.489088,-3.354936,-20.665878,2.753684,-9.00088,-0.260972,-15.667565,2.972821,-9.112716,185.392,14.95,0.9167,0.02612,0.49191,0.282,0.144919,0.14834,0.108741,0.049806
data\raw\data_store\audio157\arctic_a0157.wav,audio157,arctic_a0157.wav,0157,0,-215.89325,68.352272,9.079308,35.697479,-13.424232,2.160288,-9.988566,-3.961101,-5.265599,-6.177958,-8.508608,1.463326,-8.006646,184.693,15.405,0.8739,0.02334,0.44869,3.91,0.157592,0.165682,0.132474,0.062932
data\raw\data_store\audio158\arctic_a0158(1).wav,audio158,arctic_a0158(1).wav,0158,1,-243.864914,73.842484,-19.688192,23.059719,-30.224846,2.977699,-35.527737,-0.7957,-19.065475,-2.168961,-16.782322,-7.974267,-6.42724,249.447,49.333,1.0,0.05307,0.50615,-2.552,0.098755,0.059067,0.075128,0.025756
data\raw\data_store\audio158\arctic_a0158(3).wav,audio158,arctic_a0158(3).wav,0158,3,-201.14212,94.826202,17.614096,14.434003,-11.548319,2.243702,-20.551634,-11.238254,-13.017838,0.503798,-8.024308,-6.59939,1.045755,224.175,20.922,0.9143,0.04077,0.57743,3.882,0.064485,0.020716,0.114035,0.04888
data\raw\data_store\audio158\arctic_a0158(4).wav,audio158,arctic_a0158(4).wav,0158,4,-184.774185,89.043701,-20.703049,21.496511,-21.488846,3.054289,-40.838352,-19.001011,-6.701918,-2.984355,-14.771766,-9.322412,2.199045,259.369,31.259,0.963,0.02433,0.5861,0.731,0.115234,0.080895,0.138832,0.050147
data\raw\data_store\audio158\arctic_a0158(5).wav,audio158,arctic_a0158(5).wav,0158,5,-242.555145,71.494797,-15.283838,27.007393,-12.736863,11.440357,-13.09432,-32.344902,3.708116,-9.973703,-10.456379,-3.147423,-7.122347,192.129,10.343,0.9375,0.02818,0.65907,0.57,0.147217,0.133094,0.078993,0.046869
data\raw\data_store\audio158\arctic_a0158(6).wav,audio158,arctic_a0158(6).wav,0158,6,-221.798203,106.769623,-8.407671,26.970604,-6.119388,-6.070203,-22.31978,-11.317525,-12.288327,-8.732317,-12.696931,-4.056174,-6.93131,238.415,30.119,0.9714,0.0501,0.54589,0.511,0.050135,0.017895,0.195531,0.075426
data\raw\data_store\audio158\arctic_a0158(7).wav,audio158,arctic_a0158(7).wav,0158,7,-197.79158,102.677299,4.973635,22.277882,-16.974735,-0.21791,-29.598455,-0.496825,-9.044996,5.182679,-22.649488,10.307119,-10.782981,185.576,9.436,0.9118,0.01818,0.51682,5.453,0.098991,0.078554,0.145545,0.058061
data\raw\data_store\audio158\arctic_a0158.wav,audio158,arctic_a0158.wav,0158,0,-220.236328,80.851234,1.266295,22.322523,-13.516393,5.997548,-18.791124,-6.719906,-9.77029,-2.466944,-8.591374,-3.536888,-6.744989,187.967,18.533,1.0,0.05533,0.43413,6.784,0.105426,0.09462,0.139985,0.065156
data\raw\data_store\audio159\arctic_a0159(1).wav,audio159,arctic_a0159(1).wav,0159,1,-228.149628,61.248306,-21.6157,26.957718,-32.522102,9.09592,-25.190067,7.404983,-18.272552,0.931576,-17.451729,-6.919651,-4.776742,232.631,40.316,0.8984,0.04192,0.35977,-3.563,0.108225,0.086551,0.085095,0.046071
data\raw\data_store\audio159\arctic_a0159(3).wav,audio159,arctic_a0159(3).wav,0159,3,-188.166,95.803574,21.103477,24.923214,-12.482949,-7.547044,-9.840693,-8.348263,-14.299258,-4.425131,-6.3975,-1.223376,-6.465684,200.243,40.019,0.8925,0.03601,0.36749,1.423,0.099231,0.096053,0.126904,0.044531
data\raw\data_store\audio159\arctic_a0159(4).wav,audio159,arctic_a0159(4).wav,0159,4,-225.377258,84.974579,-21.570841,27.543194,-18.472937,-3.261204,-25.272238,-14.826783,-10.075508,-2.598376,-10.719544,-5.121753,-1.695902,234.508,32.866,1.0,0.02224,0.35458,0.761,0.093971,0.079873,0.106201,0.039491
data\raw\data_store\audio159\arctic_a0159(5).wav,audio159,arctic_a0159(5).wav,0159,5,-170.693909,79.654892,-23.850597,34.456764,-16.963951,-4.818059,-3.771908,-29.358515,-7.498975,-15.017868,-14.538796,-6.0774,-11.767829,192.203,30.085,0.9091,0.03217,0.40061,-2.031,0.131743,0.129392,0.128305,0.054247
data\raw\data_store\audio159\arctic_a0159(6).wav,audio159,arctic_a0159(6).wav,0159,6,-224.424911,106.123184,-5.251747,37.756115,-21.658937,-2.344445,-20.072565,-15.158807,-16.248903,-10.225833,-12.697763,-11.603761,-5.486772,217.483,25.737,0.9211,0.0264,0.30498,-0.053,0.046183,0.017715,0.165397,0.071851
data\raw\data_store\audio159\arctic_a0159(7).wav,audio159,arctic_a0159(7).wav,0159,7,-226.413391,96.588913,1.754269,28.041418,-20.659182,-3.554439,-18.909121,-5.175722,-9.725891,3.350167,-21.220778,3.500459,-11.397183,184.152,13.021,0.9545,0.01299,0.31778,1.148,0.080933,0.072519,0.104677,0.037943
data\raw\data_store\audio159\arctic_a0159.wav,audio159,arctic_a0159.wav,0159,0,-232.425003,88.52906,0.377195,37.670158,-24.452583,4.323526,-6.905912,-6.097077,-9.255273,-5.397382,-7.684674,-0.358466,-11.188412,180.803,15.394,0.973,0.01783,0.31085,3.995,0.093549,0.110199,0.124833,0.044204
data\raw\data_store\audio16\arctic_a0016(1).wav,audio16,arctic_a0016(1).wav,0016,1,-250.12883,52.011292,-2.183872,35.370857,-15.687336,3.377086,-19.939913,10.218158,-13.421619,0.618043,-8.905532,-2.612658,0.339071,218.575,32.484,0.872,0.03176,0.40636,-4.844,0.177815,0.15939,0.075773,0.045701
data\raw\data_store\audio16\arctic_a0016(3).wav,audio16,arctic_a0016(3).wav,0016,3,-202.027161,73.299431,13.346821,27.474247,-12.389319,2.814117,-18.241261,-7.874328,-8.304234,-0.949982,-3.548192,-4.954487,-1.529173,227.348,27.355,0.7642,0.02967,0.42131,-1.094,0.145639,0.154956,0.106707,0.048763
data\raw\data_store\audio16\arctic_a0016(4).wav,audio16,arctic_a0016(4).wav,0016,4,-249.027054,69.802055,-8.493526,30.900591,-11.042699,-2.084975,-17.971636,-11.041234,-1.573347,-3.987757,-3.009656,0.464725,-0.624518,233.413,37.374,0.7778,0.03625,0.53536,-4.557,0.159475,0.139278,0.094103,0.06334
data\raw\data_store\audio16\arctic_a0016(5).wav,audio16,arctic_a0016(5).wav,0016,5,-292.372314,61.53286,-11.879317,31.237873,-11.917781,2.870139,-9.605077,-20.611444,-2.561913,-7.03512,-12.851267,0.468076,-8.562938,182.857,17.71,0.4839,0.03218,0.52629,-2.006,0.168799,0.148637,0.04726,0.038982
data\raw\data_store\audio16\arctic_a0016(6).wav,audio16,arctic_a0016(6).wav,0016,6,-271.55835,68.17347,-1.668718,36.256081,-12.019763,-12.474998,-26.912041,-10.940153,-11.859334,-2.417525,-13.397809,-3.061798,-7.128449,229.426,33.218,0.9091,0.04202,0.46471,-4.804,0.142288,0.132581,0.110171,0.076202
data\raw\data_store\audio16\arctic_a0016(7).wav,audio16,arctic_a0016(7).wav,0016,7,-212.237473,79.849411,-5.866633,20.366734,-23.720751,2.602938,-22.216314,-5.640304,-5.882967,-2.941277,-16.643847,4.03785,-15.580791,193.47,22.579,0.8922,0.03411,0.44886,0.541,0.158602,0.138915,0.105672,0.054503
data\raw\data_store\audio16\arctic_a0016.wav,audio16,arctic_a0016.wav,0016,0,-242.974319,89.816566,-0.758993,28.951954,-17.263874,1.229805,-9.035042,-12.388629,-1.661994,-8.029232,-9.629363,1.80905,-9.655414,183.335,19.023,0.9274,0.0376,0.39469,2.051,0.1592,0.170521,0.111316,0.053672
data\raw\data_store\audio160\arctic_a0160(1).wav,audio160,arctic_a0160(1).wav,0160,1,-215.338455,79.038902,-9.363341,32.510338,-33.805019,9.394391,-19.327812,0.898858,-20.973358,-7.303303,-13.702075,-9.456445,-1.37878,220.494,31.925,0.9892,0.03046,0.37173,-1.713,0.097804,0.088908,0.115397,0.044963
data\raw\data_store\audio160\arctic_a0160(3).wav,audio160,arctic_a0160(3).wav,0160,3,-218.460464,91.049583,26.214531,27.216909,-7.169767,-4.114246,-12.720645,-9.115352,-17.944361,-7.708542,-4.264654,-2.735483,-3.008871,212.702,21.61,0.9756,0.02175,0.39023,5.088,0.109488,0.141719,0.114464,0.041542
data\raw\data_store\audio160\arctic_a0160(4).wav,audio160,arctic_a0160(4).wav,0160,4,-215.550903,92.86235,-10.720575,40.194035,-9.573738,-6.080006,-26.474239,-14.40173,-14.122825,-8.302917,-2.676619,-4.3803,-1.604995,218.123,30.749,1.0,0.02864,0.46188,-3.574,0.108096,0.106,0.114748,0.049495
data\raw\data_store\audio160\arctic_a0160(5).wav,audio160,arctic_a0160(5).wav,0160,5,-250.03273,76.000748,-16.331011,40.044025,-10.049625,1.930895,-8.153174,-27.101419,-11.025161,-21.38122,-8.324642,-6.412123,-9.506768,188.183,32.662,0.9359,0.03206,0.43007,-9.592,0.141298,0.135839,0.07559,0.042904
data\raw\data_store\audio160\arctic_a0160(6).wav,audio160,arctic_a0160(6).wav,0160,6,-231.79512,105.240051,-4.537829,34.646744,-22.604128,-2.72624,-17.392252,-15.22487,-17.953295,-13.316224,-11.196369,-10.833338,-5.985488,224.474,30.272,1.0,0.02594,0.36198,0.526,0.081169,0.104338,0.179306,0.063593
data\raw\data_store\audio160\arctic_a0160(7).wav,audio160,arctic_a0160(7).wav,0160,7,-225.065308,93.177612,-3.353038,33.795078,-14.062956,-0.201249,-24.697739,-4.385402,-12.091733,-1.246133,-12.870608,3.801526,-8.823112,184.758,14.741,0.9875,0.02193,0.36524,3.202,0.119693,0.103178,0.118836,0.048179
data\raw\data_store\audio160\arctic_a0160.wav,audio160,arctic_a0160.wav,0160,0,-239.022369,87.666214,5.084125,34.155163,-12.232989,4.239674,-7.308083,-7.634044,-9.609222,-10.407873,-7.000897,-2.931825,-8.932606,186.981,15.65,0.9674,0.0245,0.33348,6.742,0.118869,0.146387,0.153478,0.055556
data\raw\data_store\audio161\arctic_a0161(1).wav,audio161,arctic_a0161(1).wav,0161,1,-221.07312,65.215134,-26.241219,35.884975,-26.704222,-0.158169,-22.993761,5.828832,-19.737383,-2.962171,-10.520368,-7.697603,-2.548729,253.143,57.923,0.9223,0.03838,0.39883,-2.424,0.124887,0.135015,0.1018,0.053171
data\raw\data_store\audio161\arctic_a0161(3).wav,audio161,arctic_a0161(3).wav,0161,3,-215.827652,113.815994,9.090148,25.520716,-5.822621,-7.925636,-14.341653,-9.351839,-15.425685,-7.362812,-2.861253,-6.053766,-3.631792,216.844,29.578,0.8947,0.02834,0.43571,-1.264,0.061652,0.050623,0.126386,0.056478
data\raw\data_store\audio161\arctic_a0161(4).wav,audio161,arctic_a0161(4).wav,0161,4,-225.770523,114.380981,-19.655851,29.992952,-14.854983,-4.012924,-22.830214,-11.042895,-7.980594,-10.717747,-2.703,-7.110065,-0.281495,216.236,37.676,1.0,0.02275,0.35925,-6.752,0.074644,0.063847,0.115421,0.048985
data\raw\data_store\audio161\arctic_a0161(5).wav,audio161,arctic_a0161(5).wav,0161,5,-239.068176,90.24939,-28.694029,37.016296,-11.053603,-0.345751,-9.441438,-27.582798,-4.737063,-19.926918,-6.086028,-5.540975,-8.688865,198.076,37.796,0.8925,0.03983,0.492,-8.243,0.091078,0.068474,0.10297,0.057223
data\raw\data_store\audio161\arctic_a0161(6).wav,audio161,arctic_a0161(6).wav,0161,6,-222.160004,101.10965,-12.642171,37.972736,-16.450523,-5.708598,-21.841473,-13.438911,-19.811752,-9.991374,-10.8951,-11.470314,-3.946893,226.447,34.304,1.0,0.02746,0.36892,-1.767,0.068615,0.063006,0.179301,0.070899
data\raw\data_store\audio161\arctic_a0161(7).wav,audio161,arctic_a0161(7).wav,0161,7,-225.244965,115.911446,-13.195166,22.555208,-9.925504,-5.024801,-28.452158,-1.127074,-14.654422,-0.650627,-12.285909,-0.336893,-10.037986,179.197,15.177,0.9882,0.01805,0.37653,0.066,0.087776,0.076943,0.121469,0.041904
data\raw\data_store\audio161\arctic_a0161.wav,audio161,arctic_a0161.wav,0161,0,-250.899277,113.374161,-4.226533,30.826876,-11.464485,2.858328,-8.330205,-6.742473,-8.786983,-10.467384,-4.722528,-5.037023,-7.244274,188.046,18.296,0.9684,0.01873,0.36799,5.004,0.07842,0.110683,0.157516,0.058561
data\raw\data_store\audio162\arctic_a0162(1).wav,audio162,arctic_a0162(1).wav,0162,1,-294.123993,66.082176,-7.175375,23.508543,-14.007433,3.411253,-14.406718,3.232302,-17.107975,0.129151,-17.396835,-3.058495,-5.880195,217.869,25.41,0.7059,0.03172,0.51564,-3.358,0.18753,0.169111,0.049123,0.038468
data\raw\data_store\audio162\arctic_a0162(3).wav,audio162,arctic_a0162(3).wav,0162,3,-242.589935,91.308838,18.579758,14.597723,-3.969947,-0.562546,-12.514109,-5.906965,-12.409841,-1.618418,-6.557759,0.041324,-5.461162,207.759,23.739,0.8841,0.0388,0.43904,-2.976,0.141812,0.154886,0.069689,0.038517
data\raw\data_store\audio162\arctic_a0162(4).wav,audio162,arctic_a0162(4).wav,0162,4,-243.519135,90.107895,0.652915,12.46058,-3.857747,0.019944,-15.13242,-10.355741,-5.727144,-1.545328,-6.427959,-1.098426,-2.580356,216.501,33.406,0.8676,0.04402,0.53357,-7.483,0.187576,0.184113,0.079503,0.047884
data\raw\data_store\audio162\arctic_a0162(5).wav,audio162,arctic_a0162(5).wav,0162,5,-301.710022,61.006332,-5.569925,17.305334,-2.929953,8.678187,-9.501956,-19.143085,-3.513621,-10.728367,-9.261464,-2.720509,-7.5624,178.393,33.823,0.7671,0.03553,0.64252,-8.714,0.206147,0.20187,0.04049,0.03555
data\raw\data_store\audio162\arctic_a0162(6).wav,audio162,arctic_a0162(6).wav,0162,6,-269.870178,93.589447,-1.921009,27.802258,-11.391694,-3.603625,-19.829727,-7.098058,-15.13816,-3.410826,-11.587513,-5.813388,-5.747463,227.369,38.31,0.9634,0.04294,0.49538,-3.631,0.128061,0.123536,0.104667,0.063429
data\raw\data_store\audio162\arctic_a0162(7).wav,audio162,arctic_a0162(7).wav,0162,7,-247.589645,87.977036,9.192364,16.469933,-6.437178,2.897392,-18.517691,-1.817535,-7.320529,0.686631,-13.362609,8.049644,-14.495642,175.12,15.74,0.9296,0.03492,0.43621,-1.432,0.193301,0.179077,0.085441,0.052172
data\raw\data_store\audio162\arctic_a0162.wav,audio162,arctic_a0162.wav,0162,0,-243.468307,88.8134,2.467249,19.993877,-10.09129,3.174384,-4.638254,-1.857816,-1.30462,-2.631959,-7.617468,2.25837,-10.458853,186.77,21.166,0.9467,0.04012,0.38691,0.914,0.208792,0.210304,0.112032,0.055033
data\raw\data_store\audio163\arctic_a0163(1).wav,audio163,arctic_a0163(1).wav,0163,1,-229.656677,87.904709,-18.50293,35.303482,-29.759817,8.548903,-27.093065,7.483058,-20.392693,-3.189533,-14.352726,-7.87279,-4.134978,227.267,37.24,0.9672,0.03756,0.46078,-5.073,0.101425,0.074122,0.08529,0.038984
data\raw\data_store\audio163\arctic_a0163(3).wav,audio163,arctic_a0163(3).wav,0163,3,-194.518341,109.051567,10.02916,17.304516,-15.826401,-2.862461,-9.6772,-17.509169,-8.854313,-3.360081,-4.547553,-6.007663,-4.34498,220.282,24.154,0.8393,0.02289,0.45601,-2.966,0.073965,0.051963,0.113587,0.055364
data\raw\data_store\audio163\arctic_a0163(4).wav,audio163,arctic_a0163(4).wav,0163,4,-177.322205,113.612869,-15.913214,18.813511,-28.260935,8.552056,-19.309462,-16.089296,-8.492359,1.560573,-6.759879,-4.0264,-5.86009,207.126,25.645,0.96,0.02228,0.45634,-3.542,0.101647,0.068474,0.129362,0.041846
data\raw\data_store\audio163\arctic_a0163(5).wav,audio163,arctic_a0163(5).wav,0163,5,-190.813187,92.745514,-19.997751,21.76194,-22.438276,8.369473,-5.54413,-32.283478,-3.552167,-9.801238,-11.821693,-4.393669,-13.302442,195.824,35.211,0.9167,0.03068,0.56443,-40.0,0.130171,0.083568,0.097504,0.058938
data\raw\data_store\audio163\arctic_a0163(6).wav,audio163,arctic_a0163(6).wav,0163,6,-210.337631,111.267738,-13.118425,25.580235,-20.929796,-3.899377,-20.218828,-14.812018,-16.73863,-11.689574,-6.482669,-8.657768,-6.412267,236.817,42.542,0.9492,0.05665,0.45276,-3.152,0.095543,0.079971,0.164456,0.092367
data\raw\data_store\audio163\arctic_a0163(7).wav,audio163,arctic_a0163(7).wav,0163,7,-236.512238,96.791199,-11.881638,12.136067,-19.929329,9.779346,-22.508305,-3.483271,-2.288837,5.102046,-15.190114,5.751575,-13.057218,182.068,20.499,0.9492,0.0321,0.325,-4.415,0.124121,0.115343,0.095178,0.048614
data\raw\data_store\audio163\arctic_a0163.wav,audio163,arctic_a0163.wav,0163,0,-248.531723,106.424454,-7.226286,25.032492,-23.78208,9.748734,-7.804486,-12.175382,-0.712048,-7.078815,-6.941281,-5.56453,-10.318896,191.71,19.208,1.0,0.02952,0.32124,5.125,0.086978,0.07691,0.129128,0.063779
data\raw\data_store\audio164\arctic_a0164(1).wav,audio164,arctic_a0164(1).wav,0164,1,-282.995941,51.228703,3.420819,37.979153,-24.680786,7.793931,-21.361227,5.738925,-19.75239,-0.382576,-14.583956,-2.928302,-1.540296,228.641,37.197,0.837,0.03532,0.40675,-2.911,0.142313,0.121306,0.062833,0.041844
data\raw\data_store\audio164\arctic_a0164(3).wav,audio164,arctic_a0164(3).wav,0164,3,-213.903931,84.329346,32.474316,34.998917,-8.758755,-4.136256,-11.202989,-7.239038,-15.09016,-4.697353,-8.380943,-1.884896,-7.426992,206.448,28.855,0.96,0.01812,0.39723,-1.478,0.106384,0.113753,0.123091,0.04769
data\raw\data_store\audio164\arctic_a0164(4).wav,audio164,arctic_a0164(4).wav,0164,4,-245.168213,85.057213,-7.210632,38.888424,-16.036594,2.149829,-24.391138,-14.239411,-7.74152,-4.89338,-7.514607,-2.704653,-3.21085,215.606,32.329,1.0,0.02466,0.44095,-1.761,0.117783,0.098199,0.085613,0.034721
data\raw\data_store\audio164\arctic_a0164(5).wav,audio164,arctic_a0164(5).wav,0164,5,-243.415359,58.727829,-8.338674,43.926949,-12.905361,4.43323,-8.985319,-20.839329,-8.115866,-17.323923,-11.94577,-6.517059,-11.767014,192.106,29.731,0.9231,0.03197,0.4365,-2.035,0.14728,0.130138,0.083786,0.044728
data\raw\data_store\audio164\arctic_a0164(6).wav,audio164,arctic_a0164(6).wav,0164,6,-242.256546,76.273499,6.071884,39.124775,-22.995481,3.613286,-19.309095,-16.119734,-16.120382,-10.311916,-10.135622,-10.342241,-2.629952,228.97,30.022,0.9444,0.01832,0.37126,1.251,0.110136,0.105544,0.155033,0.073942
data\raw\data_store\audio164\arctic_a0164(7).wav,audio164,arctic_a0164(7).wav,0164,7,-235.937164,83.189377,14.44468,34.946907,-18.870155,2.268216,-16.954216,-3.061092,-12.439942,-2.16888,-17.842607,1.422489,-10.278776,184.821,22.974,0.9787,0.02631,0.39728,-0.575,0.122282,0.109004,0.115885,0.053942
data\raw\data_store\audio164\arctic_a0164.wav,audio164,arctic_a0164.wav,0164,0,-243.872971,68.466972,15.25613,43.05423,-19.960339,9.961543,-10.973092,-8.901216,-8.383868,-8.528404,-8.453302,-2.650625,-6.589798,184.695,19.197,0.9597,0.0288,0.31869,3.045,0.132328,0.157491,0.132625,0.05744
data\raw\data_store\audio165\arctic_a0165(1).wav,audio165,arctic_a0165(1).wav,0165,1,-236.86824,82.072701,-31.366949,41.455078,-27.69079,7.310251,-20.964108,6.304375,-14.722091,0.670384,-15.436479,-6.660124,-4.582486,208.702,26.747,0.8816,0.03848,0.5257,-5.176,0.097432,0.046353,0.060171,0.029652
data\raw\data_store\audio165\arctic_a0165(3).wav,audio165,arctic_a0165(3).wav,0165,3,-202.139221,91.760178,6.238522,34.419632,-11.929223,-8.413007,-12.202157,-3.742831,-13.17008,-5.699965,-6.427807,-3.309114,-4.485618,212.371,15.596,0.8933,0.02499,0.33574,4.364,0.100173,0.077439,0.111816,0.053201
data\raw\data_store\audio165\arctic_a0165(4).wav,audio165,arctic_a0165(4).wav,0165,4,-219.311417,96.473404,-14.528476,44.681419,-13.743397,-7.461911,-20.576426,-1.597188,-8.272917,-6.125503,0.394382,-2.390136,0.616823,224.367,27.514,0.9565,0.0211,0.49264,-1.488,0.097852,0.06737,0.100687,0.049734
data\raw\data_store\audio165\arctic_a0165(5).wav,audio165,arctic_a0165(5).wav,0165,5,-220.437317,78.872482,-43.591618,39.877815,-13.638005,-4.737297,-13.147907,-13.081949,-6.672665,-15.366437,-12.797497,-4.651437,-16.241171,199.39,28.616,0.9048,0.03157,0.46087,-5.856,0.12956,0.058895,0.077353,0.038254
data\raw\data_store\audio165\arctic_a0165(6).wav,audio165,arctic_a0165(6).wav,0165,6,-218.642593,121.143486,-33.362289,31.791252,-19.069796,-6.241933,-18.857471,-10.217173,-14.820107,-8.875207,-9.379999,-10.742813,-5.381541,217.692,36.861,0.9706,0.03497,0.49015,-4.293,0.065178,0.031123,0.127464,0.062677
data\raw\data_store\audio165\arctic_a0165(7).wav,audio165,arctic_a0165(7).wav,0165,7,-228.339981,78.479347,-8.129018,29.317797,-18.768463,-1.667654,-17.355907,0.628941,-9.333553,-1.506818,-17.309805,0.821972,-14.907249,188.634,14.052,0.9403,0.02692,0.39032,2.948,0.139346,0.098549,0.088739,0.042211
data\raw\data_store\audio165\arctic_a0165.wav,audio165,arctic_a0165.wav,0165,0,-230.400177,81.695679,-16.839285,36.849113,-17.566437,2.000095,-2.29554,0.046501,-3.103669,-6.552901,-7.795653,-4.486853,-11.163656,184.382,17.475,0.9,0.03027,0.31862,5.606,0.127846,0.141024,0.109652,0.052864
data\raw\data_store\audio166\arctic_a0166(1).wav,audio166,arctic_a0166(1).wav,0166,1,-212.094925,61.638981,-15.458889,37.442734,-28.416578,10.176678,-22.591536,8.00337,-21.46096,-1.468463,-15.195376,-8.714026,-2.739429,240.339,53.793,0.9535,0.03153,0.33224,-2.287,0.111406,0.081115,0.113949,0.046671
data\raw\data_store\audio166\arctic_a0166(3).wav,audio166,arctic_a0166(3).wav,0166,3,-234.904861,98.263168,15.213399,31.663019,-2.038603,-5.992542,-13.358525,-5.37006,-14.498598,-8.496368,-5.497207,-4.556195,-6.987526,202.254,26.649,0.9798,0.01642,0.31596,-1.437,0.076938,0.072594,0.109049,0.043754
data\raw\data_store\audio166\arctic_a0166(4).wav,audio166,arctic_a0166(4).wav,0166,4,-228.174713,106.233337,-17.721096,29.309925,-11.458029,0.998331,-22.711788,-12.59668,-3.804237,-7.324179,-4.784657,-2.839253,-1.671947,217.004,28.526,1.0,0.01415,0.33148,-2.677,0.079138,0.054007,0.10876,0.046869
data\raw\data_store\audio166\arctic_a0166(5).wav,audio166,arctic_a0166(5).wav,0166,5,-189.858276,76.462105,-27.012024,36.189137,-15.595048,-2.868344,-8.414245,-22.620111,-8.422475,-21.446915,-9.968963,-7.088634,-15.945251,187.735,30.74,0.8586,0.02553,0.35919,-10.333,0.1294,0.100996,0.112225,0.0471
data\raw\data_store\audio166\arctic_a0166(6).wav,audio166,arctic_a0166(6).wav,0166,6,-228.547394,93.313728,-4.970684,32.81208,-18.843706,-3.589742,-24.200676,-21.467348,-16.446539,-7.893502,-12.854848,-13.669763,-4.083652,225.235,42.958,1.0,0.01875,0.26447,-7.268,0.061837,0.049536,0.157408,0.077912
data\raw\data_store\audio166\arctic_a0166(7).wav,audio166,arctic_a0166(7).wav,0166,7,-247.870102,81.692474,-3.927696,31.260395,-17.448532,-3.426687,-15.699005,4.256851,-17.294376,0.076539,-17.263987,-2.647154,-9.7986,186.596,21.962,0.9899,0.01555,0.30114,-2.123,0.094423,0.0846,0.09418,0.034355
data\raw\data_store\audio166\arctic_a0166.wav,audio166,arctic_a0166.wav,0166,0,-228.139008,87.206383,-3.211265,39.030853,-15.376882,4.806811,-10.644452,-6.791575,-6.498974,-10.71007,-8.654422,-7.66993,-8.586793,179.42,15.593,0.9912,0.01604,0.29128,4.181,0.076978,0.075484,0.158728,0.060788
data\raw\data_store\audio167\arctic_a0167(1).wav,audio167,arctic_a0167(1).wav,0167,1,-211.488113,57.537567,-15.802584,38.848969,-26.727171,1.23941,-27.043779,7.292842,-28.069115,-3.281428,-16.656057,-11.058195,-6.70904,227.91,42.256,1.0,0.03381,0.38608,-10.057,0.115609,0.099899,0.109229,0.046392
data\raw\data_store\audio167\arctic_a0167(3).wav,audio167,arctic_a0167(3).wav,0167,3,-225.132675,94.428131,18.804964,22.563906,-4.329595,-8.271596,-3.761812,-3.203406,-18.334072,0.236917,-7.900778,-5.983661,-5.86422,201.624,20.237,0.9375,0.02488,0.34573,-1.224,0.101855,0.134391,0.107214,0.044274
data\raw\data_store\audio167\arctic_a0167(4).wav,audio167,arctic_a0167(4).wav,0167,4,-206.183304,94.366264,-15.650147,36.014301,-19.069807,-8.119116,-20.488617,-8.108364,-5.807176,-1.447968,-7.573644,-4.761831,2.114205,225.239,32.565,1.0,0.0304,0.46622,-4.11,0.1106,0.104874,0.103853,0.043002
data\raw\data_store\audio167\arctic_a0167(5).wav,audio167,arctic_a0167(5).wav,0167,5,-282.695862,62.846127,-17.868923,32.259331,-11.355642,1.574112,-3.238577,-13.763132,-2.250331,-15.900211,-12.690474,-7.89511,-8.352362,189.404,30.243,0.8125,0.02243,0.54572,-17.455,0.163607,0.150326,0.049555,0.033661
data\raw\data_store\audio167\arctic_a0167(6).wav,audio167,arctic_a0167(6).wav,0167,6,-256.956329,85.331345,0.535223,33.350563,-16.265129,-1.970555,-24.918449,-14.671954,-18.543371,-5.910741,-15.487022,-8.560394,-3.81973,218.305,26.461,0.9692,0.0313,0.36722,0.735,0.094278,0.114307,0.130614,0.065599
data\raw\data_store\audio167\arctic_a0167(7).wav,audio167,arctic_a0167(7).wav,0167,7,-259.684845,85.851509,0.372446,24.814856,-15.940209,1.555202,-16.761297,4.387459,-11.87528,2.04757,-21.893278,7.893471,-14.125158,180.69,12.979,1.0,0.03101,0.35702,1.872,0.113839,0.138641,0.076098,0.028947
data\raw\data_store\audio167\arctic_a0167.wav,audio167,arctic_a0167.wav,0167,0,-234.049652,88.681099,-3.474328,36.206009,-17.406355,1.369852,-3.754629,-2.65151,-5.896372,-10.2937,-6.229475,-5.200726,-9.091062,180.685,17.776,0.9595,0.02409,0.29143,5.712,0.101967,0.152552,0.141784,0.052692
data\raw\data_store\audio168\arctic_a0168(1).wav,audio168,arctic_a0168(1).wav,0168,1,-231.191086,44.911354,1.254613,33.715321,-26.880014,7.809074,-21.960339,9.634834,-25.032343,-3.41069,-16.816425,-5.196226,-3.982025,233.528,47.044,0.9364,0.06176,0.44125,-2.255,0.203088,0.184492,0.0902,0.054244
data\raw\data_store\audio168\arctic_a0168(3).wav,audio168,arctic_a0168(3).wav,0168,3,-227.986694,82.202141,30.446993,27.126446,-7.808032,0.411432,-11.147182,-3.892174,-15.36763,-2.311687,-7.771136,-0.174171,-5.20184,197.79,18.975,0.8132,0.03155,0.3278,-0.462,0.14397,0.159628,0.103434,0.047585
data\raw\data_store\audio168\arctic_a0168(4).wav,audio168,arctic_a0168(4).wav,0168,4,-221.389099,77.045273,0.602657,35.700741,-18.304861,3.118608,-21.810286,-14.97176,-8.151013,1.881001,-7.654112,0.254103,2.20364,213.356,24.634,0.9259,0.03185,0.44422,-1.746,0.162699,0.162975,0.094856,0.049907
data\raw\data_store\audio168\arctic_a0168(5).wav,audio168,arctic_a0168(5).wav,0168,5,-237.518967,60.475311,-3.637455,32.043468,-14.282023,5.663147,-3.518882,-20.544909,-12.211638,-14.826083,-10.062145,-3.045834,-8.004948,189.475,28.777,0.8675,0.02625,0.50317,-12.948,0.1886,0.176613,0.07709,0.051661
data\raw\data_store\audio168\arctic_a0168(6).wav,audio168,arctic_a0168(6).wav,0168,6,-242.956818,84.335594,7.031724,40.870632,-8.581047,-0.686663,-21.257378,-12.273779,-19.251799,-7.974787,-10.493786,-5.362771,-4.848152,219.13,27.03,0.94,0.04052,0.42108,-1.713,0.13652,0.141236,0.129159,0.075366
data\raw\data_store\audio168\arctic_a0168(7).wav,audio168,arctic_a0168(7).wav,0168,7,-248.997696,81.955399,7.146464,24.339687,-15.251666,-1.686568,-19.091776,-0.791477,-11.310652,2.544479,-14.082187,7.144447,-9.1139,184.545,16.866,0.9551,0.03296,0.39129,-0.751,0.162684,0.153278,0.100967,0.053905
data\raw\data_store\audio168\arctic_a0168.wav,audio168,arctic_a0168.wav,0168,0,-253.116699,79.129051,15.075104,35.206867,-9.431338,5.308107,-3.884015,-7.286562,-6.850029,-7.6588,-6.320652,-4.454226,-7.140245,190.776,18.768,0.9381,0.03088,0.32323,5.762,0.157794,0.177947,0.144661,0.07035
data\raw\data_store\audio169\arctic_a0169(1).wav,audio169,arctic_a0169(1).wav,0169,1,-270.310852,50.015339,8.866055,29.329584,-26.065763,10.599679,-12.360831,3.505873,-21.06563,-3.438132,-12.221495,-4.923398,-6.227484,258.058,79.155,0.8652,0.04639,0.32417,-3.279,0.15085,0.140796,0.08426,0.05659
data\raw\data_store\audio169\arctic_a0169(3).wav,audio169,arctic_a0169(3).wav,0169,3,-246.009033,76.416924,31.84244,20.830029,-5.35149,-4.264061,-4.575815,-7.888638,-11.382585,-0.50474,-6.85745,-2.291965,-6.600071,207.328,23.797,0.8182,0.01952,0.3474,-2.646,0.178325,0.186757,0.089774,0.046353
data\raw\data_store\audio169\arctic_a0169(4).wav,audio169,arctic_a0169(4).wav,0169,4,-238.004166,83.331482,-5.39811,30.106951,-18.909834,-3.174129,-17.85231,-10.018864,-3.841093,0.184922,-9.300626,-1.352983,-1.370497,215.299,26.464,0.9403,0.02741,0.37684,-2.899,0.134177,0.116441,0.095671,0.051898
data\raw\data_store\audio169\arctic_a0169(5).wav,audio169,arctic_a0169(5).wav,0169,5,-242.051483,47.579834,1.0846,34.448097,-14.425852,8.910888,-11.489095,-19.781315,-10.741832,-14.521361,-12.789672,-4.73464,-12.133139,195.445,28.021,0.6833,0.02134,0.32239,-3.937,0.197815,0.183421,0.077816,0.043479
data\raw\data_store\audio169\arctic_a0169(6).wav,audio169,arctic_a0169(6).wav,0169,6,-228.940018,76.427422,13.774996,39.26696,-20.345711,1.424044,-19.764429,-14.983321,-15.512836,-9.836232,-9.934422,-6.756935,-7.516958,232.934,22.88,0.9516,0.03714,0.38188,3.458,0.120631,0.116899,0.149512,0.071473
data\raw\data_store\audio169\arctic_a0169(7).wav,audio169,arctic_a0169(7).wav,0169,7,-258.389771,71.34729,17.94902,13.127457,-11.514725,4.952539,-11.16165,-3.745284,-10.945435,-1.429446,-16.25268,5.068431,-11.644613,185.849,21.171,0.875,0.03577,0.35948,-0.813,0.176359,0.168693,0.092804,0.052214
data\raw\data_store\audio169\arctic_a0169.wav,audio169,arctic_a0169.wav,0169,0,-255.866318,68.160011,17.497244,28.065819,-12.278016,8.368031,-3.630035,-6.273094,-9.877089,-5.341993,-10.201632,-1.360852,-10.055692,192.833,21.732,0.8714,0.01545,0.3256,2.406,0.16245,0.196401,0.1413,0.079925
data\raw\data_store\audio17\arctic_a0017(1).wav,audio17,arctic_a0017(1).wav,0017,1,-255.961899,59.044407,-4.184512,40.797291,-24.725506,5.970368,-23.054983,9.048333,-21.057325,0.328777,-11.916354,-2.940667,-3.897608,231.478,31.737,0.9524,0.03304,0.43699,-1.049,0.166024,0.150674,0.055622,0.02452
data\raw\data_store\audio17\arctic_a0017(3).wav,audio17,arctic_a0017(3).wav,0017,3,-224.019623,75.693909,24.397083,31.88582,-10.74339,-1.092738,-10.324286,-9.878076,-14.548462,-1.626651,-6.665734,-5.004607,-6.138425,219.804,26.408,0.9167,0.03579,0.4013,2.555,0.137371,0.133366,0.093069,0.04788
data\raw\data_store\audio17\arctic_a0017(4).wav,audio17,arctic_a0017(4).wav,0017,4,-202.651764,70.140808,-8.214169,37.229008,-20.282499,-6.723976,-25.221081,-16.604088,-10.706121,-3.929024,-7.562612,-1.475483,-5.587127,237.617,38.442,0.9604,0.02751,0.43186,-1.474,0.163197,0.120414,0.101311,0.052273
data\raw\data_store\audio17\arctic_a0017(5).wav,audio17,arctic_a0017(5).wav,0017,5,-257.612946,65.343735,-4.569902,41.958385,-13.795798,4.786594,-8.830631,-22.969467,-9.386525,-14.483073,-16.261501,-0.265448,-11.710631,169.602,19.86,0.9459,0.03398,0.47961,-1.32,0.175717,0.156378,0.056942,0.032775
data\raw\data_store\audio17\arctic_a0017(6).wav,audio17,arctic_a0017(6).wav,0017,6,-252.428314,82.941612,-1.141918,43.301968,-13.226593,-12.414367,-25.745256,-11.760571,-15.614789,-6.687177,-13.454019,-5.875915,-6.060635,216.722,23.138,0.9265,0.03825,0.43962,2.089,0.122096,0.131754,0.11145,0.061079
data\raw\data_store\audio17\arctic_a0017(7).wav,audio17,arctic_a0017(7).wav,0017,7,-190.887802,77.128181,7.62179,27.21623,-21.391579,-2.87685,-16.52462,-7.180589,-13.415671,-3.225363,-18.151159,1.547735,-15.334293,191.216,17.442,0.9741,0.02629,0.38879,2.913,0.166042,0.161622,0.130251,0.056544
data\raw\data_store\audio17\arctic_a0017.wav,audio17,arctic_a0017.wav,0017,0,-231.112152,74.627174,11.091364,35.342106,-17.733509,1.427241,-3.674296,-8.088488,-6.51884,-9.648528,-11.168925,-1.596676,-13.575455,188.218,16.539,0.9621,0.03257,0.36858,6.853,0.155266,0.16865,0.140887,0.06859
data\raw\data_store\audio170\arctic_a0170(1).wav,audio170,arctic_a0170(1).wav,0170,1,-227.548325,52.01762,0.226845,33.800652,-21.500696,6.048493,-20.179308,4.833078,-25.980867,-1.09798,-16.874271,-4.52352,-5.526214,219.338,29.417,0.8962,0.02944,0.38108,-2.383,0.147179,0.12173,0.107769,0.05671
data\raw\data_store\audio170\arctic_a0170(3).wav,audio170,arctic_a0170(3).wav,0170,3,-214.020264,77.806282,29.337582,38.797047,-9.805593,-7.697239,-12.388291,-8.174495,-18.662901,-4.042346,-5.731527,-4.248608,-1.238724,195.248,35.864,0.8902,0.02898,0.35056,1.687,0.121313,0.147314,0.130688,0.04936
data\raw\data_store\audio170\arctic_a0170(4).wav,audio170,arctic_a0170(4).wav,0170,4,-202.638,65.298759,5.15646,46.442135,-16.304762,-4.866023,-23.876263,-12.734861,-11.37915,0.706789,-10.283203,-1.896506,-3.010657,224.978,29.268,0.9524,0.02471,0.43684,0.704,0.123833,0.111194,0.124692,0.039447
data\raw\data_store\audio170\arctic_a0170(5).wav,audio170,arctic_a0170(5).wav,0170,5,-204.08873,56.422287,-10.800854,46.020443,-14.605911,0.429282,-5.760939,-23.0401,-9.960926,-16.731157,-12.98843,-5.533607,-10.353632,190.545,29.031,0.8052,0.02217,0.38521,-6.031,0.152511,0.184855,0.111446,0.053882
data\raw\data_store\audio170\arctic_a0170(6).wav,audio170,arctic_a0170(6).wav,0170,6,-222.055649,87.27034,-2.371251,39.981785,-22.461977,-2.875119,-26.037632,-17.218636,-24.220461,-5.742309,-9.947282,-10.38535,-6.614407,227.15,25.772,0.9884,0.02319,0.38311,3.114,0.094298,0.108989,0.158257,0.056924
data\raw\data_store\audio170\arctic_a0170(7).wav,audio170,arctic_a0170(7).wav,0170,7,-221.318054,79.79747,4.264988,38.787365,-17.250999,-3.274367,-21.105679,-5.48036,-12.320754,-2.901589,-14.822883,8.725865,-10.970674,180.604,15.561,0.9589,0.01403,0.30838,3.081,0.104301,0.121041,0.126926,0.045422
data\raw\data_store\audio170\arctic_a0170.wav,audio170,arctic_a0170.wav,0170,0,-246.979141,70.641975,18.718266,44.242851,-18.145973,3.541477,-6.050338,-7.252798,-10.652916,-10.793759,-7.060802,-3.981145,-8.457148,185.184,16.796,0.9756,0.01913,0.32325,6.577,0.101062,0.120003,0.150468,0.0633
data\raw\data_store\audio171\arctic_a0171(1).wav,audio171,arctic_a0171(1).wav,0171,1,-298.085205,55.030228,-5.740105,43.940857,-20.507225,3.378242,-17.948,3.806978,-23.25008,-1.211427,-15.362857,-10.258568,-3.252635,227.693,29.976,0.835,0.03769,0.35072,0.02,0.124665,0.164648,0.070517,0.043316
data\raw\data_store\audio171\arctic_a0171(3).wav,audio171,arctic_a0171(3).wav,0171,3,-218.608719,85.701691,20.952698,42.524151,-13.511128,-8.046504,-10.259727,-5.122052,-19.458389,-4.433259,-5.264933,-9.536054,-2.022844,211.275,19.121,0.9355,0.02335,0.26752,4.478,0.083216,0.087082,0.133348,0.052414
data\raw\data_store\audio171\arctic_a0171(4).wav,audio171,arctic_a0171(4).wav,0171,4,-213.168747,81.414238,-16.383602,53.168488,-21.89292,-3.045854,-20.61799,-7.344792,-9.394587,-4.178798,-6.326705,-6.73232,3.755151,231.84,33.112,0.9359,0.01929,0.32602,-1.497,0.093288,0.07981,0.123651,0.053286
data\raw\data_store\audio171\arctic_a0171(5).wav,audio171,arctic_a0171(5).wav,0171,5,-311.871002,68.622574,-17.424871,55.432182,-10.319373,-0.03362,-1.931165,-18.442997,-4.477743,-22.126175,-12.991431,-7.260284,-12.203654,195.883,32.032,0.7901,0.02912,0.42827,-7.621,0.1337,0.13809,0.042584,0.027374
data\raw\data_store\audio171\arctic_a0171(6).wav,audio171,arctic_a0171(6).wav,0171,6,-251.425201,91.480629,-0.984715,49.467354,-19.996021,-5.299606,-23.212317,-20.014734,-21.663858,-12.276993,-9.87541,-17.677635,-6.380681,232.772,28.177,0.9885,0.02221,0.3246,2.821,0.07166,0.066338,0.16704,0.069991
data\raw\data_store\audio171\arctic_a0171(7).wav,audio171,arctic_a0171(7).wav,0171,7,-265.292542,76.553398,1.014902,40.55035,-18.712505,-2.637378,-16.314812,3.880894,-9.403903,-2.433905,-13.618427,2.634689,-11.933306,186.927,13.345,0.9294,0.01695,0.30434,2.485,0.112901,0.137289,0.086872,0.039241
data\raw\data_store\audio171\arctic_a0171.wav,audio171,arctic_a0171.wav,0171,0,-256.737244,78.367867,0.308948,49.491489,-14.497508,1.215615,-2.339226,-6.311764,-9.010624,-12.051218,-4.440933,-7.533207,-7.446792,187.797,17.423,0.9789,0.01663,0.27442,6.613,0.075603,0.091957,0.16329,0.072368
data\raw\data_store\audio172\arctic_a0172(1).wav,audio172,arctic_a0172(1).wav,0172,1,-191.498718,61.118664,-12.307287,31.555603,-25.401157,0.415977,-22.541355,6.080981,-16.551931,1.872504,-17.178469,-2.835324,-4.444494,232.108,36.352,0.9,0.03396,0.52613,-3.375,0.169215,0.16365,0.102951,0.046141
data\raw\data_store\audio172\arctic_a0172(3).wav,audio172,arctic_a0172(3).wav,0172,3,-215.92038,98.359184,3.339195,19.625875,-6.67566,-11.254416,-11.637563,-6.041135,-11.318636,-4.5926,-8.595527,-0.125685,-7.511101,213.044,24.984,0.8875,0.02188,0.42581,-1.049,0.11817,0.119012,0.084644,0.035526
data\raw\data_store\audio172\arctic_a0172(4).wav,audio172,arctic_a0172(4).wav,0172,4,-169.553299,95.290878,-19.91021,23.240578,-10.235645,-2.119953,-28.356062,-6.979763,-2.664247,-2.406303,-8.962488,1.884233,-1.976701,218.734,32.248,0.96,0.02845,0.55546,-0.709,0.127435,0.109564,0.112398,0.042279
data\raw\data_store\audio172\arctic_a0172(5).wav,audio172,arctic_a0172(5).wav,0172,5,-219.585403,77.939331,-26.982868,26.258417,-13.535815,3.374836,-13.681282,-22.31572,-2.465831,-12.417603,-8.616144,-3.788019,-9.15394,183.188,30.587,0.8625,0.0288,0.51142,-5.042,0.164827,0.167111,0.065317,0.031956
data\raw\data_store\audio172\arctic_a0172(6).wav,audio172,arctic_a0172(6).wav,0172,6,-194.560852,90.560387,-13.773541,36.405315,-20.833857,-7.768817,-22.53825,-14.798107,-17.09634,-5.195393,-11.595403,-8.328126,-6.423684,229.519,31.426,0.9775,0.03531,0.40689,-0.104,0.1201,0.12284,0.158687,0.067149
data\raw\data_store\audio172\arctic_a0172(7).wav,audio172,arctic_a0172(7).wav,0172,7,-192.165451,89.71048,-11.792964,27.892864,-14.48892,-0.714449,-26.067652,-3.905594,-3.637565,-1.536493,-16.370388,8.543113,-12.51949,178.259,17.617,0.9884,0.0236,0.43452,0.061,0.140822,0.134992,0.120318,0.047351
data\raw\data_store\audio172\arctic_a0172.wav,audio172,arctic_a0172.wav,0172,0,-237.16745,88.403786,-8.254571,27.935499,-10.554564,-0.721528,-9.431778,-8.031798,-3.355672,-9.06053,-8.40115,-0.936356,-11.277461,183.491,18.254,0.9574,0.01822,0.37421,2.346,0.12073,0.156722,0.121641,0.054253
data\raw\data_store\audio173\arctic_a0173(1).wav,audio173,arctic_a0173(1).wav,0173,1,-245.530197,48.156948,11.015958,49.819912,-29.562372,9.879972,-20.160311,3.322483,-31.868496,0.452924,-18.943974,-6.932956,1.163823,232.812,34.949,0.9053,0.03563,0.33528,-0.77,0.151877,0.166828,0.092039,0.044687
data\raw\data_store\audio173\arctic_a0173(3).wav,audio173,arctic_a0173(3).wav,0173,3,-237.363113,81.285812,37.976261,44.60815,-24.344772,-0.748995,-12.413038,-17.367031,-20.001236,-9.98269,-5.299478,-7.243855,0.772391,222.113,18.76,0.9077,0.02128,0.37352,2.729,0.089532,0.070574,0.10236,0.041826
data\raw\data_store\audio173\arctic_a0173(4).wav,audio173,arctic_a0173(4).wav,0173,4,-229.652542,77.156509,10.213719,53.055676,-32.863285,0.52383,-23.584553,-14.157259,-14.866751,-7.255466,-5.143449,-4.7386,2.129941,224.12,25.141,0.9831,0.02023,0.40338,2.758,0.099663,0.077426,0.103309,0.03934
data\raw\data_store\audio173\arctic_a0173(5).wav,audio173,arctic_a0173(5).wav,0173,5,-224.092133,57.361725,14.340835,60.131832,-23.145741,4.72958,-3.411212,-31.385462,-13.224303,-23.025143,-12.48248,-7.287833,-12.320479,195.673,23.287,0.9344,0.02963,0.44776,0.121,0.130337,0.101601,0.10968,0.03709
data\raw\data_store\audio173\arctic_a0173(6).wav,audio173,arctic_a0173(6).wav,0173,6,-244.996964,89.970985,10.55175,50.796585,-20.531424,-6.211489,-21.083885,-24.779615,-21.334333,-11.05249,-10.667877,-15.382226,-1.042305,231.657,31.331,1.0,0.02674,0.34271,1.523,0.048491,0.019235,0.173747,0.061475
data\raw\data_store\audio173\arctic_a0173(7).wav,audio173,arctic_a0173(7).wav,0173,7,-212.966171,80.057175,30.327351,43.178593,-30.558701,6.7574,-18.491089,-10.91971,-18.659519,2.205924,-18.589727,7.523706,-5.091428,184.576,15.153,0.971,0.02395,0.35004,3.378,0.097431,0.097965,0.145246,0.04457
data\raw\data_store\audio173\arctic_a0173.wav,audio173,arctic_a0173.wav,0173,0,-240.129761,73.235352,34.210407,50.531067,-22.190294,7.198589,-6.513338,-14.312713,-18.351217,-10.185672,-10.619459,-6.392162,-4.023417,190.237,16.8,0.9718,0.01927,0.32535,7.658,0.081499,0.08401,0.196789,0.069428
data\raw\data_store\audio174\arctic_a0174(1).wav,audio174,arctic_a0174(1).wav,0174,1,-224.11142,50.943481,2.377967,37.207581,-18.70005,7.194418,-20.956461,-1.381612,-20.364996,-1.898614,-16.506474,-8.02819,-2.369257,244.914,52.837,0.9275,0.04032,0.45635,-4.482,0.163664,0.166463,0.119474,0.059065
data\raw\data_store\audio174\arctic_a0174(3).wav,audio174,arctic_a0174(3).wav,0174,3,-224.025345,82.029388,20.192293,20.887531,-8.298713,2.593559,-19.734341,-1.446649,-16.173903,-4.061066,-7.45765,-1.307062,-2.742712,220.087,19.612,0.8596,0.0206,0.40735,1.523,0.160626,0.199397,0.116956,0.0527
data\raw\data_store\audio174\arctic_a0174(4).wav,audio174,arctic_a0174(4).wav,0174,4,-211.977646,86.778816,-8.57867,27.992619,-3.819193,3.690234,-26.933628,-10.652348,-6.216365,0.438746,-5.747357,4.636004,-2.394398,230.055,28.27,0.9149,0.02461,0.71801,0.248,0.164539,0.149446,0.099994,0.045403
data\raw\data_store\audio174\arctic_a0174(5).wav,audio174,arctic_a0174(5).wav,0174,5,-207.588104,67.080643,-14.663936,24.265961,-7.551502,7.847022,-5.5535,-25.110228,-5.443237,-5.413068,-9.24846,-5.640661,-9.132054,184.723,25.348,0.7679,0.04473,0.49042,-11.839,0.187631,0.187183,0.100773,0.063214
data\raw\data_store\audio174\arctic_a0174(6).wav,audio174,arctic_a0174(6).wav,0174,6,-243.363937,78.021027,3.2454,33.762539,-14.382235,-0.870946,-19.414404,-11.188113,-17.159353,-4.22647,-8.37704,-6.136194,-3.580474,222.094,25.406,0.8871,0.0415,0.56291,2.009,0.16658,0.177966,0.121565,0.066214
data\raw\data_store\audio174\arctic_a0174(7).wav,audio174,arctic_a0174(7).wav,0174,7,-187.543259,70.870384,-1.093627,22.011793,-10.535698,1.570043,-27.699062,-3.65873,-13.508567,3.844807,-15.886518,8.430313,-10.099434,190.479,16.089,0.902,0.0161,0.43915,0.748,0.179251,0.177588,0.147725,0.056463
data\raw\data_store\audio174\arctic_a0174.wav,audio174,arctic_a0174.wav,0174,0,-240.26828,71.194473,7.667183,26.047771,-4.499496,4.738245,-10.319292,-3.349742,-2.96882,-2.884987,-10.311141,-0.578706,-9.093303,188.494,18.751,0.9194,0.02963,0.3843,6.473,0.172523,0.21137,0.128919,0.062955
data\raw\data_store\audio175\arctic_a0175(1).wav,audio175,arctic_a0175(1).wav,0175,1,-209.688797,70.689766,-16.009014,28.666901,-25.990561,-0.746447,-28.884983,7.124799,-20.863491,2.581403,-17.452721,-2.934372,-4.377785,237.084,45.269,0.9184,0.03533,0.41408,-1.317,0.126039,0.10777,0.097433,0.044714
data\raw\data_store\audio175\arctic_a0175(3).wav,audio175,arctic_a0175(3).wav,0175,3,-214.408936,98.037521,12.502696,18.996445,-12.57128,0.994228,-19.564842,-1.766283,-14.610682,-4.055101,-5.792146,-2.104821,-4.46112,210.98,15.734,0.939,0.02173,0.33395,2.037,0.105819,0.115793,0.102499,0.042427
data\raw\data_store\audio175\arctic_a0175(4).wav,audio175,arctic_a0175(4).wav,0175,4,-191.924393,94.338097,-21.88266,25.266878,-20.887445,0.278995,-23.298103,-7.772367,-6.699519,1.625562,-6.208683,2.321927,-3.211722,220.753,22.037,0.9351,0.03273,0.35371,-1.405,0.138471,0.128209,0.103795,0.042322
data\raw\data_store\audio175\arctic_a0175(5).wav,audio175,arctic_a0175(5).wav,0175,5,-265.178955,81.07267,-20.775011,31.191744,-18.920877,5.170013,-8.456558,-21.620941,-3.958349,-10.839978,-7.727963,0.900734,-6.875429,174.898,18.944,0.9872,0.02431,0.39015,-5.593,0.119299,0.120082,0.047682,0.028806
data\raw\data_store\audio175\arctic_a0175(6).wav,audio175,arctic_a0175(6).wav,0175,6,-202.109619,96.899742,-10.585093,34.580048,-23.378782,-6.782099,-28.846924,-16.929775,-20.674444,-6.474835,-9.847636,-10.654744,-1.683485,226.864,26.068,1.0,0.02557,0.37342,0.79,0.078506,0.094119,0.177946,0.060735
data\raw\data_store\audio175\arctic_a0175(7).wav,audio175,arctic_a0175(7).wav,0175,7,-194.018967,84.902283,-6.933874,17.091541,-17.072948,-0.389667,-23.642143,0.517501,-4.750589,4.934127,-16.418873,8.479471,-13.648427,182.736,19.288,0.962,0.02457,0.31912,-1.101,0.129199,0.126284,0.126886,0.056925
data\raw\data_store\audio175\arctic_a0175.wav,audio175,arctic_a0175.wav,0175,0,-233.502655,82.709312,-2.814202,27.458906,-17.585709,0.349756,-9.347074,-8.952117,-4.806351,-7.317344,-9.952405,-3.354213,-9.660508,181.126,15.01,0.977,0.0227,0.23267,4.512,0.122423,0.152983,0.139506,0.06726
data\raw\data_store\audio176\arctic_a0176(1).wav,audio176,arctic_a0176(1).wav,0176,1,-201.780151,44.26865,-24.090439,26.450092,-25.406622,-1.173284,-23.304281,5.598668,-16.205866,2.058509,-16.583706,-3.256211,-4.595385,232.971,40.919,0.8197,0.03656,0.34479,-2.777,0.206626,0.162824,0.084501,0.048209
data\raw\data_store\audio176\arctic_a0176(3).wav,audio176,arctic_a0176(3).wav,0176,3,-204.383926,68.514244,18.950481,27.11306,-4.193852,-4.339211,-17.530653,2.130174,-19.418938,-0.894151,-11.345453,1.258844,-7.790876,220.69,26.629,0.9432,0.02416,0.51255,-1.352,0.151507,0.146804,0.106264,0.040855
data\raw\data_store\audio176\arctic_a0176(4).wav,audio176,arctic_a0176(4).wav,0176,4,-216.630722,76.368919,-11.490846,28.161858,-7.072215,-4.243461,-22.367073,-5.890207,-7.626862,-2.713841,-7.147395,-3.212925,-0.441991,228.795,29.106,0.9302,0.02806,0.40353,0.193,0.154309,0.118801,0.10307,0.05198
data\raw\data_store\audio176\arctic_a0176(5).wav,audio176,arctic_a0176(5).wav,0176,5,-216.090225,55.806072,-19.726805,38.237507,-6.857392,4.664651,-10.622297,-15.925062,-4.355465,-18.042992,-13.679359,-2.757101,-10.613207,194.713,22.564,0.8172,0.02699,0.46627,-3.101,0.190287,0.153748,0.090254,0.046166
data\raw\data_store\audio176\arctic_a0176(6).wav,audio176,arctic_a0176(6).wav,0176,6,-215.04483,76.605362,-11.6943,30.779716,-15.912572,-4.852109,-25.999268,-14.360699,-15.285303,-6.244519,-12.882744,-6.059427,-4.024676,243.412,40.112,0.85,0.03366,0.35899,-2.893,0.133881,0.126778,0.147406,0.074558
data\raw\data_store\audio176\arctic_a0176(7).wav,audio176,arctic_a0176(7).wav,0176,7,-211.474609,74.43914,-5.157365,20.79215,-8.032844,-1.467434,-23.35013,2.155087,-3.637063,1.923244,-19.023561,7.97547,-10.309963,183.324,18.315,0.9551,0.01918,0.40151,-1.725,0.152384,0.141655,0.103977,0.042097
data\raw\data_store\audio176\arctic_a0176.wav,audio176,arctic_a0176.wav,0176,0,-222.680374,69.523666,1.491705,31.18025,-9.797607,3.484358,-7.001064,-1.871031,-5.745506,-6.735609,-10.253492,-0.620065,-8.773762,183.243,15.239,0.9238,0.03387,0.3441,6.725,0.186432,0.188382,0.134394,0.062816
data\raw\data_store\audio177\arctic_a0177(1).wav,audio177,arctic_a0177(1).wav,0177,1,-259.027039,41.896397,-1.066448,46.479301,-40.063667,11.431047,-13.983191,3.813962,-21.296234,-3.231983,-18.612841,-10.457149,-4.315147,243.199,53.144,0.9533,0.04473,0.31314,-3.047,0.137183,0.109446,0.082436,0.04032
data\raw\data_store\audio177\arctic_a0177(3).wav,audio177,arctic_a0177(3).wav,0177,3,-205.51889,80.61306,25.525055,34.011478,-18.653595,-0.78702,-12.351541,-7.072948,-17.005438,-8.23368,-6.210655,-3.524214,-3.392509,223.113,29.117,0.9324,0.02804,0.31107,-2.744,0.104095,0.115841,0.133889,0.058578
data\raw\data_store\audio177\arctic_a0177(4).wav,audio177,arctic_a0177(4).wav,0177,4,-209.958618,87.013397,-3.433199,39.438038,-29.395737,5.10323,-23.278513,-12.609982,-6.543723,-7.009376,-10.322001,-1.868864,-0.155109,232.452,32.517,0.9605,0.02376,0.32706,-1.005,0.112081,0.096198,0.120299,0.041433
data\raw\data_store\audio177\arctic_a0177(5).wav,audio177,arctic_a0177(5).wav,0177,5,-196.485748,72.731842,-14.183564,40.406254,-21.952133,-1.066721,-6.477693,-23.772743,-2.774007,-21.862118,-12.046567,-3.148791,-13.645472,201.706,30.782,0.9324,0.03489,0.30323,-3.753,0.129283,0.101684,0.118153,0.047985
data\raw\data_store\audio177\arctic_a0177(6).wav,audio177,arctic_a0177(6).wav,0177,6,-220.987015,73.836327,-1.443976,53.734249,-22.591808,-7.217184,-18.726107,-13.341233,-20.581614,-12.511752,-10.830144,-11.645325,-7.325171,237.294,34.793,0.9783,0.02134,0.363,0.455,0.090926,0.086701,0.174662,0.068396
data\raw\data_store\audio177\arctic_a0177(7).wav,audio177,arctic_a0177(7).wav,0177,7,-201.461685,84.791374,8.532634,29.703156,-26.984993,5.389103,-23.514479,-1.331076,-12.299987,0.660943,-18.756624,7.785942,-12.773551,178.241,17.83,0.9589,0.01768,0.31777,0.4,0.109757,0.100449,0.132508,0.047731
data\raw\data_store\audio177\arctic_a0177.wav,audio177,arctic_a0177.wav,0177,0,-243.273209,80.620407,9.668058,45.523918,-23.826014,8.551686,-9.337813,-6.379034,-8.429607,-11.379734,-6.898358,-1.6453,-9.459415,190.126,16.334,0.9647,0.02055,0.32124,5.283,0.11685,0.138818,0.157188,0.05536
data\raw\data_store\audio178\arctic_a0178(1).wav,audio178,arctic_a0178(1).wav,0178,1,-246.217667,60.121544,9.725061,41.682648,-22.922672,8.329228,-16.092665,1.89969,-21.539343,-3.32459,-13.724201,-6.811493,-0.477045,228.936,36.153,0.8553,0.03819,0.37453,-4.561,0.134264,0.159009,0.102662,0.062226
data\raw\data_store\audio178\arctic_a0178(3).wav,audio178,arctic_a0178(3).wav,0178,3,-225.453827,93.548431,13.576014,37.250092,-5.516436,-5.758886,-9.995597,-6.477341,-14.887086,-7.094431,-4.980895,-1.558392,-8.11317,199.372,22.409,0.9725,0.03425,0.41774,1.725,0.104994,0.132102,0.094623,0.041093
data\raw\data_store\audio178\arctic_a0178(4).wav,audio178,arctic_a0178(4).wav,0178,4,-237.981995,86.049187,-6.917908,47.440613,-14.117133,-6.258239,-15.785279,-10.208713,-16.694666,-4.162792,-4.263878,-3.077649,-2.321352,204.903,23.712,0.9623,0.02918,0.44327,-0.735,0.127355,0.152823,0.088338,0.042524
data\raw\data_store\audio178\arctic_a0178(5).wav,audio178,arctic_a0178(5).wav,0178,5,-259.18988,76.366135,-18.260204,59.337624,-13.929354,-1.190669,-7.771073,-26.152161,-10.594224,-22.301603,-7.69886,-7.527041,-12.763891,183.56,20.834,0.9231,0.02612,0.50676,-3.775,0.13084,0.140737,0.063829,0.03133
data\raw\data_store\audio178\arctic_a0178(6).wav,audio178,arctic_a0178(6).wav,0178,6,-231.974655,93.668434,1.376457,42.471592,-19.552858,-2.880383,-16.584961,-16.588064,-21.433386,-12.829123,-13.046746,-8.444206,-3.64609,218.562,32.481,0.9618,0.02629,0.43633,-1.125,0.094369,0.128134,0.1358,0.072081
data\raw\data_store\audio178\arctic_a0178(7).wav,audio178,arctic_a0178(7).wav,0178,7,-222.401703,85.649002,6.163831,36.522514,-18.168341,-4.749044,-19.149403,-2.055881,-11.319762,3.448465,-16.49037,6.383029,-14.412623,171.106,16.471,0.9712,0.02143,0.40113,-1.842,0.105718,0.129543,0.103559,0.044877
data\raw\data_store\audio178\arctic_a0178.wav,audio178,arctic_a0178.wav,0178,0,-254.425613,95.978767,11.482345,47.732819,-17.184128,2.295958,-5.267514,-11.017708,-9.547976,-10.442865,-3.912062,-5.423945,-10.905931,181.123,17.059,0.9841,0.03405,0.42659,5.136,0.098921,0.132113,0.131493,0.055624
data\raw\data_store\audio179\arctic_a0179(1).wav,audio179,arctic_a0179(1).wav,0179,1,-255.362915,71.623894,-16.146013,25.602728,-23.485157,6.159589,-20.348137,8.351436,-12.839082,3.028436,-13.068755,-5.464491,-3.186222,221.493,33.798,0.8736,0.03563,0.35374,-2.345,0.118276,0.110123,0.074962,0.046941
data\raw\data_store\audio179\arctic_a0179(3).wav,audio179,arctic_a0179(3).wav,0179,3,-203.304596,95.280975,-1.164164,18.655756,-4.991592,-4.66769,-10.242926,-1.981904,-10.451591,-4.918746,-5.205832,-3.091634,-6.229743,199.202,13.826,0.9474,0.01917,0.22364,0.723,0.109049,0.114296,0.116599,0.056072
data\raw\data_store\audio179\arctic_a0179(4).wav,audio179,arctic_a0179(4).wav,0179,4,-186.232986,106.224274,-38.381149,21.210787,-12.466753,-5.274303,-14.402339,-5.591444,-6.242966,-3.615576,-1.848091,-7.350662,-2.887113,201.085,24.6,1.0,0.03031,0.31378,-2.12,0.121196,0.110608,0.111544,0.052117
data\raw\data_store\audio179\arctic_a0179(5).wav,audio179,arctic_a0179(5).wav,0179,5,-199.220062,93.543854,-37.111042,31.87883,-12.486595,-1.069583,-5.529564,-21.86244,-0.335032,-12.807799,-5.680236,-7.639914,-11.581185,181.348,17.661,0.8765,0.03589,0.35348,-6.282,0.128399,0.117319,0.095059,0.05186
data\raw\data_store\audio179\arctic_a0179(6).wav,audio179,arctic_a0179(6).wav,0179,6,-244.688461,94.52018,-14.315371,39.612434,-22.48687,-7.765939,-19.795628,-13.523411,-17.464334,-9.877197,-8.660666,-8.335444,-4.799761,222.927,37.003,0.9747,0.03782,0.33038,-4.359,0.098203,0.103516,0.136955,0.081937
data\raw\data_store\audio179\arctic_a0179(7).wav,audio179,arctic_a0179(7).wav,0179,7,-204.11937,91.506317,-9.849317,20.115414,-13.074045,-2.03011,-19.060852,6.047505,-4.319277,1.67324,-17.366451,3.020707,-15.912565,177.519,16.126,0.9333,0.01849,0.23237,-3.181,0.117339,0.115826,0.126431,0.058596
data\raw\data_store\audio179\arctic_a0179.wav,audio179,arctic_a0179.wav,0179,0,-213.032257,94.17202,-15.612056,32.252335,-21.494589,1.429685,-4.43946,-2.789024,-2.48143,-6.83646,-7.143567,-5.556116,-12.775918,185.227,20.587,1.0,0.03221,0.27587,6.108,0.10533,0.133119,0.164824,0.075931
data\raw\data_store\audio18\arctic_a0018(1).wav,audio18,arctic_a0018(1).wav,0018,1,-209.663345,49.573853,16.486408,22.362566,-27.934614,18.337713,-18.777782,7.908207,-23.009323,0.583141,-15.46214,-1.898772,-7.974826,240.987,30.353,1.0,0.03107,0.40492,-1.723,0.13371,0.119676,0.132152,0.055595
data\raw\data_store\audio18\arctic_a0018(3).wav,audio18,arctic_a0018(3).wav,0018,3,-213.958725,76.099136,25.422331,32.754192,-17.171097,1.70013,-10.511217,-9.23731,-12.508003,-2.828054,-6.880358,-3.608904,-6.690779,213.25,26.485,0.9756,0.03489,0.36371,3.365,0.134198,0.114152,0.120013,0.047154
data\raw\data_store\audio18\arctic_a0018(4).wav,audio18,arctic_a0018(4).wav,0018,4,-176.05011,75.50132,-16.055346,41.118881,-22.568995,-6.464541,-20.64019,-18.992895,-4.140085,-1.384172,-9.410922,0.758707,-1.976035,218.723,29.196,0.9697,0.02202,0.46666,0.664,0.165628,0.097761,0.12151,0.043601
data\raw\data_store\audio18\arctic_a0018(5).wav,audio18,arctic_a0018(5).wav,0018,5,-206.883224,78.163445,-7.553424,46.890385,-12.894746,7.937968,5.128957,-19.89262,-3.756101,-13.142385,-13.649582,-3.362269,-7.027763,173.836,15.808,0.7209,0.03095,0.45715,1.147,0.144331,0.102181,0.109423,0.055892
data\raw\data_store\audio18\arctic_a0018(6).wav,audio18,arctic_a0018(6).wav,0018,6,-209.474365,76.439438,4.266068,39.640984,-24.851391,0.881679,-20.481018,-20.347704,-17.390167,-7.298338,-17.226231,-8.175063,-13.51637,210.918,24.198,1.0,0.03544,0.40658,2.765,0.090983,0.076482,0.151136,0.05999
data\raw\data_store\audio18\arctic_a0018(7).wav,audio18,arctic_a0018(7).wav,0018,7,-232.141342,81.840271,8.579741,22.178038,-21.912611,5.333249,-10.383384,-7.99859,-8.134835,-3.561583,-22.274132,5.197044,-18.017664,190.667,19.031,0.9756,0.02729,0.38375,2.5,0.120012,0.105796,0.130857,0.040716
data\raw\data_store\audio18\arctic_a0018.wav,audio18,arctic_a0018.wav,0018,0,-245.153564,72.033897,4.308656,30.457346,-15.695056,5.492896,-2.332611,-5.194545,-1.78415,-11.257911,-10.387099,-1.595084,-11.846181,186.054,18.829,0.9792,0.02481,0.33005,5.849,0.107422,0.127539,0.172643,0.067124
data\raw\data_store\audio19\arctic_a0019(1).wav,audio19,arctic_a0019(1).wav,0019,1,-196.548416,75.432587,-2.652102,36.83482,-15.45689,10.982122,-22.846041,6.857444,-16.079628,-1.372352,-14.965443,-0.4171,-1.430416,226.22,30.416,0.906,0.03138,0.46742,-0.352,0.131555,0.114196,0.107035,0.050858
data\raw\data_store\audio19\arctic_a0019(3).wav,audio19,arctic_a0019(3).wav,0019,3,-226.292511,90.888489,12.614502,21.941692,-7.946852,5.887905,-15.051298,-13.342119,-11.972003,-2.211954,-6.086202,-6.197465,-4.076011,217.041,37.636,0.9643,0.03232,0.35191,-1.941,0.093587,0.090911,0.103416,0.046765
data\raw\data_store\audio19\arctic_a0019(4).wav,audio19,arctic_a0019(4).wav,0019,4,-201.302963,95.952095,-7.818005,20.800879,-15.534102,3.899892,-25.6381,-15.566874,-4.52136,-0.225406,-8.036436,-1.648231,-2.880205,215.905,33.384,1.0,0.03189,0.54902,-5.221,0.118552,0.073306,0.103683,0.046287
data\raw\data_store\audio19\arctic_a0019(5).wav,audio19,arctic_a0019(5).wav,0019,5,-288.380432,69.496147,-9.896564,26.007149,-10.935006,10.545088,-13.822457,-25.625313,-4.415156,-9.324083,-14.91165,-2.802711,-9.511613,178.657,27.926,0.8174,0.03812,0.50213,-7.995,0.165026,0.140109,0.042886,0.026255
data\raw\data_store\audio19\arctic_a0019(6).wav,audio19,arctic_a0019(6).wav,0019,6,-238.122498,100.187149,-3.708238,29.652287,-18.250349,-2.853655,-29.126135,-18.05106,-15.352015,-4.957946,-15.758841,-7.925375,-4.840677,217.347,33.173,1.0,0.02855,0.44925,-4.258,0.094722,0.079169,0.110655,0.058061
data\raw\data_store\audio19\arctic_a0019(7).wav,audio19,arctic_a0019(7).wav,0019,7,-238.018021,93.607727,-4.126784,10.425947,-12.961311,5.862926,-24.311174,-6.984546,-6.917089,1.237251,-16.921757,3.30653,-14.738273,187.953,14.6,0.9706,0.01965,0.35845,0.127,0.128856,0.136094,0.093893,0.046564
data\raw\data_store\audio19\arctic_a0019.wav,audio19,arctic_a0019.wav,0019,0,-251.063309,96.171799,0.855827,21.51367,-14.895967,8.357482,-10.654916,-11.46552,-4.225278,-6.440839,-8.85753,-1.09165,-11.468098,185.445,15.336,0.9912,0.0216,0.38284,3.35,0.102992,0.106004,0.121001,0.051916
data\raw\data_store\audio2\arctic_a0002(1).wav,audio2,arctic_a0002(1).wav,0002,1,-203.189301,66.412308,-7.341485,35.661385,-21.417076,3.029073,-23.232811,-0.121121,-23.835028,-2.076511,-11.577956,-7.599803,-6.697489,217.713,24.823,0.9307,0.02763,0.49333,-3.307,0.173184,0.153413,0.102397,0.057691
data\raw\data_store\audio2\arctic_a0002(3).wav,audio2,arctic_a0002(3).wav,0002,3,-223.216049,76.631058,13.030855,24.331982,-9.96184,2.745595,-15.885487,-10.147733,-10.035563,1.03163,-6.388075,-4.817075,-1.609923,223.412,29.847,0.8692,0.02704,0.49246,-3.299,0.135481,0.131604,0.075746,0.037771
data\raw\data_store\audio2\arctic_a0002(4).wav,audio2,arctic_a0002(4).wav,0002,4,-218.401962,93.822205,-6.022599,31.248732,-13.885096,4.033084,-14.255481,-10.312417,-8.656508,-2.025741,-3.086323,-0.153358,3.09673,187.927,23.069,0.8911,0.02909,0.57023,-8.267,0.130089,0.101619,0.078994,0.04654
data\raw\data_store\audio2\arctic_a0002(5).wav,audio2,arctic_a0002(5).wav,0002,5,-251.15538,80.946442,-1.514009,28.60824,-11.215088,9.019885,-7.778787,-13.803921,-3.389622,-4.899955,-16.144901,-1.623051,-11.362268,167.312,25.194,0.8333,0.04089,0.5489,-6.563,0.164058,0.145697,0.057964,0.03988
data\raw\data_store\audio2\arctic_a0002(6).wav,audio2,arctic_a0002(6).wav,0002,6,-245.631409,104.002541,-5.940128,27.859337,-17.749233,-3.436255,-26.286144,-12.194853,-15.832535,-2.956336,-8.585357,-7.607384,-3.031924,210.437,25.139,0.9217,0.02671,0.50173,-3.22,0.092545,0.095109,0.100829,0.052944
data\raw\data_store\audio2\arctic_a0002(7).wav,audio2,arctic_a0002(7).wav,0002,7,-231.773224,98.462372,2.677861,20.831818,-15.778307,3.843177,-9.634976,-0.207235,-7.697584,2.802709,-19.605854,2.659878,-11.728253,175.7,19.317,0.9057,0.02161,0.47158,-0.883,0.137135,0.136868,0.091122,0.044291
data\raw\data_store\audio2\arctic_a0002.wav,audio2,arctic_a0002.wav,0002,0,-240.870316,95.158897,2.6721,24.27475,-11.101346,5.940976,-5.249266,-6.801594,-3.29064,-6.392614,-10.733569,-3.161567,-9.12854,183.304,22.88,0.9545,0.03276,0.42644,0.945,0.128119,0.130732,0.116583,0.055536
data\raw\data_store\audio20\arctic_a0020(1).wav,audio20,arctic_a0020(1).wav,0020,1,-262.795044,67.94178,10.076658,35.551842,-11.38322,5.945722,-14.009882,4.084963,-18.152933,-2.978605,-11.26567,-4.442501,-2.010958,239.411,45.634,0.8707,0.03081,0.33145,1.325,0.146044,0.179893,0.099408,0.051272
data\raw\data_store\audio20\arctic_a0020(3).wav,audio20,arctic_a0020(3).wav,0020,3,-223.764847,79.598915,33.801395,24.334072,-4.857245,3.118152,-14.799539,-9.909904,-14.605083,-4.178783,-7.057181,-6.16441,-4.802373,209.267,22.425,0.9216,0.02676,0.35464,1.893,0.136495,0.157708,0.117522,0.041083
data\raw\data_store\audio20\arctic_a0020(4).wav,audio20,arctic_a0020(4).wav,0020,4,-238.935623,74.186737,7.082087,35.794926,-19.160273,-3.678558,-21.91119,-12.066667,-13.349116,-6.127666,-7.371082,-3.503547,-4.247689,212.323,45.933,0.9383,0.04398,0.407,-5.612,0.136066,0.133965,0.082027,0.036712
data\raw\data_store\audio20\arctic_a0020(5).wav,audio20,arctic_a0020(5).wav,0020,5,-242.976959,76.171852,12.179308,33.856499,-7.418333,5.957135,-8.965249,-20.992662,-10.913983,-16.619926,-19.151566,-4.572429,-12.411658,166.073,26.304,0.9032,0.0325,0.38629,-3.264,0.15303,0.150992,0.073008,0.035178
data\raw\data_store\audio20\arctic_a0020(6).wav,audio20,arctic_a0020(6).wav,0020,6,-226.523407,88.129486,6.061971,39.003395,-12.935854,-6.130734,-25.525026,-13.953473,-17.05006,-5.368693,-17.002439,-10.481006,-5.484112,215.717,24.296,0.9906,0.02799,0.34111,-0.645,0.079422,0.080507,0.150796,0.06668
data\raw\data_store\audio20\arctic_a0020(7).wav,audio20,arctic_a0020(7).wav,0020,7,-253.024643,76.573936,12.426135,18.107237,-11.300374,3.221542,-17.943064,-4.581362,-13.286517,-2.444054,-18.612574,6.075758,-13.049402,186.046,21.233,0.9565,0.0276,0.30201,-0.585,0.1382,0.166483,0.090816,0.041848
data\raw\data_store\audio20\arctic_a0020.wav,audio20,arctic_a0020.wav,0020,0,-255.061249,85.344734,12.805191,31.85568,-16.099888,5.647241,-7.296859,-8.706906,-7.674402,-11.665495,-10.439433,-2.469752,-14.161524,188.18,16.38,0.9905,0.02094,0.25892,7.626,0.09566,0.136976,0.151949,0.053648
data\raw\data_store\audio21\arctic_a0021(1).wav,audio21,arctic_a0021(1).wav,0021,1,-190.312668,64.807838,-2.518236,47.786892,-27.666504,-0.313346,-21.861603,5.833844,-22.920307,-4.785947,-9.592675,-3.847787,-2.379703,235.257,39.917,0.9615,0.03145,0.43959,-5.085,0.109454,0.080581,0.124503,0.060804
data\raw\data_store\audio21\arctic_a0021(3).wav,audio21,arctic_a0021(3).wav,0021,3,-221.851807,84.235138,11.764488,46.602444,-12.164059,-5.831209,-11.223955,-4.499764,-15.366425,0.032731,-1.443022,-5.028454,-4.048422,207.826,54.641,0.8889,0.04981,0.4229,-6.216,0.081995,0.060295,0.091799,0.041093
data\raw\data_store\audio21\arctic_a0021(4).wav,audio21,arctic_a0021(4).wav,0021,4,-206.826691,85.141487,-15.544752,41.078636,-19.553137,-13.271643,-21.39929,-7.215502,-7.36173,-9.805665,-1.442459,-8.039736,-2.294482,209.014,27.196,0.9839,0.0159,0.3823,-3.742,0.124495,0.100528,0.110229,0.050168
data\raw\data_store\audio21\arctic_a0021(5).wav,audio21,arctic_a0021(5).wav,0021,5,-223.045563,80.540863,-14.712955,48.764114,-16.040499,-1.593774,-9.115749,-20.76528,-8.891127,-17.280693,-9.637722,-4.226784,-10.05851,176.808,28.9,0.875,0.03039,0.43861,-10.729,0.14174,0.109272,0.080941,0.039261
data\raw\data_store\audio21\arctic_a0021(6).wav,audio21,arctic_a0021(6).wav,0021,6,-210.865143,87.157021,-6.534326,58.456299,-19.227917,-18.717169,-27.469976,-10.928355,-19.458475,-5.933765,-7.793672,-10.68251,-4.021158,237.807,39.183,1.0,0.03173,0.43977,-1.581,0.084575,0.094364,0.1625,0.071552
data\raw\data_store\audio21\arctic_a0021(7).wav,audio21,arctic_a0021(7).wav,0021,7,-257.598938,88.870422,-2.059755,35.021973,-17.65148,-7.666556,-16.440744,-2.358382,-8.162464,-3.631263,-13.272545,3.021285,-14.041649,192.727,18.514,1.0,0.02221,0.38831,-6.886,0.096329,0.085362,0.089573,0.049926
data\raw\data_store\audio21\arctic_a0021.wav,audio21,arctic_a0021.wav,0021,0,-237.633347,95.858841,5.331296,43.094124,-23.689554,1.98434,-7.08567,-6.235883,-11.617712,-7.722309,-5.160678,-5.19046,-10.805148,190.454,27.057,0.9625,0.02397,0.47392,-0.364,0.098164,0.098294,0.129405,0.049074
data\raw\data_store\audio22\arctic_a0022(1).wav,audio22,arctic_a0022(1).wav,0022,1,-196.788193,77.297264,-5.90628,38.372375,-18.665241,9.402597,-20.072802,9.691397,-11.269507,-0.311953,-10.718116,-3.49171,-2.987365,215.209,21.604,0.9592,0.02139,0.38692,-1.286,0.11702,0.120688,0.119674,0.05379
data\raw\data_store\audio22\arctic_a0022(3).wav,audio22,arctic_a0022(3).wav,0022,3,-216.017044,101.090767,4.489533,15.746654,-6.922709,4.347927,-12.715373,-7.653845,-11.630332,-3.138785,-4.76031,-3.502022,-6.205995,221.009,32.862,0.9124,0.02858,0.36719,-1.522,0.089029,0.077643,0.097388,0.045187
data\raw\data_store\audio22\arctic_a0022(4).wav,audio22,arctic_a0022(4).wav,0022,4,-221.753693,104.446472,-12.70247,20.584541,-15.402688,5.400751,-21.522066,-8.592859,-6.860685,-8.711455,-4.48368,-4.460403,-0.283074,202.953,21.211,0.9055,0.02641,0.46243,-3.228,0.109149,0.080473,0.092997,0.047425
data\raw\data_store\audio22\arctic_a0022(5).wav,audio22,arctic_a0022(5).wav,0022,5,-270.888031,92.031998,-19.339352,19.155964,-9.81993,4.120362,-9.658757,-24.315994,-2.432739,-10.644492,-12.038541,0.667139,-13.453281,180.847,32.589,0.7899,0.04227,0.41465,-6.471,0.129617,0.088648,0.057397,0.03654
data\raw\data_store\audio22\arctic_a0022(6).wav,audio22,arctic_a0022(6).wav,0022,6,-214.021759,103.586067,-12.600607,35.075859,-18.420038,-7.702255,-25.539381,-18.489622,-13.819262,-4.180802,-9.981232,-11.530323,-5.079798,218.215,33.013,0.9783,0.02581,0.39953,-4.308,0.079619,0.065105,0.147847,0.072328
data\raw\data_store\audio22\arctic_a0022(7).wav,audio22,arctic_a0022(7).wav,0022,7,-234.422897,101.002594,-6.453955,7.041954,-17.060446,2.800051,-21.412289,-3.293259,-7.204578,-0.70899,-15.523295,0.709556,-11.36797,193.813,20.294,0.9919,0.02803,0.36241,-4.241,0.101247,0.072823,0.099332,0.048909
data\raw\data_store\audio22\arctic_a0022.wav,audio22,arctic_a0022.wav,0022,0,-241.692322,111.94046,-6.94875,20.510904,-13.645319,8.298151,-7.395629,-6.982268,-1.995689,-10.923565,-6.088939,-1.613027,-11.345033,190.195,19.997,0.9863,0.02856,0.34842,3.06,0.085157,0.079907,0.131171,0.058934
data\raw\data_store\audio23\arctic_a0023(1).wav,audio23,arctic_a0023(1).wav,0023,1,-209.564499,66.65506,0.39958,36.634136,-20.526407,4.494471,-19.913626,6.860313,-23.116749,-1.478321,-11.448731,-3.655023,-3.119354,232.352,30.085,0.9778,0.03233,0.4424,-0.163,0.140536,0.144669,0.107474,0.045369
data\raw\data_store\audio23\arctic_a0023(3).wav,audio23,arctic_a0023(3).wav,0023,3,-193.57106,80.718796,26.122353,30.556488,-10.921844,1.49018,-11.414738,-7.506279,-14.906274,-2.275839,-4.943741,-3.264022,-3.287146,213.579,43.651,0.8072,0.03702,0.42135,-0.543,0.11358,0.123897,0.115215,0.055179
data\raw\data_store\audio23\arctic_a0023(4).wav,audio23,arctic_a0023(4).wav,0023,4,-209.623917,86.183228,-3.562434,41.837982,-18.997244,-2.495267,-19.980909,-13.218408,-10.243321,-6.815837,-4.587471,-3.823317,-0.582647,212.797,35.648,0.9504,0.03249,0.4859,-3.141,0.111774,0.08562,0.091241,0.03682
data\raw\data_store\audio23\arctic_a0023(5).wav,audio23,arctic_a0023(5).wav,0023,5,-218.557449,77.436401,-11.733268,44.703369,-15.789027,7.360191,-8.475844,-22.300308,-7.612732,-18.933609,-14.162107,-3.1565,-11.597817,171.954,21.762,0.8766,0.02903,0.45363,-1.884,0.142536,0.109515,0.078219,0.040871
data\raw\data_store\audio23\arctic_a0023(6).wav,audio23,arctic_a0023(6).wav,0023,6,-202.488846,91.602463,-6.027391,48.840202,-23.323851,-10.046562,-27.839825,-16.360762,-18.944382,-10.89918,-7.776857,-10.496305,-4.566582,232.709,29.797,0.9872,0.02438,0.47716,0.299,0.105658,0.111414,0.153081,0.063906
data\raw\data_store\audio23\arctic_a0023(7).wav,audio23,arctic_a0023(7).wav,0023,7,-221.950424,84.262054,7.390624,25.887186,-21.69857,-0.499831,-21.257612,-5.028888,-12.578935,1.537281,-18.166531,3.519909,-8.263804,190.372,16.436,0.9726,0.02784,0.44899,0.845,0.142052,0.129876,0.096422,0.045045
data\raw\data_store\audio23\arctic_a0023.wav,audio23,arctic_a0023.wav,0023,0,-235.136353,86.153419,14.475295,29.914972,-15.800367,2.832405,-7.184475,-6.228729,-7.991803,-11.375147,-7.449008,-3.280542,-8.912886,190.687,19.532,0.9828,0.02999,0.40932,3.576,0.119207,0.133938,0.146193,0.068884
data\raw\data_store\audio24\arctic_a0024(1).wav,audio24,arctic_a0024(1).wav,0024,1,-254.777756,56.707748,7.927479,40.608669,-18.612661,11.27422,-19.645844,7.431266,-18.839891,0.258126,-12.180357,-4.948033,-1.960354,225.482,31.372,0.8955,0.03658,0.44512,0.943,0.170159,0.169909,0.072469,0.036946
data\raw\data_store\audio24\arctic_a0024(3).wav,audio24,arctic_a0024(3).wav,0024,3,-203.852737,75.881088,24.576506,30.205175,-6.853585,5.737155,-14.23186,-5.779223,-15.935562,-1.750864,-7.007264,-3.236525,-5.339252,227.436,29.708,0.8182,0.03221,0.48689,1.494,0.125601,0.12462,0.104519,0.048308
data\raw\data_store\audio24\arctic_a0024(4).wav,audio24,arctic_a0024(4).wav,0024,4,-232.560989,75.800407,-12.491371,31.625359,-12.05048,2.255735,-20.847212,-16.384912,-7.606138,-6.527568,-3.3045,-4.960242,-2.502494,235.089,35.205,0.94,0.03014,0.53732,-0.357,0.141378,0.100608,0.089817,0.048709
data\raw\data_store\audio24\arctic_a0024(5).wav,audio24,arctic_a0024(5).wav,0024,5,-223.883545,66.218781,-9.361451,33.983852,-10.57904,5.884543,-10.261345,-22.200481,-9.357834,-15.776377,-13.2746,-4.746391,-15.422839,184.863,29.278,0.8696,0.0417,0.4998,-4.304,0.164595,0.130022,0.082974,0.046007
data\raw\data_store\audio24\arctic_a0024(6).wav,audio24,arctic_a0024(6).wav,0024,6,-209.897202,81.615982,0.536684,41.458694,-12.057549,-4.169597,-25.164042,-15.382619,-15.483361,-3.333236,-11.393036,-9.033662,-4.522917,240.914,28.014,0.936,0.03415,0.49119,1.267,0.117894,0.121395,0.1643,0.077935
data\raw\data_store\audio24\arctic_a0024(7).wav,audio24,arctic_a0024(7).wav,0024,7,-215.628662,76.730453,-0.417556,29.585745,-16.81847,2.483387,-21.115944,-4.935319,-12.046351,1.352323,-15.947535,2.56494,-10.242709,192.972,16.39,0.8938,0.0225,0.42969,1.875,0.146905,0.127885,0.105929,0.047631
data\raw\data_store\audio24\arctic_a0024.wav,audio24,arctic_a0024.wav,0024,0,-265.280182,78.135605,14.289885,24.380941,-9.004497,9.479328,-8.826814,-6.994011,-6.677801,-9.732153,-8.175297,-3.199182,-10.144575,194.139,23.144,0.9077,0.03228,0.37837,4.083,0.160261,0.170901,0.118885,0.074332
data\raw\data_store\audio25\arctic_a0025(1).wav,audio25,arctic_a0025(1).wav,0025,1,-237.259766,75.228683,-4.836677,43.270554,-19.975929,8.693638,-28.167667,4.47203,-22.725811,-5.362267,-10.944618,-4.426426,-0.65856,220.535,26.466,0.9592,0.03942,0.48688,-1.773,0.118377,0.131991,0.081718,0.034416
data\raw\data_store\audio25\arctic_a0025(3).wav,audio25,arctic_a0025(3).wav,0025,3,-181.218201,92.165344,17.025782,24.605146,-5.551812,4.055013,-14.9102,-7.749663,-16.210665,-4.435844,-4.794074,-4.358867,-2.045732,204.673,25.397,0.8222,0.0251,0.40938,-0.997,0.096736,0.102971,0.146351,0.056994
data\raw\data_store\audio25\arctic_a0025(4).wav,audio25,arctic_a0025(4).wav,0025,4,-201.26265,80.639053,-20.433519,32.454323,-13.128033,-3.725419,-24.904125,-12.455241,-5.403329,-3.234622,-7.419981,-4.940931,0.911473,228.278,34.162,1.0,0.02149,0.55146,-0.761,0.12306,0.096679,0.108235,0.04616
data\raw\data_store\audio25\arctic_a0025(5).wav,audio25,arctic_a0025(5).wav,0025,5,-256.0672,76.15638,-17.288658,34.69902,-17.502798,5.103435,-13.820828,-26.035183,-9.067216,-14.472378,-16.452213,-6.723564,-9.067663,175.084,26.453,0.9529,0.05093,0.52398,-2.773,0.126845,0.105883,0.054499,0.034021
data\raw\data_store\audio25\arctic_a0025(6).wav,audio25,arctic_a0025(6).wav,0025,6,-218.368729,103.851616,-12.532549,34.632244,-10.041678,-4.31951,-28.184034,-16.625011,-14.753103,-7.835052,-11.395231,-10.221445,-5.104772,241.088,33.787,0.9712,0.03238,0.40231,0.424,0.072212,0.078463,0.17967,0.074188
data\raw\data_store\audio25\arctic_a0025(7).wav,audio25,arctic_a0025(7).wav,0025,7,-210.806061,90.730171,-0.521392,23.821568,-16.237045,0.311471,-23.082518,-6.279462,-11.322797,-0.069343,-19.481203,5.901875,-10.419661,188.162,15.198,0.954,0.02153,0.44211,2.961,0.102939,0.089765,0.114837,0.047575
data\raw\data_store\audio25\arctic_a0025.wav,audio25,arctic_a0025.wav,0025,0,-253.495453,101.339661,-2.525565,28.178438,-8.318576,2.475134,-13.905716,-8.156056,-3.480627,-9.461818,-9.145169,-3.532909,-8.263799,190.146,21.226,0.9604,0.0254,0.40084,4.431,0.089149,0.099986,0.124486,0.047531
data\raw\data_store\audio26\arctic_a0026(1).wav,audio26,arctic_a0026(1).wav,0026,1,-226.906784,72.116791,-16.575811,43.127682,-25.229078,12.356676,-20.101208,11.206834,-20.922995,0.184003,-10.396406,-7.917122,0.075159,235.3,37.277,0.9674,0.03224,0.50249,-3.268,0.08622,0.060607,0.084433,0.041186
data\raw\data_store\audio26\arctic_a0026(3).wav,audio26,arctic_a0026(3).wav,0026,3,-215.310913,83.400299,14.209983,45.893848,-12.07366,-3.29754,-11.784735,-3.537907,-13.03595,-3.735319,-2.646547,-7.000582,-2.51819,213.034,36.757,0.9405,0.02917,0.45993,-1.667,0.083862,0.066764,0.105817,0.044892
data\raw\data_store\audio26\arctic_a0026(4).wav,audio26,arctic_a0026(4).wav,0026,4,-223.305573,84.921471,-24.905476,49.479931,-17.394257,-11.57664,-20.92971,-9.893131,-8.721608,-10.37108,-1.837062,-5.97125,-0.298946,241.5,39.697,1.0,0.02087,0.47006,-1.647,0.103257,0.082774,0.096057,0.049251
data\raw\data_store\audio26\arctic_a0026(5).wav,audio26,arctic_a0026(5).wav,0026,5,-219.342209,82.921478,-26.959023,53.038929,-14.843594,-3.572774,-8.913107,-18.753521,-6.239643,-21.907385,-11.265496,-5.937229,-12.991346,173.228,23.956,0.9467,0.02947,0.50717,-7.063,0.118171,0.08857,0.080432,0.042564
data\raw\data_store\audio26\arctic_a0026(6).wav,audio26,arctic_a0026(6).wav,0026,6,-203.630463,104.221817,-17.34333,39.744076,-18.741528,-6.389514,-25.214136,-14.07271,-14.041442,-5.243252,-7.157728,-10.499125,-2.854758,234.674,33.979,1.0,0.02303,0.4752,-1.589,0.061819,0.041326,0.160387,0.070887
data\raw\data_store\audio26\arctic_a0026(7).wav,audio26,arctic_a0026(7).wav,0026,7,-222.352249,91.195793,-1.558902,33.311077,-21.948908,-9.232399,-15.236772,1.433484,-13.364545,-6.347206,-18.025393,1.510078,-14.841989,194.036,17.462,1.0,0.01819,0.43299,0.935,0.103001,0.06782,0.110899,0.039829
data\raw\data_store\audio26\arctic_a0026.wav,audio26,arctic_a0026.wav,0026,0,-256.451569,87.320534,-1.144898,41.766983,-9.850827,-2.764649,-3.334767,-1.573573,-7.216002,-10.355989,-5.997699,-4.378645,-9.090331,192.17,22.385,0.9891,0.03051,0.43623,3.65,0.094227,0.092956,0.116845,0.053866
data\raw\data_store\audio27\arctic_a0027(1).wav,audio27,arctic_a0027(1).wav,0027,1,-249.989807,64.9524,-5.060035,39.619087,-17.637501,-1.484252,-20.086109,12.199641,-21.302591,-1.247184,-14.595172,-3.342119,-3.130628,214.49,31.636,0.9333,0.03268,0.50026,-5.875,0.175028,0.168926,0.061208,0.027841
data\raw\data_store\audio27\arctic_a0027(3).wav,audio27,arctic_a0027(3).wav,0027,3,-183.424713,77.023651,20.484221,29.202938,-7.506575,-1.535108,-15.456712,-4.861883,-14.213543,-3.88746,-6.935604,-3.52732,-4.421725,228.565,31.286,0.9297,0.03459,0.45131,0.979,0.138432,0.132464,0.120984,0.042815
data\raw\data_store\audio27\arctic_a0027(4).wav,audio27,arctic_a0027(4).wav,0027,4,-210.783295,84.998505,-22.827465,34.743893,-11.288561,-12.47961,-21.076256,-10.848603,-5.126884,-6.213202,-5.829264,-4.578163,-2.954604,215.735,45.552,0.9412,0.03554,0.39633,-2.916,0.148532,0.117884,0.088723,0.038247
data\raw\data_store\audio27\arctic_a0027(5).wav,audio27,arctic_a0027(5).wav,0027,5,-255.749023,67.984299,-13.068222,42.801323,-12.42587,-2.932828,-10.754622,-19.664326,-11.599212,-13.992692,-17.909878,-4.636772,-15.841802,173.236,34.267,0.9661,0.03881,0.4644,-5.294,0.184151,0.143636,0.051964,0.028545
data\raw\data_store\audio27\arctic_a0027(6).wav,audio27,arctic_a0027(6).wav,0027,6,-207.517319,83.307312,-5.895305,38.458313,-13.459522,-11.48608,-27.862068,-15.185168,-17.960783,-9.262957,-12.123452,-6.450719,-3.785578,245.109,42.481,0.9603,0.03618,0.47864,-4.424,0.118428,0.107079,0.158748,0.077903
data\raw\data_store\audio27\arctic_a0027(7).wav,audio27,arctic_a0027(7).wav,0027,7,-210.28183,83.190048,-3.068886,21.826944,-17.922247,-5.089054,-18.883385,-4.180902,-8.219151,-1.428013,-20.428633,4.528122,-14.25672,189.864,19.738,0.9914,0.02176,0.3258,-0.095,0.134766,0.120962,0.115476,0.045424
data\raw\data_store\audio27\arctic_a0027.wav,audio27,arctic_a0027.wav,0027,0,-230.502502,85.536736,-3.695517,29.114477,-9.455235,-4.476233,-6.73392,-2.239736,-5.486768,-9.101961,-9.455981,-4.554508,-13.735082,192.287,21.262,0.9714,0.02078,0.37686,5.265,0.133915,0.146206,0.137977,0.052972
data\raw\data_store\audio28\arctic_a0028(1).wav,audio28,arctic_a0028(1).wav,0028,1,-231.548477,72.866035,-7.466806,53.181862,-20.657984,12.144022,-15.836967,-0.149421,-12.85893,1.489768,-8.10806,-8.938758,4.520856,213.66,15.642,0.9857,0.01788,0.20897,1.966,0.069025,0.062836,0.14462,0.051149
data\raw\data_store\audio28\arctic_a0028(3).wav,audio28,arctic_a0028(3).wav,0028,3,-238.559082,89.991638,-0.357968,28.807199,-2.011734,-1.366499,-9.359509,-9.355844,-10.501896,-5.114851,-5.718179,-7.271984,-5.807739,202.251,8.851,0.8571,0.01064,0.2162,5.939,0.052106,0.03798,0.115797,0.062541
data\raw\data_store\audio28\arctic_a0028(4).wav,audio28,arctic_a0028(4).wav,0028,4,-302.714081,96.009888,-20.837799,26.647711,-6.995957,0.954756,-11.019357,-7.4228,-5.390415,-5.37495,1.061881,-6.091163,-2.036162,211.407,18.591,0.72,0.02212,0.3023,-3.233,0.088695,0.048019,0.088228,0.065083
data\raw\data_store\audio28\arctic_a0028(5).wav,audio28,arctic_a0028(5).wav,0028,5,-360.156708,85.280014,-27.086765,21.39196,-5.758899,2.083073,-1.122827,-20.165588,-7.974905,-6.910867,-12.318415,0.424106,-12.770085,180.474,30.251,0.6522,0.03663,0.41063,-40.0,0.11688,0.087998,0.037831,0.030505
data\raw\data_store\audio28\arctic_a0028(6).wav,audio28,arctic_a0028(6).wav,0028,6,-228.220901,90.593727,-5.685282,48.450394,-20.063992,-8.46518,-16.405296,-16.636471,-13.585829,-2.046124,-10.803742,-9.819021,-4.555176,209.999,19.975,0.9836,0.02949,0.3818,3.387,0.089501,0.09897,0.160272,0.078902
data\raw\data_store\audio28\arctic_a0028(7).wav,audio28,arctic_a0028(7).wav,0028,7,-265.604065,99.719887,-21.482101,15.097585,-11.862385,-0.380385,-24.709133,-1.709609,-11.926043,0.72566,-12.58528,1.280742,-9.206154,195.683,12.026,0.9692,0.0291,0.25988,-1.228,0.084857,0.079044,0.110167,0.051153
data\raw\data_store\audio28\arctic_a0028.wav,audio28,arctic_a0028.wav,0028,0,-258.710022,115.264122,-31.018749,32.57597,-12.609532,4.319162,-4.956026,-17.760647,1.346946,-9.450894,-5.227452,-7.275145,-10.462599,191.947,21.929,0.9697,0.0164,0.21351,2.352,0.06995,0.080259,0.158275,0.05902
data\raw\data_store\audio29\arctic_a0029(1).wav,audio29,arctic_a0029(1).wav,0029,1,-228.140961,76.248596,-7.41832,38.977726,-21.534082,10.829749,-19.734755,4.980536,-20.249828,-3.017706,-13.23932,-2.935656,1.170591,230.741,30.957,0.9789,0.02761,0.35408,-0.317,0.110056,0.109773,0.105531,0.046054
data\raw\data_store\audio29\arctic_a0029(3).wav,audio29,arctic_a0029(3).wav,0029,3,-223.030151,82.84684,19.786837,27.531891,-4.854039,0.715049,-12.873373,-6.053813,-14.612836,-4.296034,-5.443999,-4.006518,-5.073199,216.252,30.564,0.8723,0.03085,0.38773,-1.759,0.11926,0.132109,0.112114,0.049689
data\raw\data_store\audio29\arctic_a0029(4).wav,audio29,arctic_a0029(4).wav,0029,4,-228.008041,85.854912,-11.560804,33.48904,-14.836713,-0.276525,-21.173153,-11.480985,-7.76674,-8.460738,-2.193831,-7.198916,1.484087,209.337,30.748,0.9765,0.01886,0.38854,-2.605,0.120545,0.095966,0.09532,0.040304
data\raw\data_store\audio29\arctic_a0029(5).wav,audio29,arctic_a0029(5).wav,0029,5,-220.363449,85.582703,-14.463097,42.942432,-11.923479,3.222265,-9.120498,-21.746048,-8.855675,-22.306131,-13.567058,-3.52573,-9.550901,168.976,27.37,0.9783,0.04097,0.40465,-2.941,0.129689,0.102044,0.094064,0.046705
data\raw\data_store\audio29\arctic_a0029(6).wav,audio29,arctic_a0029(6).wav,0029,6,-213.797974,98.955864,-6.537024,30.265703,-17.713242,-6.749077,-27.734716,-19.400383,-17.470375,-5.019315,-13.329286,-10.845137,-3.996248,251.184,43.251,0.989,0.02928,0.44469,-0.017,0.099441,0.108659,0.172698,0.077465
data\raw\data_store\audio29\arctic_a0029(7).wav,audio29,arctic_a0029(7).wav,0029,7,-221.452209,101.724022,-2.027569,20.563002,-15.290241,-2.38923,-25.065514,-4.625514,-14.360027,-0.757775,-14.900503,1.211736,-9.701943,187.139,16.115,1.0,0.0229,0.38696,2.288,0.104551,0.100356,0.127021,0.044749
data\raw\data_store\audio29\arctic_a0029.wav,audio29,arctic_a0029.wav,0029,0,-236.583618,95.724098,4.543011,31.933775,-10.566145,1.287339,-7.201488,-6.211637,-6.93352,-9.803178,-6.117787,-3.048248,-7.905256,188.79,20.393,0.96,0.02608,0.35959,3.649,0.109726,0.116067,0.14173,0.064289
data\raw\data_store\audio3\arctic_a0003(1).wav,audio3,arctic_a0003(1).wav,0003,1,-229.372925,66.763763,-2.066769,41.329483,-26.238394,3.518361,-22.422434,5.720079,-27.276672,-6.050446,-11.356006,-7.721596,-4.8416,223.889,27.072,0.9896,0.03605,0.50271,-1.434,0.098442,0.076381,0.100609,0.043966
data\raw\data_store\audio3\arctic_a0003(3).wav,audio3,arctic_a0003(3).wav,0003,3,-203.810593,69.941719,16.501989,44.460438,-16.701536,-6.304931,-12.167166,-9.104905,-13.365313,-4.778902,-5.248889,-7.105172,-2.233451,227.097,34.74,0.9388,0.02738,0.46259,-1.345,0.113884,0.095185,0.10278,0.046011
data\raw\data_store\audio3\arctic_a0003(4).wav,audio3,arctic_a0003(4).wav,0003,4,-198.41185,89.81955,-13.017222,46.337959,-19.421665,-4.797279,-16.609097,-11.03164,-8.802032,-5.560583,-1.350084,-5.712356,2.846851,207.136,28.982,0.9556,0.0348,0.36502,-2.642,0.101034,0.065235,0.108172,0.052537
data\raw\data_store\audio3\arctic_a0003(5).wav,audio3,arctic_a0003(5).wav,0003,5,-202.360184,74.97908,-6.377026,50.672485,-6.99067,0.666963,-4.608298,-15.48231,-6.477695,-12.245296,-20.189165,-5.110646,-10.90051,167.009,26.085,0.7473,0.03189,0.43881,-5.575,0.13458,0.129817,0.097885,0.047331
data\raw\data_store\audio3\arctic_a0003(6).wav,audio3,arctic_a0003(6).wav,0003,6,-239.656967,89.594757,-9.034426,48.153,-22.391171,-8.41296,-30.939434,-8.153132,-22.735666,-6.365822,-11.110401,-13.545521,-1.976404,222.496,22.831,0.9898,0.02679,0.40633,2.466,0.081174,0.064395,0.114629,0.047758
data\raw\data_store\audio3\arctic_a0003(7).wav,audio3,arctic_a0003(7).wav,0003,7,-193.641327,73.555237,4.768977,32.352421,-21.263113,-0.252898,-13.732711,-2.551926,-12.174109,-3.686396,-19.071795,-0.939625,-14.742611,197.987,23.921,0.9348,0.02579,0.35743,0.14,0.126498,0.112175,0.144376,0.059752
data\raw\data_store\audio3\arctic_a0003.wav,audio3,arctic_a0003.wav,0003,0,-235.177597,83.338905,3.109343,37.642197,-15.237626,-1.405275,-1.842829,-4.25901,-7.579298,-10.979478,-9.898607,-4.046508,-12.567834,184.267,21.501,0.9615,0.02872,0.31682,2.984,0.106465,0.12065,0.139978,0.063625
data\raw\data_store\audio30\arctic_a0030(1).wav,audio30,arctic_a0030(1).wav,0030,1,-215.053421,58.67749,-2.573217,44.245125,-20.170719,0.23743,-16.841198,21.06834,-23.711098,-0.628704,-20.533316,-4.459262,-5.372503,225.06,29.9,0.925,0.03237,0.49543,0.522,0.128445,0.103061,0.103713,0.055786
data\raw\data_store\audio30\arctic_a0030(3).wav,audio30,arctic_a0030(3).wav,0030,3,-212.766754,92.248459,0.104723,33.657143,-4.660037,-4.218045,-5.762663,-2.384614,-11.718876,-2.382683,-8.772207,-7.950812,-1.545089,203.435,25.872,0.973,0.01845,0.34978,-3.879,0.066998,0.039869,0.114369,0.04736
data\raw\data_store\audio30\arctic_a0030(4).wav,audio30,arctic_a0030(4).wav,0030,4,-201.783844,81.151642,-35.680408,40.22052,-13.639868,-10.439901,-9.585944,-9.831244,-3.51083,-9.815058,-10.523234,-4.582415,1.130702,215.972,30.397,0.973,0.01861,0.41284,-2.974,0.150036,0.114162,0.108639,0.043366
data\raw\data_store\audio30\arctic_a0030(5).wav,audio30,arctic_a0030(5).wav,0030,5,-310.19223,76.681503,-18.565495,42.732803,-11.81471,4.184255,-6.31378,-17.55648,-0.95585,-19.305765,-13.821406,-10.22235,-8.202529,165.313,22.067,0.9722,0.0239,0.49529,-40.0,0.107742,0.087999,0.038311,0.027753
data\raw\data_store\audio30\arctic_a0030(6).wav,audio30,arctic_a0030(6).wav,0030,6,-224.747192,95.250732,-14.347583,38.50843,-13.82583,-12.063938,-28.945166,-3.919285,-17.56691,-5.910554,-14.36951,-9.046013,-6.448915,206.579,23.121,0.9744,0.02422,0.43139,0.92,0.108775,0.113971,0.13019,0.060999
data\raw\data_store\audio30\arctic_a0030(7).wav,audio30,arctic_a0030(7).wav,0030,7,-208.017197,84.379723,0.65416,30.535295,-14.711938,-6.331526,-15.734351,0.563042,-13.160951,-0.58091,-23.646872,5.17462,-16.540792,189.605,12.794,0.9722,0.01613,0.33696,3.217,0.1259,0.115304,0.140846,0.054625
data\raw\data_store\audio30\arctic_a0030.wav,audio30,arctic_a0030.wav,0030,0,-237.247574,88.604279,-13.256147,43.141823,-17.129459,-2.702854,-3.170076,-0.325831,-2.598278,-7.14692,-12.439999,-2.792774,-13.710982,177.156,21.488,0.9556,0.02013,0.30841,1.245,0.105909,0.116497,0.144576,0.05353
data\raw\data_store\audio31\arctic_a0031(1).wav,audio31,arctic_a0031(1).wav,0031,1,-222.477417,67.367577,-15.91911,44.283314,-20.710594,1.870498,-19.123772,6.569935,-13.403607,-5.0112,-11.016231,-3.861995,0.235113,223.195,33.332,0.8986,0.03645,0.39042,-4.519,0.12195,0.141006,0.101451,0.061284
data\raw\data_store\audio31\arctic_a0031(3).wav,audio31,arctic_a0031(3).wav,0031,3,-197.600143,95.504181,-2.835214,38.416111,-4.099794,-6.053322,-17.725851,-3.251076,-14.60253,-7.601294,-6.382217,-3.098159,-5.663836,223.256,24.711,0.8772,0.03276,0.31734,2.842,0.075481,0.050093,0.129976,0.054782
data\raw\data_store\audio31\arctic_a0031(4).wav,audio31,arctic_a0031(4).wav,0031,4,-189.487473,98.753601,-21.292984,33.090927,-4.139874,-3.908511,-24.329288,-8.015889,-8.705068,-6.254155,-1.302746,-0.844937,-4.201982,228.167,32.701,0.8824,0.033,0.57541,0.971,0.119733,0.075163,0.129556,0.052638
data\raw\data_store\audio31\arctic_a0031(5).wav,audio31,arctic_a0031(5).wav,0031,5,-215.134857,82.138527,-24.010838,44.966686,-2.797151,-7.813622,-11.995318,-21.223722,-9.050962,-20.672234,-16.859932,-2.015727,-12.909081,180.551,21.215,1.0,0.03543,0.37721,2.001,0.096749,0.078387,0.111098,0.048408
data\raw\data_store\audio31\arctic_a0031(6).wav,audio31,arctic_a0031(6).wav,0031,6,-192.733963,97.83474,-23.578705,22.860647,-18.856634,-12.829382,-26.223331,-15.07929,-13.41326,-5.561174,-12.136338,-8.568611,-6.113136,248.578,47.347,0.9825,0.03079,0.35111,-5.747,0.081718,0.056824,0.200165,0.090674
data\raw\data_store\audio31\arctic_a0031(7).wav,audio31,arctic_a0031(7).wav,0031,7,-206.660034,95.646965,-13.624878,31.050997,-10.963676,-8.810662,-26.473976,-1.041352,-10.162377,-4.259388,-14.95483,2.428181,-8.864003,202.473,20.766,1.0,0.02979,0.36855,-0.288,0.103037,0.087917,0.155795,0.06195
data\raw\data_store\audio31\arctic_a0031.wav,audio31,arctic_a0031.wav,0031,0,-205.229721,85.850037,1.344975,41.393379,-10.355429,0.064668,-8.621808,-8.096437,-8.771685,-11.343717,-7.044072,-5.648616,-8.062706,195.432,20.472,0.9483,0.02396,0.3339,4.842,0.083279,0.105559,0.188962,0.077094
data\raw\data_store\audio32\arctic_a0032(1).wav,audio32,arctic_a0032(1).wav,0032,1,-232.179428,51.822021,8.818481,33.703125,-15.217751,3.017252,-15.156611,11.185822,-19.299221,-1.123648,-9.357921,-2.104717,-4.180019,231.29,34.576,0.9173,0.03458,0.44222,0.507,0.199219,0.186894,0.089631,0.045095
data\raw\data_store\audio32\arctic_a0032(3).wav,audio32,arctic_a0032(3).wav,0032,3,-203.054062,69.384529,27.68187,18.544264,-6.376655,-6.182682,-14.123779,-1.38597,-13.766957,-1.653803,-6.918366,-3.757199,-4.103915,218.349,46.453,0.8595,0.0566,0.42607,-3.344,0.205629,0.187013,0.105087,0.045617
data\raw\data_store\audio32\arctic_a0032(4).wav,audio32,arctic_a0032(4).wav,0032,4,-209.081421,69.461647,-12.939227,25.361788,-10.139062,-8.902232,-19.986179,-8.816931,-5.090573,-4.137043,-6.745697,0.478555,-4.356547,231.55,29.996,0.8707,0.029,0.4707,-0.347,0.226323,0.176154,0.096673,0.052528
data\raw\data_store\audio32\arctic_a0032(5).wav,audio32,arctic_a0032(5).wav,0032,5,-208.731628,51.200294,-1.792268,24.05949,-6.303037,-0.580244,-14.994793,-14.834327,-5.942352,-14.825753,-15.019308,-3.101479,-10.603339,180.088,28.729,0.8017,0.04208,0.43176,-6.704,0.268505,0.22058,0.089439,0.048625
data\raw\data_store\audio32\arctic_a0032(6).wav,audio32,arctic_a0032(6).wav,0032,6,-215.645508,66.774208,2.002249,28.449902,-13.946074,-15.077515,-29.685759,-10.09181,-17.001175,-6.755085,-12.519086,-8.387524,-8.41326,249.128,34.155,0.925,0.04158,0.4529,-1.219,0.182407,0.163828,0.141323,0.075715
data\raw\data_store\audio32\arctic_a0032(7).wav,audio32,arctic_a0032(7).wav,0032,7,-226.759949,71.96627,7.37395,17.14587,-9.424356,-9.69525,-19.234938,-0.095494,-6.889861,-4.737755,-15.89956,4.701585,-9.38102,193.524,20.174,0.9533,0.02773,0.40947,1.086,0.21335,0.19212,0.109517,0.050124
data\raw\data_store\audio32\arctic_a0032.wav,audio32,arctic_a0032.wav,0032,0,-234.654022,68.612946,11.073584,22.433928,-9.768652,-3.80093,-8.12731,1.721056,-5.105695,-8.076457,-10.734155,0.797781,-11.643478,186.413,19.632,0.936,0.03646,0.38633,3.756,0.226175,0.216832,0.116069,0.059633
data\raw\data_store\audio33\arctic_a0033(1).wav,audio33,arctic_a0033(1).wav,0033,1,-236.504639,66.829842,-10.003129,41.67601,-25.608805,7.687085,-23.241421,10.422719,-14.398061,-4.987182,-10.010865,-1.060219,-2.303543,223.451,31.105,0.9023,0.03045,0.4484,-2.96,0.088106,0.085081,0.085712,0.045665
data\raw\data_store\audio33\arctic_a0033(3).wav,audio33,arctic_a0033(3).wav,0033,3,-212.644012,96.120872,20.725754,28.149817,-10.692952,3.684833,-10.899332,-10.166239,-11.980271,-6.014946,-6.736241,-1.092803,-7.205025,214.069,27.199,0.9455,0.02148,0.36229,0.116,0.082893,0.091581,0.11485,0.041044
data\raw\data_store\audio33\arctic_a0033(4).wav,audio33,arctic_a0033(4).wav,0033,4,-202.418793,94.856133,-18.585835,31.163563,-20.432453,-5.15721,-20.032084,-15.12783,-2.595294,-11.209432,-9.749517,0.220516,-1.948555,231.916,38.107,1.0,0.02899,0.46136,-4.964,0.10189,0.097246,0.118315,0.050307
data\raw\data_store\audio33\arctic_a0033(5).wav,audio33,arctic_a0033(5).wav,0033,5,-211.780167,88.05275,-18.863792,39.571457,-19.185221,1.277737,-10.968008,-25.720806,-1.156862,-20.407705,-12.620495,-5.255397,-12.078306,181.481,24.044,0.7788,0.02956,0.44932,-3.532,0.119595,0.105794,0.082207,0.039218
data\raw\data_store\audio33\arctic_a0033(6).wav,audio33,arctic_a0033(6).wav,0033,6,-222.248566,101.947906,-21.037567,39.911701,-18.946466,-11.981595,-27.557621,-14.873019,-13.3336,-10.620556,-10.727894,-6.01692,-3.696474,233.581,36.495,0.937,0.04191,0.46264,-2.434,0.09959,0.107726,0.139933,0.072242
data\raw\data_store\audio33\arctic_a0033(7).wav,audio33,arctic_a0033(7).wav,0033,7,-233.675354,99.066803,-3.816044,21.092806,-25.987219,3.17208,-23.457617,-6.809254,-7.188117,-7.684813,-18.467352,0.852618,-12.118467,189.831,14.095,1.0,0.01617,0.39142,1.771,0.092396,0.093736,0.10584,0.039313
data\raw\data_store\audio33\arctic_a0033.wav,audio33,arctic_a0033.wav,0033,0,-226.525772,91.113144,-0.007654,29.771721,-18.067175,2.554459,-9.954223,-3.933705,-4.087157,-13.255389,-11.388058,-1.406952,-10.88953,191.847,20.282,0.9672,0.02678,0.35717,4.7,0.094838,0.108079,0.15575,0.077163
data\raw\data_store\audio34\arctic_a0034(1).wav,audio34,arctic_a0034(1).wav,0034,1,-236.911362,63.363003,-3.845892,26.586826,-12.032129,5.349643,-22.443542,9.66886,-12.477866,-0.27618,-11.274034,1.170409,-4.295307,229.002,35.934,0.8621,0.03366,0.40844,-1.993,0.15812,0.162199,0.088088,0.054099
data\raw\data_store\audio34\arctic_a0034(3).wav,audio34,arctic_a0034(3).wav,0034,3,-207.336166,80.514694,21.315739,18.088085,-7.281305,-0.298125,-10.513514,-8.986228,-13.028564,-1.797478,-6.408463,-3.480919,-5.02655,215.434,24.38,0.8317,0.02669,0.36906,0.178,0.166031,0.208819,0.106319,0.045883
data\raw\data_store\audio34\arctic_a0034(4).wav,audio34,arctic_a0034(4).wav,0034,4,-204.32402,82.307014,-14.647543,26.690456,-21.586864,0.395879,-18.746265,-16.428167,-4.205071,-3.904521,-9.92847,-1.483314,-1.090305,210.372,25.24,0.9348,0.0348,0.40255,-2.658,0.169123,0.174693,0.103662,0.052562
data\raw\data_store\audio34\arctic_a0034(5).wav,audio34,arctic_a0034(5).wav,0034,5,-226.67276,68.611595,-5.635174,28.136534,-11.247727,5.043279,-12.000932,-20.684053,-5.108001,-14.571667,-17.68833,-5.52382,-10.757146,171.753,27.332,0.8462,0.03844,0.43159,-6.175,0.194839,0.198846,0.077981,0.04474
data\raw\data_store\audio34\arctic_a0034(6).wav,audio34,arctic_a0034(6).wav,0034,6,-215.786957,91.329971,-4.527669,40.558907,-10.979625,-12.920919,-24.745726,-12.199006,-13.85244,-9.188063,-12.163171,-6.905123,-8.067719,220.068,26.35,0.9145,0.02789,0.41528,-0.285,0.119313,0.141663,0.146552,0.087029
data\raw\data_store\audio34\arctic_a0034(7).wav,audio34,arctic_a0034(7).wav,0034,7,-248.066574,83.2771,9.826191,15.233187,-15.285314,2.478271,-18.137157,-6.398073,-9.185028,-1.524748,-19.64131,3.309296,-13.345358,189.97,16.31,0.9462,0.02737,0.41396,0.302,0.163091,0.182317,0.090459,0.042737
data\raw\data_store\audio34\arctic_a0034.wav,audio34,arctic_a0034.wav,0034,0,-252.549438,83.268875,9.335774,19.437973,-10.92797,3.493728,-8.96161,-5.108202,-4.562278,-6.377916,-9.300399,0.115111,-11.807795,184.096,20.822,0.9636,0.03194,0.37596,2.912,0.154223,0.200456,0.118743,0.065542
data\raw\data_store\audio35\arctic_a0035(1).wav,audio35,arctic_a0035(1).wav,0035,1,-224.218826,68.151062,-4.767029,33.227654,-21.321211,5.138957,-17.166582,12.694704,-15.297118,2.242462,-8.111226,1.071774,-3.616446,213.588,24.678,0.7244,0.03311,0.47442,-5.103,0.136639,0.14085,0.093496,0.056357
data\raw\data_store\audio35\arctic_a0035(3).wav,audio35,arctic_a0035(3).wav,0035,3,-209.521072,84.200203,16.271488,16.842737,-13.888332,4.106606,-9.391484,-3.735018,-9.288054,-2.442445,-6.410064,-3.944458,-4.942146,211.812,27.083,0.839,0.03097,0.46202,-1.616,0.115401,0.13465,0.094769,0.04652
data\raw\data_store\audio35\arctic_a0035(4).wav,audio35,arctic_a0035(4).wav,0035,4,-230.401093,90.31295,-17.772055,21.845407,-16.30591,-4.589135,-15.110833,-11.440868,-2.231753,-5.01533,-5.246132,-2.450239,-3.933026,216.563,32.207,0.9135,0.03346,0.52603,-5.104,0.147153,0.111051,0.075618,0.039964
data\raw\data_store\audio35\arctic_a0035(5).wav,audio35,arctic_a0035(5).wav,0035,5,-236.444687,70.343094,-18.535057,24.518044,-18.61179,5.545125,-7.318985,-18.397007,-1.11813,-8.038205,-15.385786,-2.964322,-10.950871,173.473,26.825,0.7931,0.04281,0.54052,-3.646,0.18624,0.155522,0.061341,0.040498
data\raw\data_store\audio35\arctic_a0035(6).wav,audio35,arctic_a0035(6).wav,0035,6,-211.461716,86.474388,-11.637169,36.582638,-17.047907,-7.221706,-22.281618,-9.711665,-12.049971,-4.530086,-8.560596,-3.652165,-5.909441,222.554,28.065,0.9213,0.03611,0.5322,-1.97,0.125262,0.117147,0.140211,0.078274
data\raw\data_store\audio35\arctic_a0035(7).wav,audio35,arctic_a0035(7).wav,0035,7,-223.602631,83.323601,-7.60464,18.863964,-21.645304,3.722483,-17.242706,-5.621469,-4.990444,1.818369,-19.608793,7.663149,-12.824755,195.117,21.177,0.9358,0.02429,0.45305,0.266,0.147149,0.139915,0.098015,0.0475
data\raw\data_store\audio35\arctic_a0035.wav,audio35,arctic_a0035.wav,0035,0,-229.425827,95.809021,4.655982,16.407257,-17.880665,7.784245,-5.319701,-3.507698,-2.641187,-6.067064,-8.513489,-1.223057,-11.904419,186.879,21.367,0.9385,0.03469,0.43463,4.363,0.139555,0.15218,0.122695,0.058524
data\raw\data_store\audio36\arctic_a0036(1).wav,audio36,arctic_a0036(1).wav,0036,1,-206.538834,72.945404,6.056775,39.780533,-26.150726,8.321218,-25.362829,10.125814,-22.267694,-4.137724,-10.674949,-2.85552,-0.827735,224.631,28.978,0.9545,0.02437,0.38873,-0.237,0.082202,0.084801,0.124729,0.060443
data\raw\data_store\audio36\arctic_a0036(3).wav,audio36,arctic_a0036(3).wav,0036,3,-192.737976,75.769958,13.271115,27.881899,-22.059401,5.040393,-11.482322,-2.841538,-10.466555,-3.434704,-6.700222,-6.764692,-5.963973,221.05,35.43,0.9149,0.03038,0.386,-4.315,0.103095,0.109582,0.114317,0.048999
data\raw\data_store\audio36\arctic_a0036(4).wav,audio36,arctic_a0036(4).wav,0036,4,-179.433075,83.338364,-26.601862,37.553581,-23.243729,-2.308071,-14.716072,-11.102995,1.420899,-4.629848,-7.113408,1.32723,-4.172889,234.843,43.386,0.9524,0.03185,0.45257,-7.314,0.106137,0.060483,0.112469,0.04365
data\raw\data_store\audio36\arctic_a0036(5).wav,audio36,arctic_a0036(5).wav,0036,5,-187.881454,62.293556,-12.918173,45.044216,-27.097816,3.126255,-8.335783,-20.306942,-4.843301,-15.699406,-12.101724,-3.725099,-13.866745,206.448,43.434,0.8511,0.03859,0.51728,-8.021,0.126976,0.106739,0.111401,0.054324
data\raw\data_store\audio36\arctic_a0036(6).wav,audio36,arctic_a0036(6).wav,0036,6,-221.574799,93.631836,-31.670385,48.115032,-26.790581,-15.276309,-30.609058,-12.492756,-15.637547,-7.201663,-13.269876,-8.63997,-4.213927,234.176,33.828,0.9778,0.02395,0.42405,0.696,0.070884,0.044151,0.117878,0.048318
data\raw\data_store\audio36\arctic_a0036(7).wav,audio36,arctic_a0036(7).wav,0036,7,-191.996201,74.783043,-1.488718,24.4366,-25.7771,1.566382,-17.424057,-2.281229,-7.366014,-2.375531,-18.442131,4.867229,-12.367258,199.536,20.712,0.9565,0.01742,0.39787,1.393,0.120199,0.098831,0.143158,0.05972
data\raw\data_store\audio36\arctic_a0036.wav,audio36,arctic_a0036.wav,0036,0,-215.792175,83.758636,-2.142805,23.802946,-22.887848,5.428131,-5.73819,-2.701077,-3.174732,-9.034739,-8.051419,-4.278562,-11.72734,194.825,22.621,0.9455,0.02808,0.30165,2.457,0.097407,0.102435,0.168287,0.087692
data\raw\data_store\audio37\arctic_a0037(1).wav,audio37,arctic_a0037(1).wav,0037,1,-199.787247,75.258507,-9.067946,38.986443,-21.381433,10.738324,-21.644184,6.910219,-24.566307,-2.639503,-13.164638,-7.556308,1.077267,236.088,34.932,0.9412,0.02567,0.24074,-0.65,0.091873,0.105171,0.166436,0.064515
data\raw\data_store\audio37\arctic_a0037(3).wav,audio37,arctic_a0037(3).wav,0037,3,-234.72052,89.856407,19.027773,28.722055,-5.919793,0.271877,-12.825336,-6.628884,-16.26166,-8.143435,-4.075836,-8.726416,-4.336792,206.696,18.063,0.9697,0.01976,0.23537,1.205,0.098641,0.139458,0.128419,0.043778
data\raw\data_store\audio37\arctic_a0037(4).wav,audio37,arctic_a0037(4).wav,0037,4,-201.079941,87.734657,-25.125553,32.298931,-24.578373,-7.285565,-18.030609,-12.775589,-3.241355,-12.891107,-7.897317,-5.330825,-1.905592,240.647,33.555,1.0,0.02586,0.30698,-0.578,0.13024,0.145767,0.130332,0.041441
data\raw\data_store\audio37\arctic_a0037(5).wav,audio37,arctic_a0037(5).wav,0037,5,-284.111328,81.319328,-14.34858,31.077183,-12.747673,3.435236,-3.014039,-28.085892,-8.101892,-22.810751,-16.763752,-7.837902,-12.284243,182.816,23.367,0.8594,0.02377,0.31682,-8.65,0.142977,0.181004,0.061495,0.031988
data\raw\data_store\audio37\arctic_a0037(6).wav,audio37,arctic_a0037(6).wav,0037,6,-195.763458,97.366295,-6.224984,31.54232,-22.288698,-3.120146,-30.571924,-20.322514,-20.986441,-10.086347,-11.410288,-12.117471,-4.230193,246.864,34.607,1.0,0.02353,0.37168,1.01,0.075963,0.095112,0.201134,0.073223
data\raw\data_store\audio37\arctic_a0037(7).wav,audio37,arctic_a0037(7).wav,0037,7,-241.961243,98.582024,-6.94382,18.92893,-14.030177,4.582311,-14.656184,-5.817837,-10.925287,-3.746277,-15.417629,-0.535984,-13.41765,190.749,14.723,1.0,0.01789,0.22679,2.87,0.106149,0.139382,0.133465,0.038735
data\raw\data_store\audio37\arctic_a0037.wav,audio37,arctic_a0037.wav,0037,0,-257.716858,106.13163,-2.889727,18.555504,-16.276253,5.413352,-8.696621,-9.166111,-6.446659,-12.530128,-7.020461,-7.373209,-13.848736,188.416,16.244,0.974,0.02039,0.24179,4.621,0.1048,0.170237,0.166136,0.065248
data\raw\data_store\audio38\arctic_a0038(1).wav,audio38,arctic_a0038(1).wav,0038,1,-221.126419,69.275909,1.872286,24.244827,-17.237326,9.033115,-20.009865,7.647548,-15.349452,-1.986653,-15.337842,2.804689,-6.191736,211.454,31.16,1.0,0.03759,0.46828,-1.619,0.153416,0.120841,0.076897,0.033576
data\raw\data_store\audio38\arctic_a0038(3).wav,audio38,arctic_a0038(3).wav,0038,3,-195.119034,73.224258,18.847874,17.121038,-10.107626,-0.070138,-10.20109,-5.645315,-11.684191,-2.280467,-6.727069,-3.981903,-3.661492,214.411,22.508,0.8929,0.02804,0.39528,-0.657,0.160823,0.146856,0.107149,0.054087
data\raw\data_store\audio38\arctic_a0038(4).wav,audio38,arctic_a0038(4).wav,0038,4,-240.620087,95.524277,-13.461969,13.636717,-13.243299,-5.218326,-13.081511,-13.039975,-1.672508,-4.084744,-8.824454,-2.015473,-2.540008,219.605,26.981,1.0,0.02066,0.54029,-8.596,0.152961,0.09034,0.068221,0.037619
data\raw\data_store\audio38\arctic_a0038(5).wav,audio38,arctic_a0038(5).wav,0038,5,-254.451935,59.016434,-5.449669,15.756033,-18.014158,7.713673,-4.064452,-15.541747,-8.797131,-5.029095,-17.63983,-1.008944,-12.132668,185.71,21.246,0.7647,0.03499,0.54288,-9.497,0.207603,0.17207,0.054376,0.033937
data\raw\data_store\audio38\arctic_a0038(6).wav,audio38,arctic_a0038(6).wav,0038,6,-201.920044,88.782845,-12.58915,20.778091,-20.086502,3.13424,-26.102448,-10.815697,-14.40633,-4.729422,-14.349788,-6.220322,-10.85156,216.676,30.845,0.9273,0.03706,0.45157,-0.722,0.13466,0.102326,0.132535,0.065553
data\raw\data_store\audio38\arctic_a0038(7).wav,audio38,arctic_a0038(7).wav,0038,7,-236.744064,66.40847,-0.974292,10.455515,-15.19934,6.882473,-15.402605,-6.243335,-6.409472,3.304842,-21.479906,4.406543,-8.997393,206.635,21.887,0.9245,0.02216,0.46032,-2.146,0.188576,0.171671,0.093832,0.048492
data\raw\data_store\audio38\arctic_a0038.wav,audio38,arctic_a0038.wav,0038,0,-239.171783,79.626053,8.957218,15.617433,-15.227683,5.339457,-5.956182,-3.02477,-3.129936,-6.250428,-12.691225,0.324362,-11.436717,186.073,18.254,0.9167,0.02739,0.39547,4.628,0.153198,0.140418,0.128364,0.054044
data\raw\data_store\audio39\arctic_a0039(1).wav,audio39,arctic_a0039(1).wav,0039,1,-232.842636,54.300713,13.440658,59.116219,-26.708582,4.534353,-20.610788,3.313587,-25.650574,-5.58687,-5.740839,-8.807558,-0.420189,233.13,32.726,0.9351,0.02473,0.34332,-0.084,0.114204,0.138574,0.125417,0.051409
data\raw\data_store\audio39\arctic_a0039(3).wav,audio39,arctic_a0039(3).wav,0039,3,-195.916031,67.536568,33.019234,39.719849,-13.377815,-2.47731,-12.712022,-7.764478,-17.004053,-6.6288,-5.738916,-2.177558,-3.593184,225.443,43.544,0.9221,0.04284,0.40995,0.28,0.125809,0.145449,0.139003,0.046795
data\raw\data_store\audio39\arctic_a0039(4).wav,audio39,arctic_a0039(4).wav,0039,4,-191.000626,77.12281,3.987822,46.175762,-19.679457,-10.332766,-21.50631,-17.976318,-11.462018,-9.611826,-8.092057,-3.162948,-0.051399,235.884,49.652,0.8592,0.03875,0.52145,-8.021,0.126749,0.106339,0.121371,0.045659
data\raw\data_store\audio39\arctic_a0039(5).wav,audio39,arctic_a0039(5).wav,0039,5,-212.75824,67.644897,-6.904375,63.744114,-17.01018,-2.233984,-5.041777,-23.393358,-13.572788,-21.243813,-12.967108,-3.417841,-11.786998,181.139,34.937,0.9487,0.04066,0.49139,-2.024,0.120117,0.096761,0.095774,0.034782
data\raw\data_store\audio39\arctic_a0039(6).wav,audio39,arctic_a0039(6).wav,0039,6,-239.581161,76.241203,3.433711,55.878712,-15.862105,-15.179648,-25.875492,-15.107094,-18.177755,-7.463997,-8.922668,-8.467614,-7.295848,236.401,40.41,0.9877,0.03404,0.47853,1.083,0.094866,0.11063,0.14319,0.065099
data\raw\data_store\audio39\arctic_a0039(7).wav,audio39,arctic_a0039(7).wav,0039,7,-232.814575,68.153152,5.493145,42.135216,-21.543909,-5.753405,-17.682869,-6.887409,-16.924149,-0.124707,-13.146518,3.217818,-6.342807,201.692,26.596,0.9342,0.02621,0.38068,-3.153,0.149387,0.152564,0.100658,0.041462
data\raw\data_store\audio39\arctic_a0039.wav,audio39,arctic_a0039.wav,0039,0,-245.497208,76.498108,24.691763,40.51598,-14.128719,-1.332422,-4.629082,-8.20104,-10.98491,-8.547294,-8.79284,0.593929,-9.779076,189.034,25.071,0.956,0.03185,0.38863,3.107,0.127498,0.149281,0.164294,0.063695
data\raw\data_store\audio4\arctic_a0004(1).wav,audio4,arctic_a0004(1).wav,0004,1,-258.999512,79.708893,-27.419416,43.889481,-27.44673,-6.322198,-23.453707,1.412694,-19.343014,-6.227226,-10.774806,-10.467792,-1.735314,232.105,25.267,0.9512,0.02667,0.34743,1.623,0.102264,0.085436,0.076653,0.030256
data\raw\data_store\audio4\arctic_a0004(3).wav,audio4,arctic_a0004(3).wav,0004,3,-205.844666,89.908806,5.502655,22.800591,-12.215459,-1.500056,-11.856094,-12.4033,-9.692596,-4.391685,-4.925899,-8.82178,-0.976042,226.964,27.829,0.8986,0.02392,0.29918,-1.615,0.105101,0.125817,0.112779,0.049684
data\raw\data_store\audio4\arctic_a0004(4).wav,audio4,arctic_a0004(4).wav,0004,4,-212.638519,84.804565,1.723905,33.468613,-14.30937,0.282699,-13.804835,-14.963816,-12.442855,-7.003703,-2.693886,-6.946504,4.378255,200.104,21.671,0.9853,0.01744,0.36935,-0.925,0.127502,0.157372,0.116817,0.057382
data\raw\data_store\audio4\arctic_a0004(5).wav,audio4,arctic_a0004(5).wav,0004,5,-240.509033,86.944084,-11.390956,30.838659,-9.810125,-0.957235,-6.862926,-23.829338,-6.858442,-13.247889,-16.924225,-1.748293,-14.888462,168.639,15.487,0.9254,0.0313,0.42798,-3.082,0.143764,0.142637,0.073771,0.040485
data\raw\data_store\audio4\arctic_a0004(6).wav,audio4,arctic_a0004(6).wav,0004,6,-272.938171,94.744247,-17.13113,33.425812,-14.889215,-11.594472,-34.855762,-15.065225,-19.371969,-5.503412,-12.816191,-10.93599,-3.963244,220.24,26.529,0.9753,0.02582,0.34917,-3.579,0.101467,0.11599,0.100525,0.054127
data\raw\data_store\audio4\arctic_a0004(7).wav,audio4,arctic_a0004(7).wav,0004,7,-226.870926,94.139214,-2.95996,22.702307,-22.070324,5.735353,-23.482676,-5.894375,-10.008047,-3.019057,-15.08213,4.796834,-14.072563,190.531,17.718,1.0,0.01625,0.32761,-3.029,0.123581,0.148235,0.120746,0.052751
data\raw\data_store\audio4\arctic_a0004.wav,audio4,arctic_a0004.wav,0004,0,-246.057037,109.766869,-6.760647,23.990431,-17.23065,1.758938,-6.231917,-8.889688,-7.473025,-11.988274,-10.492327,-3.714125,-8.445535,186.921,18.982,0.975,0.02918,0.29442,2.926,0.114945,0.147528,0.137393,0.056592
data\raw\data_store\audio40\arctic_a0040(1).wav,audio40,arctic_a0040(1).wav,0040,1,-214.330154,60.299099,-8.804701,28.125851,-22.918903,6.186531,-20.660954,10.133083,-20.383789,5.906162,-11.402529,-3.093721,-1.603058,228.722,32.217,0.9765,0.03637,0.36609,-4.08,0.16865,0.162061,0.095553,0.043643
data\raw\data_store\audio40\arctic_a0040(3).wav,audio40,arctic_a0040(3).wav,0040,3,-195.981415,76.288887,14.031345,31.748491,-3.707663,-5.390972,-11.447588,-3.08664,-15.910936,-3.948435,-5.819094,-3.626954,-6.385967,220.788,31.448,0.9481,0.03086,0.40401,0.786,0.154511,0.155838,0.115435,0.041073
data\raw\data_store\audio40\arctic_a0040(4).wav,audio40,arctic_a0040(4).wav,0040,4,-233.240768,75.523903,-15.371424,38.098446,-5.429643,-8.569736,-22.967791,-11.808119,-5.557364,-9.176525,-4.324644,-5.578268,-1.286232,228.615,39.178,0.871,0.02432,0.3786,-6.468,0.137645,0.105373,0.097447,0.046974
data\raw\data_store\audio40\arctic_a0040(5).wav,audio40,arctic_a0040(5).wav,0040,5,-276.748383,69.558311,-17.719275,38.330898,-10.430861,0.079106,-8.336594,-20.91053,-6.200594,-15.567646,-11.68903,-3.571703,-10.256548,183.923,30.286,0.875,0.03624,0.4822,-8.556,0.164881,0.134798,0.040301,0.021373
data\raw\data_store\audio40\arctic_a0040(6).wav,audio40,arctic_a0040(6).wav,0040,6,-213.503357,96.282982,-10.295297,15.539454,-22.320877,1.522806,-28.730091,-12.261351,-19.487434,-5.364297,-8.818112,-10.481306,-3.75852,236.23,37.776,0.9878,0.03184,0.3818,-3.563,0.119472,0.124725,0.138978,0.058743
data\raw\data_store\audio40\arctic_a0040(7).wav,audio40,arctic_a0040(7).wav,0040,7,-214.234726,90.0159,-12.19329,22.062979,-9.161527,-5.017096,-20.020153,1.513169,-10.727973,1.396983,-13.873009,2.604468,-10.108853,198.818,18.533,0.9722,0.02538,0.36642,-0.177,0.149019,0.122938,0.112697,0.051663
data\raw\data_store\audio40\arctic_a0040.wav,audio40,arctic_a0040.wav,0040,0,-230.677505,85.94136,-0.450566,34.617554,-12.055503,3.687221,-9.490613,-5.48179,-5.936714,-10.205312,-7.534712,-6.504212,-9.394485,189.154,20.005,0.9659,0.02255,0.34329,3.374,0.130371,0.141612,0.147587,0.063358
data\raw\data_store\audio41\arctic_a0041(1).wav,audio41,arctic_a0041(1).wav,0041,1,-297.226379,61.118736,-10.125089,37.843658,-23.91046,11.202165,-26.198132,10.76915,-18.856894,-1.482669,-11.257855,-8.942676,-0.300673,240.751,30.163,0.9877,0.02799,0.2775,0.278,0.102495,0.122415,0.071882,0.033071
data\raw\data_store\audio41\arctic_a0041(3).wav,audio41,arctic_a0041(3).wav,0041,3,-177.789307,87.172325,17.236938,9.555439,-9.560467,5.338542,-7.38906,-11.697903,-11.042201,-2.845799,-4.029676,-9.424187,-4.406641,218.151,32.058,0.9,0.03012,0.35699,-1.023,0.088305,0.10503,0.153403,0.067248
data\raw\data_store\audio41\arctic_a0041(4).wav,audio41,arctic_a0041(4).wav,0041,4,-201.062302,101.309769,-13.017879,7.041084,-26.256798,7.555362,-9.765739,-15.381241,-7.515359,-3.987395,-4.983636,-9.150878,-0.972171,215.805,27.78,0.9048,0.02918,0.40349,-3.001,0.104393,0.095753,0.123903,0.058619
data\raw\data_store\audio41\arctic_a0041(5).wav,audio41,arctic_a0041(5).wav,0041,5,-253.772278,86.806396,-17.002508,20.789713,-19.977274,9.512804,1.560905,-23.413805,-2.709717,-8.806678,-10.607863,-1.03311,-14.027761,172.027,29.362,0.8986,0.03372,0.45504,-40.0,0.116136,0.113748,0.070664,0.044256
data\raw\data_store\audio41\arctic_a0041(6).wav,audio41,arctic_a0041(6).wav,0041,6,-217.936096,97.111786,-9.311111,27.79673,-22.31403,-5.730153,-24.730759,-15.594728,-15.805693,-6.167441,-7.712654,-11.566036,-3.452008,233.902,33.53,0.9531,0.03011,0.30191,-1.311,0.08457,0.085028,0.167698,0.09061
data\raw\data_store\audio41\arctic_a0041(7).wav,audio41,arctic_a0041(7).wav,0041,7,-209.826263,97.112381,-13.40082,5.619822,-17.996275,10.556927,-18.521816,-7.463135,-6.228279,4.880808,-17.878082,4.24229,-13.069971,190.707,17.592,0.9375,0.01456,0.24331,-0.896,0.098511,0.09636,0.147602,0.072501
data\raw\data_store\audio41\arctic_a0041.wav,audio41,arctic_a0041.wav,0041,0,-241.765808,108.117836,-10.952844,14.847903,-18.774071,8.387928,-2.802981,-13.547101,-5.749722,-7.69692,-6.184613,-10.326015,-9.686145,185.874,21.203,0.9733,0.02337,0.28941,1.674,0.093833,0.131358,0.142784,0.076501
data\raw\data_store\audio42\arctic_a0042(1).wav,audio42,arctic_a0042(1).wav,0042,1,-178.486191,42.708298,6.779388,31.893072,-19.340214,4.65563,-20.507656,5.847679,-22.368086,1.890369,-16.375257,-3.500324,-2.689756,239.269,44.643,0.8831,0.03623,0.46125,-6.132,0.19259,0.159797,0.134029,0.065999
data\raw\data_store\audio42\arctic_a0042(3).wav,audio42,arctic_a0042(3).wav,0042,3,-221.893585,54.243504,30.230282,29.164278,-8.380537,1.016429,-10.377666,-1.422078,-15.180682,1.695795,-6.527106,-2.275075,-4.025328,219.359,33.558,0.9211,0.0391,0.52455,0.23,0.153775,0.128795,0.082778,0.044786
data\raw\data_store\audio42\arctic_a0042(4).wav,audio42,arctic_a0042(4).wav,0042,4,-173.332916,59.776669,-7.179302,26.918524,-15.100567,-4.608612,-22.07184,-9.843122,-5.831089,-3.733288,-9.67453,-6.363708,-2.702027,264.968,43.807,0.9577,0.04122,0.65793,-3.923,0.186531,0.139832,0.122912,0.057629
data\raw\data_store\audio42\arctic_a0042(5).wav,audio42,arctic_a0042(5).wav,0042,5,-216.40657,53.755375,-0.148282,38.252911,-8.361181,7.17303,-8.095452,-15.056225,-6.746367,-11.325155,-14.071198,-1.177576,-8.093183,190.895,39.703,0.7971,0.04464,0.54926,-40.0,0.178508,0.158075,0.076251,0.044851
data\raw\data_store\audio42\arctic_a0042(6).wav,audio42,arctic_a0042(6).wav,0042,6,-214.944763,74.826431,-0.647879,34.495544,-23.862394,-8.929655,-23.040884,-10.313547,-23.472832,-3.484031,-10.720877,-4.024919,-5.161856,240.701,37.76,0.9146,0.04554,0.58696,-2.455,0.136587,0.119971,0.117995,0.066717
data\raw\data_store\audio42\arctic_a0042(7).wav,audio42,arctic_a0042(7).wav,0042,7,-245.550674,57.748585,3.381369,24.507177,-16.298946,-2.453496,-17.432331,-1.544369,-7.603756,0.956713,-20.533775,9.360326,-9.705589,199.365,25.88,0.8553,0.03339,0.51029,-2.854,0.169067,0.151643,0.071745,0.039898
data\raw\data_store\audio42\arctic_a0042.wav,audio42,arctic_a0042.wav,0042,0,-221.198288,56.103603,15.561609,34.955677,-15.009414,3.813952,-6.599318,0.319977,-8.325097,-5.371081,-10.157498,1.55155,-9.400879,191.176,19.737,0.8404,0.02207,0.45271,2.297,0.164111,0.170571,0.121837,0.056189
data\raw\data_store\audio43\arctic_a0043(1).wav,audio43,arctic_a0043(1).wav,0043,1,-235.31929,59.822788,-3.603326,37.042343,-22.311575,2.462325,-14.21343,6.360304,-23.223875,-3.515608,-13.676703,-1.419842,-6.461891,235.139,36.732,0.9512,0.0331,0.37954,-1.704,0.161162,0.157272,0.093114,0.051894
data\raw\data_store\audio43\arctic_a0043(3).wav,audio43,arctic_a0043(3).wav,0043,3,-211.049301,69.262054,30.124533,34.198376,-9.448353,-6.824052,-5.786037,-2.837276,-16.79735,-3.601547,-5.554974,-2.21656,-6.986654,202.251,22.531,0.9211,0.0302,0.37987,0.232,0.160502,0.184297,0.121254,0.063707
data\raw\data_store\audio43\arctic_a0043(4).wav,audio43,arctic_a0043(4).wav,0043,4,-212.711517,73.055702,-2.788789,34.503475,-14.063668,-9.78613,-18.443134,-10.513738,-10.034547,-10.437231,-8.636703,-3.747929,-5.18957,228.516,32.173,0.9895,0.02746,0.43146,-2.859,0.182392,0.17348,0.110484,0.050747
data\raw\data_store\audio43\arctic_a0043(5).wav,audio43,arctic_a0043(5).wav,0043,5,-207.998428,60.471798,1.094919,44.531879,-5.252417,4.657595,-4.786091,-15.737887,-9.822508,-20.607569,-9.621052,-2.803431,-11.533924,183.322,28.672,0.7449,0.03246,0.35992,-5.451,0.194923,0.181113,0.106141,0.072327
data\raw\data_store\audio43\arctic_a0043(6).wav,audio43,arctic_a0043(6).wav,0043,6,-239.304947,77.536049,0.385666,37.404766,-12.704443,-14.739043,-26.046137,-14.912911,-21.46726,-7.827934,-12.189028,-10.64006,-4.680478,235.949,33.371,0.9748,0.04132,0.35014,-1.831,0.143427,0.170537,0.155883,0.084929
data\raw\data_store\audio43\arctic_a0043(7).wav,audio43,arctic_a0043(7).wav,0043,7,-237.946167,79.835785,12.795016,34.641769,-10.655892,-7.926188,-11.582775,-5.460067,-15.091437,-3.725179,-15.623112,1.749861,-8.161514,191.647,18.543,0.9694,0.02678,0.40453,1.118,0.170161,0.156776,0.108133,0.058165
data\raw\data_store\audio43\arctic_a0043.wav,audio43,arctic_a0043.wav,0043,0,-262.455444,72.418289,20.461468,33.868759,-3.449001,-3.472901,-1.76965,-3.749013,-11.586812,-10.391942,-8.288135,-0.896857,-11.297006,187.085,26.472,0.9583,0.04161,0.44457,-0.954,0.172031,0.194552,0.11838,0.088017
data\raw\data_store\audio44\arctic_a0044(1).wav,audio44,arctic_a0044(1).wav,0044,1,-203.656845,72.102913,-18.306597,34.652828,-28.192471,2.53394,-27.365841,6.673682,-17.195248,-2.392645,-15.792273,-3.549801,-2.146345,240.93,35.398,0.989,0.02977,0.4846,-1.099,0.118725,0.09637,0.100129,0.045083
data\raw\data_store\audio44\arctic_a0044(3).wav,audio44,arctic_a0044(3).wav,0044,3,-190.001419,76.892693,13.849809,16.597231,-10.488316,7.5331,-12.959647,-6.572669,-9.469176,-0.972545,-4.551871,-1.922549,-5.136058,205.884,22.42,0.9053,0.02622,0.38944,-1.896,0.137738,0.137636,0.107832,0.063664
data\raw\data_store\audio44\arctic_a0044(4).wav,audio44,arctic_a0044(4).wav,0044,4,-189.80986,89.867355,-16.500925,18.01346,-21.087214,5.183498,-23.14621,-20.14374,-5.332367,-5.152795,-4.000709,-1.866284,-6.464253,212.961,34.615,0.9756,0.0272,0.50355,-8.489,0.153158,0.112014,0.103633,0.049838
data\raw\data_store\audio44\arctic_a0044(5).wav,audio44,arctic_a0044(5).wav,0044,5,-191.042328,86.135902,-16.0324,17.987606,-15.249429,9.93604,-10.866326,-24.056416,-4.587183,-9.448856,-6.895616,0.333025,-10.433125,171.406,41.464,0.8452,0.05308,0.49178,-40.0,0.158246,0.117414,0.088822,0.052675
data\raw\data_store\audio44\arctic_a0044(6).wav,audio44,arctic_a0044(6).wav,0044,6,-203.744461,96.432983,-16.496389,28.357792,-22.840065,-5.309815,-28.824787,-16.421467,-18.356443,-4.643127,-10.62716,-6.278885,-2.725045,225.579,27.765,0.9904,0.03727,0.48116,-4.513,0.113315,0.10403,0.143114,0.080434
data\raw\data_store\audio44\arctic_a0044(7).wav,audio44,arctic_a0044(7).wav,0044,7,-190.792801,85.982811,-8.989507,16.081778,-18.717506,3.082694,-25.14167,-6.350911,-6.546309,5.81638,-16.975672,3.996351,-13.470823,187.153,17.854,0.9412,0.0226,0.40473,-1.633,0.146038,0.105569,0.123047,0.070475
data\raw\data_store\audio44\arctic_a0044.wav,audio44,arctic_a0044.wav,0044,0,-218.884048,94.873306,-7.037021,16.34864,-15.076019,5.598001,-11.759106,-10.072192,-3.162876,-5.265646,-7.218562,-1.164781,-8.957411,192.648,19.154,0.9126,0.03576,0.38452,2.563,0.144773,0.143982,0.130496,0.074111
data\raw\data_store\audio45\arctic_a0045(1).wav,audio45,arctic_a0045(1).wav,0045,1,-247.32637,58.905743,-4.729549,33.005035,-29.566608,9.942227,-14.81478,8.186029,-21.278042,3.457806,-13.189795,-5.292912,-3.184997,230.632,30.772,0.9506,0.03515,0.41863,-1.926,0.144144,0.122742,0.073652,0.037738
data\raw\data_store\audio45\arctic_a0045(3).wav,audio45,arctic_a0045(3).wav,0045,3,-212.149948,89.785225,16.033421,33.785191,-7.201627,-3.515821,-8.410307,-8.630862,-14.341914,-3.431664,-0.021783,-12.16713,0.76865,202.524,27.071,0.9459,0.03017,0.28993,4.386,0.073444,0.075696,0.132232,0.072796
data\raw\data_store\audio45\arctic_a0045(4).wav,audio45,arctic_a0045(4).wav,0045,4,-214.63588,82.680519,-23.381971,33.822277,-21.117907,-1.62499,-20.862049,-20.31278,-7.212955,-7.875858,-4.285438,-10.580971,0.550005,228.463,37.057,0.9412,0.0223,0.33232,-3.28,0.125298,0.101268,0.100658,0.051819
data\raw\data_store\audio45\arctic_a0045(5).wav,audio45,arctic_a0045(5).wav,0045,5,-200.680191,76.996643,-21.372818,38.447376,-12.485077,-1.684933,-4.877132,-24.281614,-6.374188,-15.223618,-9.846847,-2.650455,-13.191096,185.501,31.252,0.7465,0.02898,0.38487,-10.406,0.126953,0.112593,0.097101,0.061723
data\raw\data_store\audio45\arctic_a0045(6).wav,audio45,arctic_a0045(6).wav,0045,6,-210.209854,86.538689,-17.326633,30.797461,-25.603748,-6.694809,-24.725569,-16.228327,-21.845556,-7.516419,-12.283484,-12.366382,-2.987121,230.027,42.436,0.9059,0.03817,0.33338,1.081,0.090531,0.067741,0.154608,0.071851
data\raw\data_store\audio45\arctic_a0045(7).wav,audio45,arctic_a0045(7).wav,0045,7,-218.211945,86.56308,-6.191373,28.133596,-18.923706,-1.371445,-18.804478,-3.759117,-12.879377,4.000952,-17.110926,2.515188,-8.982195,192.976,16.271,0.9571,0.01958,0.28316,1.444,0.1041,0.096848,0.125577,0.055198
data\raw\data_store\audio45\arctic_a0045.wav,audio45,arctic_a0045.wav,0045,0,-242.305252,86.711166,2.661487,32.263622,-15.644681,2.293243,-8.832302,-6.67708,-10.217267,-12.142662,-4.538286,-8.76482,-6.00429,195.66,19.963,0.9326,0.01918,0.31465,4.471,0.103475,0.114954,0.13428,0.081819
data\raw\data_store\audio46\arctic_a0046(1).wav,audio46,arctic_a0046(1).wav,0046,1,-252.548019,55.21946,-4.127121,35.253426,-17.793623,0.438944,-18.392927,9.333705,-15.225824,-0.264447,-12.100673,-1.935486,-4.691396,232.295,29.64,0.825,0.03828,0.40942,0.009,0.1604,0.161937,0.089672,0.057699
data\raw\data_store\audio46\arctic_a0046(3).wav,audio46,arctic_a0046(3).wav,0046,3,-213.863815,79.313538,15.670791,24.199438,-3.772114,-0.744432,-12.65631,-1.564207,-10.47787,-3.617906,-3.588183,-4.83175,-4.557878,201.313,22.38,0.89,0.02819,0.32413,2.497,0.137777,0.157153,0.122396,0.058562
data\raw\data_store\audio46\arctic_a0046(4).wav,audio46,arctic_a0046(4).wav,0046,4,-218.762589,76.893539,-13.426374,30.122993,-13.483502,-6.830293,-17.353956,-9.781533,-7.173927,-6.136726,-6.550527,-3.285719,-6.658205,211.413,28.792,0.8966,0.04136,0.46499,-5.032,0.181776,0.1584,0.096332,0.049862
data\raw\data_store\audio46\arctic_a0046(5).wav,audio46,arctic_a0046(5).wav,0046,5,-253.538284,68.388046,-14.154678,28.526817,-10.315692,4.620662,-13.173642,-17.895023,-4.662251,-13.207448,-11.861531,-4.961143,-8.078419,179.213,26.946,0.6796,0.03805,0.42394,-4.391,0.197271,0.175417,0.07868,0.051695
data\raw\data_store\audio46\arctic_a0046(6).wav,audio46,arctic_a0046(6).wav,0046,6,-219.54863,71.245956,-9.791976,30.923088,-15.403701,-6.967091,-26.307579,-14.334246,-19.13245,-5.113395,-11.147662,-9.960285,-4.831553,228.906,28.759,0.93,0.03762,0.45672,-2.076,0.164612,0.162344,0.135814,0.077977
data\raw\data_store\audio46\arctic_a0046(7).wav,audio46,arctic_a0046(7).wav,0046,7,-233.177689,72.759659,-7.415516,25.704283,-12.11185,-3.393298,-17.713379,2.358944,-10.331039,-0.620767,-13.960947,1.256772,-9.692528,201.908,29.188,0.9787,0.03536,0.39116,-2.852,0.176476,0.177837,0.105358,0.050862
data\raw\data_store\audio46\arctic_a0046.wav,audio46,arctic_a0046.wav,0046,0,-245.862793,87.874481,-9.616841,30.065569,-11.861609,0.566463,-6.814829,-5.560076,-3.424865,-8.326756,-7.997989,-2.99846,-9.918797,189.605,17.288,0.9369,0.02318,0.33272,4.311,0.157605,0.17725,0.11918,0.052348
data\raw\data_store\audio47\arctic_a0047(1).wav,audio47,arctic_a0047(1).wav,0047,1,-249.364304,65.759003,-4.608037,27.713633,-20.626862,8.268768,-18.678167,2.895753,-22.803822,0.29441,-11.742176,-2.717957,-2.079804,227.896,27.219,0.9266,0.03983,0.44906,-1.21,0.144731,0.111452,0.073102,0.033807
data\raw\data_store\audio47\arctic_a0047(3).wav,audio47,arctic_a0047(3).wav,0047,3,-226.445145,91.978821,21.371466,11.845704,-4.614957,0.011525,-6.977754,-5.648659,-15.97036,0.245825,-8.32972,-4.704822,-5.36425,207.487,32.82,0.9222,0.01902,0.3645,-1.104,0.106548,0.115633,0.095218,0.045208
data\raw\data_store\audio47\arctic_a0047(4).wav,audio47,arctic_a0047(4).wav,0047,4,-198.604248,81.341232,-7.871065,26.742037,-25.339264,3.310105,-17.961973,-16.228928,-14.33613,-4.095906,-6.160414,-8.71477,-1.893907,231.819,34.163,0.9651,0.02034,0.45164,-2.608,0.124303,0.093478,0.115276,0.047116
data\raw\data_store\audio47\arctic_a0047(5).wav,audio47,arctic_a0047(5).wav,0047,5,-254.188995,79.581985,-4.373898,24.913397,-20.210768,7.86836,-6.247194,-25.369703,-13.811531,-12.106187,-11.049278,-5.450464,-11.164969,174.535,22.682,0.7802,0.02371,0.4719,-1.606,0.17169,0.145952,0.05931,0.032433
data\raw\data_store\audio47\arctic_a0047(6).wav,audio47,arctic_a0047(6).wav,0047,6,-217.883636,93.456245,-11.575284,28.054056,-17.967279,-2.559643,-22.310186,-17.003656,-21.81053,-4.238296,-13.215858,-10.559662,-6.42689,224.466,29.636,0.9604,0.0239,0.33014,0.199,0.093715,0.099787,0.148616,0.064895
data\raw\data_store\audio47\arctic_a0047(7).wav,audio47,arctic_a0047(7).wav,0047,7,-225.975388,90.495064,0.040803,15.33415,-21.434359,1.427984,-19.855894,-7.292657,-12.677951,6.477712,-19.213951,5.646506,-8.454241,192.661,22.389,0.9783,0.01796,0.38703,-1.749,0.114319,0.110211,0.110328,0.042886
data\raw\data_store\audio47\arctic_a0047.wav,audio47,arctic_a0047.wav,0047,0,-252.564346,94.541031,15.271344,14.457897,-16.524179,5.208045,-3.737514,-9.117359,-8.319655,-4.327178,-8.575724,-1.55762,-7.017801,184.586,20.161,0.9474,0.03009,0.37929,4.07,0.149467,0.158627,0.112323,0.055009
data\raw\data_store\audio48\arctic_a0048(1).wav,audio48,arctic_a0048(1).wav,0048,1,-310.003693,59.690422,1.777157,33.693844,-18.079887,4.959125,-15.126589,5.608891,-14.625205,0.527743,-9.875386,-3.934625,2.352709,232.273,36.18,0.7404,0.0353,0.46954,-2.207,0.098311,0.101955,0.076237,0.062927
data\raw\data_store\audio48\arctic_a0048(3).wav,audio48,arctic_a0048(3).wav,0048,3,-195.573517,79.410309,24.18503,28.331121,-10.845856,1.01413,-10.266964,-6.663723,-16.659258,-1.220897,-4.885612,-3.707777,-4.178482,209.441,22.998,0.9385,0.02792,0.56028,0.724,0.115579,0.138224,0.11318,0.049697
data\raw\data_store\audio48\arctic_a0048(4).wav,audio48,arctic_a0048(4).wav,0048,4,-242.860565,79.29866,-10.499838,23.90799,-16.519831,3.042498,-18.135166,-12.049579,-6.068821,-5.736526,-5.16784,-4.596693,-1.91959,239.702,49.595,0.8649,0.0387,0.56163,-0.514,0.142055,0.112962,0.093811,0.059471
data\raw\data_store\audio48\arctic_a0048(5).wav,audio48,arctic_a0048(5).wav,0048,5,-234.115311,79.940918,-4.36294,29.865143,-14.70575,4.406387,-9.398258,-22.48572,-9.741663,-16.498749,-11.856989,-5.904141,-11.130518,187.612,37.501,0.8615,0.03978,0.67274,-14.416,0.154833,0.134356,0.076334,0.051814
data\raw\data_store\audio48\arctic_a0048(6).wav,audio48,arctic_a0048(6).wav,0048,6,-256.480988,79.17852,-1.832642,35.124336,-15.735483,0.585488,-24.211403,-17.502117,-19.592405,-7.190358,-10.359553,-10.926926,-5.121979,225.45,36.326,0.9481,0.03577,0.41413,-0.684,0.08959,0.070565,0.114836,0.067119
data\raw\data_store\audio48\arctic_a0048(7).wav,audio48,arctic_a0048(7).wav,0048,7,-232.510498,87.609085,2.275151,23.254774,-16.44519,2.233705,-22.743717,-1.310339,-9.552898,-0.764261,-15.876332,3.744494,-8.210834,199.246,22.813,0.9143,0.02118,0.51139,0.463,0.119792,0.110457,0.114741,0.06184
data\raw\data_store\audio48\arctic_a0048.wav,audio48,arctic_a0048.wav,0048,0,-232.286011,86.715103,18.123205,27.225327,-14.260523,5.190701,-5.28822,-9.19885,-12.059241,-6.474936,-7.519784,-2.664126,-9.023828,191.3,22.299,0.9726,0.0281,0.49793,5.093,0.137943,0.148923,0.152879,0.069302
data\raw\data_store\audio49\arctic_a0049(1).wav,audio49,arctic_a0049(1).wav,0049,1,-225.084137,59.605297,5.836348,54.271255,-22.793938,1.17386,-21.350994,6.090966,-26.253254,-8.14342,-14.460042,-5.184443,-0.579663,229.884,34.09,0.9775,0.03039,0.44257,-0.202,0.123277,0.120868,0.118705,0.052179
data\raw\data_store\audio49\arctic_a0049(3).wav,audio49,arctic_a0049(3).wav,0049,3,-201.384537,77.761879,22.759657,33.789246,-1.36528,-7.337859,-10.194729,-3.773682,-16.987143,-2.53707,-7.724689,-2.651604,-4.730287,211.671,34.746,0.9467,0.03044,0.47565,-1.307,0.133665,0.159432,0.111724,0.039311
data\raw\data_store\audio49\arctic_a0049(4).wav,audio49,arctic_a0049(4).wav,0049,4,-194.149994,83.390511,-4.080825,43.967304,-4.313993,-1.190916,-18.206388,-12.376832,-9.375278,-6.620325,-4.493041,-3.031538,2.392882,214.673,31.559,0.9714,0.02058,0.468,-4.165,0.135528,0.14261,0.120822,0.046988
data\raw\data_store\audio49\arctic_a0049(5).wav,audio49,arctic_a0049(5).wav,0049,5,-249.654266,72.463326,-7.082311,44.694778,-5.126331,-0.159125,-8.826085,-21.296753,-12.58223,-21.677916,-15.345858,-7.557052,-13.400059,186.651,30.85,0.7179,0.02871,0.42642,-8.497,0.159549,0.174056,0.066072,0.041126
data\raw\data_store\audio49\arctic_a0049(6).wav,audio49,arctic_a0049(6).wav,0049,6,-239.418365,84.661827,-1.404702,39.901962,-13.622859,-16.03286,-25.888994,-16.285118,-18.71221,-3.955111,-15.63004,-9.515614,-6.270576,242.772,34.138,0.9574,0.03456,0.47074,0.893,0.104725,0.127323,0.128362,0.063506
data\raw\data_store\audio49\arctic_a0049(7).wav,audio49,arctic_a0049(7).wav,0049,7,-214.614777,87.440109,2.73635,32.666603,-12.878726,-8.660291,-18.105844,-5.12641,-14.042743,-1.178081,-16.535862,2.490125,-9.026048,186.729,16.523,0.9868,0.01971,0.42418,0.97,0.127428,0.133811,0.116917,0.053351
data\raw\data_store\audio49\arctic_a0049.wav,audio49,arctic_a0049.wav,0049,0,-242.503571,86.06543,7.790573,32.907475,-5.462159,-0.982091,-8.116672,-5.267571,-12.945059,-8.602296,-7.640259,-3.451302,-8.140729,188.252,20.704,0.9663,0.02656,0.37027,2.846,0.125684,0.170965,0.14335,0.071432
data\raw\data_store\audio5\arctic_a0005(1).wav,audio5,arctic_a0005(1).wav,0005,1,-196.445801,85.247536,-22.96701,40.357105,-35.59391,-9.255445,-33.78899,-4.479665,-20.438847,-1.622846,-11.106075,-15.19615,2.055203,239.164,34.836,1.0,0.04604,0.40855,-1.191,0.090251,0.060019,0.1491,0.057958
data\raw\data_store\audio5\arctic_a0005(3).wav,audio5,arctic_a0005(3).wav,0005,3,-179.479691,100.513481,-11.54201,32.018036,-21.089209,-7.346338,-20.638887,-11.294518,-11.208798,-11.776417,-0.099711,-10.822298,-0.310796,225.548,17.236,0.9211,0.02023,0.47703,3.179,0.088781,0.058094,0.131406,0.039727
data\raw\data_store\audio5\arctic_a0005(4).wav,audio5,arctic_a0005(4).wav,0005,4,-208.585236,99.771591,-13.075312,36.953144,-16.266605,-1.043753,-21.033541,-15.256903,-11.057417,-12.422453,0.087602,-5.52055,2.268233,205.082,16.359,0.95,0.01771,0.47102,4.115,0.086507,0.0717,0.137413,0.051768
data\raw\data_store\audio5\arctic_a0005(5).wav,audio5,arctic_a0005(5).wav,0005,5,-178.361237,101.407127,-27.829821,35.770554,-15.629263,-6.517027,-5.401756,-30.498796,-6.644613,-16.639118,-11.466446,3.393701,-13.879021,179.547,17.289,0.9697,0.03121,0.48331,-0.567,0.112271,0.078373,0.135839,0.073707
data\raw\data_store\audio5\arctic_a0005(6).wav,audio5,arctic_a0005(6).wav,0005,6,-252.59346,89.408951,-8.626106,43.056519,-22.216337,-8.191574,-36.343548,-19.139704,-21.406191,-9.732665,1.738093,-10.911138,-2.864216,238.341,45.72,1.0,0.02719,0.52156,-7.301,0.078269,0.057052,0.132497,0.063823
data\raw\data_store\audio5\arctic_a0005(7).wav,audio5,arctic_a0005(7).wav,0005,7,-181.517227,106.313637,-18.313551,26.846367,-22.739599,-5.733443,-30.678354,-1.754315,-8.896594,-1.644883,-11.220109,5.140965,-14.037801,194.236,13.606,0.973,0.01912,0.47877,2.278,0.103575,0.088426,0.154061,0.041665
data\raw\data_store\audio5\arctic_a0005.wav,audio5,arctic_a0005.wav,0005,0,-229.112671,107.733864,-12.90285,37.047821,-15.666739,-2.928042,-12.423409,-15.37479,-3.255594,-11.378321,-3.851875,-3.177712,-9.177949,190.514,14.216,0.9767,0.02025,0.35238,9.067,0.068985,0.076876,0.158049,0.053075
data\raw\data_store\audio50\arctic_a0050(1).wav,audio50,arctic_a0050(1).wav,0050,1,-247.219498,59.545822,-3.688867,39.403084,-25.569244,-0.131565,-25.25746,5.457751,-21.978029,-2.716262,-11.995173,-4.10617,-2.674763,242.68,42.524,0.9375,0.03855,0.59225,-9.218,0.162842,0.138134,0.077349,0.039329
data\raw\data_store\audio50\arctic_a0050(3).wav,audio50,arctic_a0050(3).wav,0050,3,-209.367676,71.992531,25.752254,32.494335,-5.851718,-4.426154,-11.591233,-6.605852,-13.407801,-3.507768,-5.717572,-2.011529,-6.100914,200.321,39.049,0.9008,0.0386,0.49662,-0.636,0.134878,0.147191,0.106305,0.0495
data\raw\data_store\audio50\arctic_a0050(4).wav,audio50,arctic_a0050(4).wav,0050,4,-222.369888,75.746475,-5.104434,34.674438,-12.360523,-7.777936,-23.343214,-11.567816,-9.133489,-7.263395,-5.317174,-2.329562,-3.2231,220.856,31.134,0.9038,0.02946,0.53165,-3.479,0.186694,0.15155,0.08411,0.047016
data\raw\data_store\audio50\arctic_a0050(5).wav,audio50,arctic_a0050(5).wav,0050,5,-260.6091,65.25238,-7.825109,40.566776,-8.628219,0.613713,-13.212437,-20.571718,-9.58864,-17.691093,-11.410875,-1.514066,-11.298639,182.85,24.738,0.8532,0.03997,0.5561,-4.058,0.188109,0.155777,0.056141,0.037864
data\raw\data_store\audio50\arctic_a0050(6).wav,audio50,arctic_a0050(6).wav,0050,6,-241.62767,80.19313,-5.384732,34.17025,-13.146044,-9.506668,-26.588886,-12.894443,-19.521881,-3.036147,-10.275284,-8.33635,-4.563279,238.913,38.573,0.9524,0.04252,0.54523,0.941,0.134646,0.128465,0.104997,0.057193
data\raw\data_store\audio50\arctic_a0050(7).wav,audio50,arctic_a0050(7).wav,0050,7,-252.699387,75.81736,4.538096,33.714951,-15.217914,-5.223471,-25.243795,-4.308326,-10.786189,-1.356707,-12.768559,6.793542,-7.792573,196.539,21.985,0.9811,0.03509,0.51321,0.34,0.166604,0.152177,0.079843,0.042658
data\raw\data_store\audio50\arctic_a0050.wav,audio50,arctic_a0050.wav,0050,0,-245.430939,72.910683,13.764312,32.521317,-9.756442,-2.457635,-9.8451,-7.80078,-8.973416,-10.374529,-7.996778,-0.284494,-6.216941,188.758,19.615,0.944,0.03476,0.42564,3.046,0.172718,0.182966,0.117251,0.062498
data\raw\data_store\audio51\arctic_a0051(1).wav,audio51,arctic_a0051(1).wav,0051,1,-240.66597,61.445789,2.477918,49.064713,-24.939159,4.374265,-23.873434,6.471722,-21.882219,-1.397802,-11.404268,-3.990794,1.336039,262.65,92.623,0.9241,0.04125,0.4646,-1.897,0.11308,0.089148,0.089942,0.049797
data\raw\data_store\audio51\arctic_a0051(3).wav,audio51,arctic_a0051(3).wav,0051,3,-197.500702,80.156876,20.049458,25.080399,-4.584902,-1.31788,-12.2595,-6.052427,-11.200456,0.287183,-6.443449,-2.469615,-3.444747,206.83,28.48,0.875,0.04047,0.47625,3.693,0.102271,0.105531,0.107669,0.052149
data\raw\data_store\audio51\arctic_a0051(4).wav,audio51,arctic_a0051(4).wav,0051,4,-245.995071,81.135071,-8.506272,28.548473,-19.864199,-2.256827,-16.501829,-10.45421,-5.6374,-4.39207,-4.348992,-5.844094,-2.653198,220.668,46.063,0.9478,0.04605,0.48841,-2.27,0.112291,0.088477,0.075577,0.034801
data\raw\data_store\audio51\arctic_a0051(5).wav,audio51,arctic_a0051(5).wav,0051,5,-284.087524,76.657494,-8.754925,33.965508,-14.955411,5.283488,-8.750088,-21.496847,-6.676438,-11.234502,-11.916048,-1.855354,-10.08313,174.2,22.482,0.8605,0.02632,0.52998,-3.329,0.140957,0.107852,0.047129,0.029546
data\raw\data_store\audio51\arctic_a0051(6).wav,audio51,arctic_a0051(6).wav,0051,6,-253.694366,84.456123,-12.367131,40.361328,-22.264463,-14.855966,-24.75617,-17.685089,-20.828342,-7.428112,-8.609413,-8.021072,-3.624561,241.364,43.068,0.9848,0.03484,0.51124,-2.777,0.10379,0.103302,0.106339,0.056868
data\raw\data_store\audio51\arctic_a0051(7).wav,audio51,arctic_a0051(7).wav,0051,7,-191.199722,85.821564,-9.042725,23.359518,-20.73357,-0.214698,-26.664082,-2.388341,-9.323606,2.94306,-16.141817,4.693322,-10.019247,194.779,16.055,0.9333,0.02043,0.42267,1.183,0.120399,0.103756,0.137129,0.056164
data\raw\data_store\audio51\arctic_a0051.wav,audio51,arctic_a0051.wav,0051,0,-243.039719,97.251045,2.351129,29.862823,-16.629709,2.016864,-12.503005,-9.776138,-7.890164,-4.629323,-9.644575,-1.321767,-6.642082,181.963,20.474,0.9922,0.02942,0.43515,2.632,0.11243,0.110444,0.111342,0.045416
data\raw\data_store\audio52\arctic_a0052(1).wav,audio52,arctic_a0052(1).wav,0052,1,-221.47438,52.972134,6.779525,37.388897,-18.218613,3.000247,-22.408978,4.917755,-25.963953,-3.221179,-13.595427,-2.227287,-3.576513,245.148,44.862,0.8929,0.03569,0.48894,-4.335,0.163724,0.125164,0.102927,0.055415
data\raw\data_store\audio52\arctic_a0052(3).wav,audio52,arctic_a0052(3).wav,0052,3,-181.253113,66.449257,26.300594,33.197937,0.29062,-1.719745,-14.888386,-1.966467,-18.478289,-5.218044,-5.568903,-0.585961,-4.357992,219.08,31.438,0.7797,0.02923,0.51906,-2.848,0.190607,0.16454,0.126892,0.060329
data\raw\data_store\audio52\arctic_a0052(4).wav,audio52,arctic_a0052(4).wav,0052,4,-198.998962,61.109333,-6.37754,40.396458,-14.435695,-8.837833,-30.252653,-11.9962,-11.171991,-8.275662,-7.818177,-0.844814,-0.349155,248.92,40.318,0.9556,0.03343,0.49533,-0.362,0.190954,0.131856,0.123083,0.05623
data\raw\data_store\audio52\arctic_a0052(5).wav,audio52,arctic_a0052(5).wav,0052,5,-197.523636,52.3386,-3.559576,37.958305,-1.456969,2.336889,-13.388474,-17.911877,-10.740439,-18.952421,-10.830431,-2.681637,-7.558614,186.997,24.993,0.8214,0.04691,0.47989,-3.562,0.21213,0.173228,0.113837,0.068789
data\raw\data_store\audio52\arctic_a0052(6).wav,audio52,arctic_a0052(6).wav,0052,6,-235.931915,85.516983,-1.843471,30.382402,-14.479631,-5.067794,-27.228325,-14.885595,-27.860195,-8.47797,-12.725574,-7.432294,-3.149406,248.697,43.203,0.9804,0.02178,0.54382,0.682,0.122403,0.121706,0.131674,0.064587
data\raw\data_store\audio52\arctic_a0052(7).wav,audio52,arctic_a0052(7).wav,0052,7,-192.28566,60.204453,11.040253,29.125225,-5.201284,-7.77652,-25.498749,1.119294,-16.390352,-0.479441,-14.130291,9.098433,-8.897075,204.614,26.712,0.85,0.04161,0.4544,2.675,0.228847,0.197338,0.137907,0.066084
data\raw\data_store\audio52\arctic_a0052.wav,audio52,arctic_a0052.wav,0052,0,-221.165939,65.624077,18.214825,31.1639,-5.874965,-1.666149,-15.204404,-1.556382,-12.207447,-8.242321,-9.279196,4.16206,-6.465255,190.173,20.161,0.8065,0.02503,0.37101,3.86,0.187121,0.202103,0.145225,0.077845
data\raw\data_store\audio53\arctic_a0053(1).wav,audio53,arctic_a0053(1).wav,0053,1,-225.056625,52.369312,-3.600827,33.491734,-26.482864,0.35602,-21.832001,7.29756,-22.700834,-1.10095,-12.766135,-4.443255,-0.0612,238.678,62.005,0.8952,0.04857,0.36064,-5.634,0.183526,0.175559,0.080451,0.03921
data\raw\data_store\audio53\arctic_a0053(3).wav,audio53,arctic_a0053(3).wav,0053,3,-224.227432,67.152802,28.613842,29.922176,-3.872266,-7.197357,-9.945635,-0.465718,-16.279558,-0.222131,-7.494762,-2.412332,-3.131861,206.677,24.442,0.8866,0.03017,0.45345,1.565,0.150307,0.160136,0.08522,0.039435
data\raw\data_store\audio53\arctic_a0053(4).wav,audio53,arctic_a0053(4).wav,0053,4,-205.469376,67.709862,-7.566153,34.855991,-17.576193,-3.721639,-22.148552,-10.58284,-10.093957,-5.559262,-5.704217,-5.436337,-1.617577,229.697,39.563,0.9333,0.02505,0.38464,-2.963,0.138981,0.120357,0.09461,0.04473
data\raw\data_store\audio53\arctic_a0053(5).wav,audio53,arctic_a0053(5).wav,0053,5,-238.191177,60.805851,-2.25841,41.417244,-9.406281,3.571589,-10.908765,-16.967306,-11.727805,-16.350969,-10.421882,-3.369153,-6.646076,179.188,26.815,0.8977,0.02945,0.52548,-4.21,0.165324,0.163878,0.066912,0.03512
data\raw\data_store\audio53\arctic_a0053(6).wav,audio53,arctic_a0053(6).wav,0053,6,-238.984467,71.635475,-4.374486,30.184343,-19.407711,-5.071748,-29.7743,-17.515022,-23.848303,-5.79332,-13.428398,-9.133744,-3.828318,235.324,38.104,0.9223,0.0368,0.35012,-4.236,0.110692,0.101333,0.129887,0.082433
data\raw\data_store\audio53\arctic_a0053(7).wav,audio53,arctic_a0053(7).wav,0053,7,-214.723816,70.095352,-0.391465,22.793068,-17.028215,-6.389717,-25.555794,-1.788301,-9.247018,0.532663,-14.149997,3.728724,-8.281068,196.977,24.573,0.8864,0.01966,0.4258,-2.024,0.170375,0.15889,0.106325,0.057226
data\raw\data_store\audio53\arctic_a0053.wav,audio53,arctic_a0053.wav,0053,0,-229.272705,75.6064,8.328113,33.103127,-14.115715,0.911289,-8.986753,-5.305076,-9.701957,-8.164044,-8.657187,-0.385394,-8.532763,186.836,20.198,0.9118,0.01905,0.37941,2.492,0.144561,0.155284,0.122131,0.057981
data\raw\data_store\audio54\arctic_a0054(1).wav,audio54,arctic_a0054(1).wav,0054,1,-222.831375,88.744133,-14.391209,21.720953,-26.484167,10.248096,-24.730537,-1.081988,-17.750385,-3.720414,-13.184143,-4.10386,-3.981179,235.964,32.404,1.0,0.03491,0.50308,-5.888,0.085007,0.046007,0.110571,0.044085
data\raw\data_store\audio54\arctic_a0054(3).wav,audio54,arctic_a0054(3).wav,0054,3,-209.116959,99.415977,7.674577,20.396524,-2.946869,4.263111,-16.434858,-4.905643,-11.616467,-0.667049,-2.395547,-11.334682,-1.624786,193.782,14.493,0.9762,0.01172,0.31459,4.437,0.067897,0.055316,0.138716,0.044924
data\raw\data_store\audio54\arctic_a0054(4).wav,audio54,arctic_a0054(4).wav,0054,4,-193.163803,103.562447,-24.640478,12.731448,-14.71413,-0.408695,-18.308258,-17.518387,-4.353925,-2.70823,-7.005425,-10.945044,-5.908476,230.809,21.756,1.0,0.01451,0.42633,1.336,0.080503,0.041988,0.13447,0.026998
data\raw\data_store\audio54\arctic_a0054(5).wav,audio54,arctic_a0054(5).wav,0054,5,-165.080582,98.722061,-24.499699,15.878507,-6.855525,11.701179,-3.17233,-25.959742,-6.295659,-9.99806,-10.364652,-3.544528,-14.411184,178.165,14.893,1.0,0.01901,0.41505,-1.238,0.104397,0.084356,0.139917,0.050718
data\raw\data_store\audio54\arctic_a0054(6).wav,audio54,arctic_a0054(6).wav,0054,6,-230.819427,109.163445,-15.639249,12.18722,-21.079876,-3.095279,-27.338104,-12.762078,-22.374189,3.366432,-15.424213,-6.951323,-6.795324,224.536,31.484,1.0,0.03005,0.41192,0.489,0.067603,0.034052,0.144295,0.040659
data\raw\data_store\audio54\arctic_a0054(7).wav,audio54,arctic_a0054(7).wav,0054,7,-172.609818,107.748817,-18.593506,-3.272868,-12.416275,4.117961,-23.814232,-1.144299,-6.89921,2.55935,-18.850063,0.088602,-19.102236,193.566,13.532,0.9512,0.0119,0.33315,1.607,0.106749,0.07989,0.166864,0.031126
data\raw\data_store\audio54\arctic_a0054.wav,audio54,arctic_a0054.wav,0054,0,-220.435959,114.976456,-18.449917,14.827924,-9.149915,6.286506,-3.484848,-6.432797,-0.128874,-7.406199,-10.804497,-4.707419,-16.180208,184.632,16.395,0.9787,0.02013,0.30171,7.043,0.090491,0.111068,0.179489,0.045225
data\raw\data_store\audio55\arctic_a0055(1).wav,audio55,arctic_a0055(1).wav,0055,1,-253.287277,42.295967,1.737903,38.322456,-21.191235,1.478354,-19.485687,9.401999,-19.754906,-1.427997,-10.020607,-0.077525,-3.476041,240.633,51.79,0.8431,0.04317,0.53831,-1.649,0.234113,0.204263,0.062478,0.041345
data\raw\data_store\audio55\arctic_a0055(3).wav,audio55,arctic_a0055(3).wav,0055,3,-202.395645,57.828171,30.124689,26.327494,-11.830547,1.175698,-12.648484,-3.546851,-13.81363,-0.640633,-8.35538,-0.442521,-4.735978,213.908,30.025,0.7692,0.02974,0.43995,-1.141,0.200622,0.186708,0.098804,0.05017
data\raw\data_store\audio55\arctic_a0055(4).wav,audio55,arctic_a0055(4).wav,0055,4,-187.069077,64.274284,-8.436009,29.020195,-17.898827,-4.974785,-17.082775,-13.10434,-8.477682,-4.537135,-6.103671,-0.016528,-2.718469,223.198,47.431,0.7833,0.04642,0.49954,-3.954,0.229825,0.181844,0.090621,0.051612
data\raw\data_store\audio55\arctic_a0055(5).wav,audio55,arctic_a0055(5).wav,0055,5,-266.819855,46.977871,3.429878,32.61705,-10.00016,6.074274,-7.470142,-13.689807,-6.56308,-10.843087,-12.816286,1.544206,-9.440013,180.588,47.198,0.7313,0.05944,0.50917,-7.534,0.215869,0.198417,0.054916,0.040519
data\raw\data_store\audio55\arctic_a0055(6).wav,audio55,arctic_a0055(6).wav,0055,6,-240.37178,59.335979,-1.789032,34.039013,-12.863959,-10.893857,-26.150639,-10.420085,-19.257101,-3.709782,-12.30233,-2.525811,-4.105886,228.49,33.388,0.8531,0.02979,0.47223,-2.373,0.183397,0.174776,0.099621,0.067267
data\raw\data_store\audio55\arctic_a0055(7).wav,audio55,arctic_a0055(7).wav,0055,7,-197.029205,66.197762,3.095034,24.585539,-20.885351,-1.266396,-22.454363,-5.640678,-9.08722,1.38976,-18.110725,7.512059,-10.228925,184.297,21.793,0.9167,0.03587,0.4116,-7.585,0.217748,0.192594,0.096836,0.047253
data\raw\data_store\audio55\arctic_a0055.wav,audio55,arctic_a0055.wav,0055,0,-213.7547,54.960854,19.071922,28.157097,-12.307271,0.81925,-8.58806,-1.928377,-9.378007,-4.84151,-10.907276,0.564761,-10.032714,182.979,19.222,0.8921,0.02851,0.41863,3.073,0.22913,0.215218,0.111713,0.057672
data\raw\data_store\audio56\arctic_a0056(1).wav,audio56,arctic_a0056(1).wav,0056,1,-239.14122,41.170013,1.842013,36.740288,-18.406731,2.147785,-24.011759,6.214857,-20.776878,-3.215099,-13.106453,-1.006609,-3.091336,246.094,38.335,0.8803,0.03773,0.42404,0.713,0.222941,0.203901,0.089538,0.046833
data\raw\data_store\audio56\arctic_a0056(3).wav,audio56,arctic_a0056(3).wav,0056,3,-188.961166,66.551521,26.989258,27.116951,-5.174273,-1.01097,-11.295507,-3.889591,-14.996601,-2.409412,-7.29273,-0.654763,-7.407063,217.022,36.089,0.8864,0.02435,0.44273,-3.209,0.163545,0.156002,0.123518,0.050498
data\raw\data_store\audio56\arctic_a0056(4).wav,audio56,arctic_a0056(4).wav,0056,4,-194.77951,70.943115,-7.753468,32.11274,-11.984778,-0.080619,-20.401525,-12.478138,-9.452066,-9.535557,-5.724809,-3.375042,-4.183852,220.493,41.826,0.9577,0.02906,0.48889,-9.164,0.186247,0.135248,0.10002,0.044589
data\raw\data_store\audio56\arctic_a0056(5).wav,audio56,arctic_a0056(5).wav,0056,5,-207.447678,57.285919,0.3665,35.898621,-8.865886,9.123027,-9.182179,-14.956782,-9.781987,-13.868051,-16.457466,1.066182,-12.043646,190.578,34.459,0.6905,0.03316,0.49133,-7.902,0.216919,0.172212,0.082343,0.041908
data\raw\data_store\audio56\arctic_a0056(6).wav,audio56,arctic_a0056(6).wav,0056,6,-239.985733,56.15234,-3.307124,32.610992,-11.286611,-5.516759,-28.27776,-18.340433,-18.654585,-2.388076,-16.476118,-5.970333,-7.845058,234.893,40.473,0.9368,0.02894,0.40405,-8.113,0.172514,0.166736,0.099184,0.054764
data\raw\data_store\audio56\arctic_a0056(7).wav,audio56,arctic_a0056(7).wav,0056,7,-201.890015,72.834442,-5.201478,29.352156,-14.385344,-3.294041,-25.052059,-6.669406,-10.835557,-0.844698,-17.973148,7.992958,-11.15166,196.718,21.452,0.962,0.01766,0.44818,-2.296,0.175469,0.139679,0.11621,0.045204
data\raw\data_store\audio56\arctic_a0056.wav,audio56,arctic_a0056.wav,0056,0,-211.200943,70.084396,7.037596,34.043388,-10.983983,3.357772,-7.416297,-5.783985,-7.596103,-3.770894,-10.178804,-0.510728,-9.607072,183.513,24.048,0.9255,0.03475,0.42277,2.642,0.177083,0.170086,0.125981,0.05655
data\raw\data_store\audio57\arctic_a0057(1).wav,audio57,arctic_a0057(1).wav,0057,1,-215.699615,88.342545,-17.682718,33.182713,-29.258493,8.14701,-26.067101,12.561209,-14.174101,0.00902,-13.325138,-4.405296,-4.317485,211.532,27.375,0.9857,0.03507,0.42112,-4.16,0.090576,0.056602,0.087319,0.039708
data\raw\data_store\audio57\arctic_a0057(3).wav,audio57,arctic_a0057(3).wav,0057,3,-200.507095,102.056709,2.923656,22.875439,-6.879134,-0.597796,-4.8468,-8.756047,-8.78744,-1.084941,-5.986468,-6.466557,-5.054133,199.343,19.483,0.9385,0.02043,0.30279,2.321,0.050005,0.029372,0.124832,0.063882
data\raw\data_store\audio57\arctic_a0057(4).wav,audio57,arctic_a0057(4).wav,0057,4,-206.545624,99.36676,-28.247263,33.112411,-24.117111,-8.905653,-13.907619,-14.311162,-6.267015,-5.412586,-4.766318,-6.694592,-2.516912,211.288,21.578,1.0,0.03059,0.37105,-3.721,0.088917,0.06029,0.11111,0.048659
data\raw\data_store\audio57\arctic_a0057(5).wav,audio57,arctic_a0057(5).wav,0057,5,-297.912842,82.101074,-26.952095,27.939022,-21.794561,3.461218,-8.124718,-19.167295,-0.376161,-5.384367,-14.672655,1.239598,-15.192019,185.034,30.845,0.8594,0.05172,0.52246,-11.512,0.112012,0.0714,0.038935,0.027104
data\raw\data_store\audio57\arctic_a0057(6).wav,audio57,arctic_a0057(6).wav,0057,6,-241.554886,88.084541,-29.764101,36.923717,-26.936346,-9.447291,-27.222929,-11.805616,-16.443945,-3.564238,-13.692708,-9.649471,-6.048999,211.045,27.888,0.9857,0.03582,0.29819,-3.357,0.085849,0.074079,0.100343,0.049793
data\raw\data_store\audio57\arctic_a0057(7).wav,audio57,arctic_a0057(7).wav,0057,7,-195.047531,96.774452,-25.431301,19.114706,-20.474911,1.837103,-22.770512,-2.714506,-4.010712,4.757349,-17.956974,5.85076,-16.134989,187.081,17.843,0.9821,0.02064,0.28831,-2.169,0.088313,0.058627,0.13161,0.053099
data\raw\data_store\audio57\arctic_a0057.wav,audio57,arctic_a0057.wav,0057,0,-237.142471,98.616051,-14.392123,33.222065,-22.412539,6.032103,-8.59311,-8.964907,-3.687489,-8.107444,-8.296736,-6.237077,-11.523688,188.329,20.484,0.9831,0.02457,0.30003,3.12,0.087766,0.087874,0.14647,0.072072
data\raw\data_store\audio58\arctic_a0058(1).wav,audio58,arctic_a0058(1).wav,0058,1,-211.109512,72.474823,-11.840798,43.841473,-36.614174,3.395289,-22.554052,5.696774,-21.96002,-3.083297,-12.472169,-6.498453,-3.973356,236.055,38.663,0.9837,0.03225,0.37842,-4.319,0.121648,0.100307,0.093345,0.035914
data\raw\data_store\audio58\arctic_a0058(3).wav,audio58,arctic_a0058(3).wav,0058,3,-202.401611,84.723038,19.578751,35.479477,-9.206939,-7.641039,-8.343912,-2.723991,-14.41398,-3.363626,-5.194006,-2.178799,-6.119491,209.21,30.08,0.9573,0.02318,0.33106,2.52,0.107841,0.122772,0.120284,0.039519
data\raw\data_store\audio58\arctic_a0058(4).wav,audio58,arctic_a0058(4).wav,0058,4,-211.965286,81.164589,-18.447411,44.307354,-21.178371,-11.97153,-14.882457,-12.51564,-6.679932,-11.024171,-4.801699,-6.806352,-4.557907,226.003,37.523,0.9894,0.02581,0.4379,-2.776,0.141195,0.108126,0.10282,0.035948
data\raw\data_store\audio58\arctic_a0058(5).wav,audio58,arctic_a0058(5).wav,0058,5,-263.750153,72.161728,-19.48855,43.689842,-11.369216,0.133263,-5.977685,-14.134016,-8.329217,-18.447582,-11.207438,-3.364726,-13.935316,182.485,29.449,0.8362,0.02311,0.44581,-6.041,0.159537,0.15011,0.051462,0.024742
data\raw\data_store\audio58\arctic_a0058(6).wav,audio58,arctic_a0058(6).wav,0058,6,-221.451767,80.113335,-15.626198,41.951412,-24.927593,-9.551998,-26.12995,-16.244522,-24.519341,-5.137784,-11.7039,-9.872494,-6.30609,231.086,39.022,0.9837,0.03075,0.424,-3.111,0.125193,0.111104,0.119742,0.051096
data\raw\data_store\audio58\arctic_a0058(7).wav,audio58,arctic_a0058(7).wav,0058,7,-201.120316,78.076988,-9.989522,25.123014,-16.174572,-5.895433,-16.035833,-1.345358,-9.812812,0.721053,-14.180387,4.029509,-13.014292,185.765,21.716,0.9524,0.0147,0.36074,-1.847,0.159305,0.158877,0.121391,0.050882
data\raw\data_store\audio58\arctic_a0058.wav,audio58,arctic_a0058.wav,0058,0,-239.699554,93.479103,5.867391,31.622276,-14.68629,-2.507679,-4.1861,-5.101375,-7.652592,-10.172696,-8.070221,-3.331851,-10.529729,182.444,18.199,0.9923,0.02427,0.30771,4.422,0.12748,0.14482,0.154258,0.069138
data\raw\data_store\audio59\arctic_a0059(1).wav,audio59,arctic_a0059(1).wav,0059,1,-200.30983,65.404808,-4.049515,30.618031,-21.153511,0.645608,-25.657267,10.577431,-19.768724,1.547876,-12.601166,-2.811799,-7.727067,232.164,32.482,0.8986,0.03708,0.45832,-2.892,0.143187,0.134488,0.101847,0.04672
data\raw\data_store\audio59\arctic_a0059(3).wav,audio59,arctic_a0059(3).wav,0059,3,-208.871124,83.580055,14.493675,25.526548,-3.155436,3.409833,-15.097811,-3.789533,-16.777411,-1.402659,-7.092221,-5.526667,-4.353933,207.693,22.348,0.9516,0.01815,0.381,2.871,0.10333,0.089506,0.117718,0.051319
data\raw\data_store\audio59\arctic_a0059(4).wav,audio59,arctic_a0059(4).wav,0059,4,-213.986313,80.644035,-16.890627,37.139084,-10.420879,-6.727248,-23.102064,-14.610578,-3.897485,-5.361638,-8.726245,-4.569151,-0.851903,233.125,27.701,0.9818,0.01989,0.44746,-3.591,0.139151,0.084396,0.112032,0.051435
data\raw\data_store\audio59\arctic_a0059(5).wav,audio59,arctic_a0059(5).wav,0059,5,-207.278717,64.514191,-20.526171,32.188339,-7.555319,2.897074,-13.866749,-20.189051,-5.267236,-13.733006,-17.544743,-5.826748,-12.789006,196.017,32.642,0.8689,0.04573,0.48737,-40.0,0.162538,0.125335,0.087108,0.045215
data\raw\data_store\audio59\arctic_a0059(6).wav,audio59,arctic_a0059(6).wav,0059,6,-240.373428,82.628136,-9.535092,38.308247,-18.401251,-3.226393,-26.147963,-10.130034,-23.095413,-8.000002,-9.017628,-7.685389,-5.852985,233.937,37.826,0.9474,0.03663,0.43347,-0.328,0.111131,0.08826,0.114785,0.059825
data\raw\data_store\audio59\arctic_a0059(7).wav,audio59,arctic_a0059(7).wav,0059,7,-214.099472,86.618813,-7.649526,23.338394,-11.012441,0.903624,-23.889317,-0.214463,-5.497747,0.858978,-23.297863,9.106602,-12.084278,187.765,19.873,1.0,0.01984,0.39768,-2.833,0.106677,0.073736,0.11482,0.043604
data\raw\data_store\audio59\arctic_a0059.wav,audio59,arctic_a0059.wav,0059,0,-220.224152,86.124634,4.016606,20.713036,-3.337795,0.752285,-10.517097,-3.426118,-4.24778,-5.046208,-14.188686,-1.331349,-14.081085,187.657,20.096,0.9697,0.02659,0.36087,4.354,0.115132,0.113523,0.160387,0.070055
data\raw\data_store\audio6\arctic_a0006(1).wav,audio6,arctic_a0006(1).wav,0006,1,-272.090027,95.669128,-10.502379,26.272572,-13.245378,12.830047,-20.506145,6.557615,-17.17934,2.703172,-11.747763,-7.770072,0.312494,217.156,22.606,0.96,0.02822,0.31109,-0.991,0.084127,0.091333,0.079701,0.037131
data\raw\data_store\audio6\arctic_a0006(3).wav,audio6,arctic_a0006(3).wav,0006,3,-218.778854,108.514503,-8.932503,14.919541,-9.534867,2.390068,-14.271853,-9.240623,-7.35783,-5.793703,-0.007374,-12.895802,-4.450088,203.921,35.392,0.9457,0.04947,0.33222,-1.48,0.084739,0.074397,0.082016,0.038522
data\raw\data_store\audio6\arctic_a0006(4).wav,audio6,arctic_a0006(4).wav,0006,4,-225.534836,108.135284,-7.727509,16.289545,-15.325132,8.604022,-16.798971,-11.103576,-5.3747,-4.277803,-3.681752,-9.032932,-0.334926,195.551,20.83,0.954,0.02686,0.38608,0.449,0.105122,0.127599,0.102998,0.045208
data\raw\data_store\audio6\arctic_a0006(5).wav,audio6,arctic_a0006(5).wav,0006,5,-293.472809,90.610703,-14.22047,18.53845,-9.363423,7.586192,-6.016556,-21.659597,-6.384632,-3.575041,-12.179874,-1.704498,-15.442555,175.797,32.331,0.8824,0.04122,0.45529,-5.829,0.136411,0.13569,0.0548,0.033645
data\raw\data_store\audio6\arctic_a0006(6).wav,audio6,arctic_a0006(6).wav,0006,6,-261.821014,115.792885,-4.288716,17.499825,-21.449644,1.725167,-27.65645,-16.968468,-13.147743,-4.369096,-8.844839,-10.496507,-0.970218,205.821,17.408,0.9895,0.02176,0.34301,-1.159,0.09888,0.115283,0.103989,0.044443
data\raw\data_store\audio6\arctic_a0006(7).wav,audio6,arctic_a0006(7).wav,0006,7,-188.730988,104.799423,-15.023132,4.559212,-18.014574,4.219655,-21.865154,-1.474874,-5.727073,3.54783,-19.986603,0.67058,-17.135908,193.39,12.106,1.0,0.01662,0.34988,2.581,0.119153,0.135341,0.136037,0.039294
data\raw\data_store\audio6\arctic_a0006.wav,audio6,arctic_a0006.wav,0006,0,-230.63887,122.065865,-18.14595,8.289534,-10.948605,5.182277,-6.686014,-6.232244,-2.281411,-4.76635,-12.432512,-5.968703,-10.358774,180.358,16.255,0.9898,0.02749,0.3194,2.909,0.110881,0.146378,0.142595,0.0529
data\raw\data_store\audio60\arctic_a0060(1).wav,audio60,arctic_a0060(1).wav,0060,1,-172.72258,74.524437,-22.167036,33.413383,-40.562107,7.450084,-27.220556,15.310081,-19.964056,1.886857,-14.500411,-4.701796,-6.676503,231.032,39.99,0.9245,0.03789,0.26354,-5.399,0.117756,0.123924,0.130959,0.056869
data\raw\data_store\audio60\arctic_a0060(3).wav,audio60,arctic_a0060(3).wav,0060,3,-221.995422,95.437523,7.957121,24.540714,-7.658884,-4.520902,-7.671227,-2.653264,-11.595409,-0.33612,-4.941373,-11.182446,-0.65928,199.59,20.0,0.9524,0.01715,0.25591,0.668,0.074773,0.110751,0.102699,0.050657
data\raw\data_store\audio60\arctic_a0060(4).wav,audio60,arctic_a0060(4).wav,0060,4,-257.184418,87.522141,-20.005575,24.625446,-22.741472,-3.320679,-12.17146,-6.524148,-2.331899,-4.113328,-5.138775,-7.870809,-1.713028,230.864,30.171,0.8462,0.03588,0.27944,-4.292,0.096792,0.091695,0.099536,0.062103
data\raw\data_store\audio60\arctic_a0060(5).wav,audio60,arctic_a0060(5).wav,0060,5,-277.225037,72.957199,-19.643467,29.5112,-18.419415,1.073532,4.774021,-18.699738,-0.81215,-7.392501,-5.757489,0.019781,-12.482705,182.495,28.586,0.7941,0.03713,0.35269,-4.984,0.11216,0.115511,0.067093,0.048153
data\raw\data_store\audio60\arctic_a0060(6).wav,audio60,arctic_a0060(6).wav,0060,6,-243.831223,88.293335,-19.779671,25.435921,-30.03319,-8.313823,-24.748264,-19.639219,-20.353071,-4.836118,-12.555248,-13.053468,-6.711224,244.629,50.673,0.9661,0.05539,0.35771,-6.183,0.088077,0.089844,0.145522,0.093339
data\raw\data_store\audio60\arctic_a0060(7).wav,audio60,arctic_a0060(7).wav,0060,7,-208.830902,96.064316,-16.777081,12.604963,-22.504318,3.034033,-12.949276,-0.607027,-7.536267,7.275527,-19.526325,5.875038,-16.252817,184.57,15.483,0.9844,0.02064,0.21198,1.955,0.099504,0.110669,0.13109,0.044758
data\raw\data_store\audio60\arctic_a0060.wav,audio60,arctic_a0060.wav,0060,0,-230.756836,108.460541,-25.056585,19.981403,-20.3274,-2.073163,-0.743861,-9.404984,-0.018874,-7.311254,-8.015598,-5.25067,-11.416946,181.041,22.307,0.9844,0.02131,0.23021,1.31,0.094653,0.141593,0.144088,0.078173
data\raw\data_store\audio61\arctic_a0061(1).wav,audio61,arctic_a0061(1).wav,0061,1,-234.983551,52.232811,-5.871935,40.120819,-21.051392,-4.018428,-29.546106,14.23778,-19.02062,-2.498147,-10.9131,-1.821037,-5.546195,232.251,33.442,0.9706,0.04484,0.49075,-2.983,0.162633,0.164454,0.072579,0.034425
data\raw\data_store\audio61\arctic_a0061(3).wav,audio61,arctic_a0061(3).wav,0061,3,-190.032608,81.601746,17.799515,17.095371,-4.783482,3.997724,-13.400178,-5.159538,-7.777577,2.301693,-7.692745,-0.60504,-5.838743,203.777,22.481,0.8764,0.03726,0.45193,0.188,0.146444,0.167995,0.097368,0.039748
data\raw\data_store\audio61\arctic_a0061(4).wav,audio61,arctic_a0061(4).wav,0061,4,-184.88974,75.093246,-19.309662,22.22299,-17.116276,-0.038244,-21.050541,-12.508987,-2.270803,-3.901778,-6.173494,-1.329708,-2.922569,225.821,31.911,0.939,0.0245,0.48078,-5.548,0.158347,0.138771,0.096458,0.038028
data\raw\data_store\audio61\arctic_a0061(5).wav,audio61,arctic_a0061(5).wav,0061,5,-204.637573,70.506203,-17.62875,21.90707,-18.503344,7.851533,-10.522925,-20.45039,-0.068341,-13.628698,-11.067978,-2.045242,-11.243045,180.09,31.144,0.8352,0.03183,0.54955,-4.017,0.168137,0.154183,0.0757,0.042834
data\raw\data_store\audio61\arctic_a0061(6).wav,audio61,arctic_a0061(6).wav,0061,6,-220.259323,78.398758,-14.634064,38.172279,-14.964419,-13.006131,-30.536749,-10.689613,-19.654551,-7.375325,-10.000855,-3.296816,-6.226553,227.404,32.197,0.9691,0.04396,0.4959,-4.149,0.134928,0.14278,0.111208,0.05282
data\raw\data_store\audio61\arctic_a0061(7).wav,audio61,arctic_a0061(7).wav,0061,7,-222.396576,89.370674,-9.355865,18.168303,-18.058819,4.045335,-28.779591,-4.137421,-6.736603,-0.12562,-17.580505,5.255546,-11.898962,189.382,22.148,0.9432,0.02436,0.45236,-4.567,0.138829,0.129316,0.085854,0.041395
data\raw\data_store\audio61\arctic_a0061.wav,audio61,arctic_a0061.wav,0061,0,-227.03212,82.154442,3.040394,21.073442,-12.813436,4.53341,-11.344563,-4.652536,-1.439982,-6.817091,-10.626715,2.206177,-13.228175,183.339,18.314,0.9091,0.0276,0.42841,2.842,0.167902,0.183068,0.114526,0.048627
data\raw\data_store\audio62\arctic_a0062(1).wav,audio62,arctic_a0062(1).wav,0062,1,-187.86879,41.841774,16.481398,50.043652,-18.015429,-3.432431,-26.277451,8.135111,-30.593985,-2.128368,-11.874598,-1.491884,-4.466261,229.809,25.579,0.803,0.01911,0.42332,1.37,0.200605,0.199967,0.138269,0.057141
data\raw\data_store\audio62\arctic_a0062(3).wav,audio62,arctic_a0062(3).wav,0062,3,-201.419281,68.803062,34.362343,34.081753,-10.477933,-8.38306,-10.703017,-5.547787,-16.555639,-2.842595,-4.01384,-4.402695,-2.584277,194.087,44.285,0.8361,0.04392,0.36195,1.122,0.171695,0.172476,0.115483,0.051764
data\raw\data_store\audio62\arctic_a0062(4).wav,audio62,arctic_a0062(4).wav,0062,4,-195.783401,54.816883,3.597418,48.193443,-14.959532,-12.903056,-22.549297,-10.952354,-13.298797,-8.08476,-3.187759,-1.538921,-4.028259,221.717,22.785,0.9636,0.02447,0.40813,1.046,0.181018,0.164607,0.12047,0.045044
data\raw\data_store\audio62\arctic_a0062(5).wav,audio62,arctic_a0062(5).wav,0062,5,-217.830246,39.341347,-0.400388,50.389011,-11.733312,-4.33743,-8.625986,-14.860236,-11.470633,-20.046131,-9.655014,1.450671,-12.474823,192.248,21.454,0.7246,0.02447,0.40386,1.515,0.24387,0.224018,0.095986,0.054009
data\raw\data_store\audio62\arctic_a0062(6).wav,audio62,arctic_a0062(6).wav,0062,6,-231.836884,64.320068,2.243153,52.250446,-15.876918,-12.092983,-26.824121,-15.407649,-27.134186,-4.89097,-11.46407,-8.077415,-5.373507,218.458,21.648,0.9697,0.03274,0.39446,4.517,0.149918,0.160559,0.124106,0.05624
data\raw\data_store\audio62\arctic_a0062(7).wav,audio62,arctic_a0062(7).wav,0062,7,-228.771896,65.445755,6.198074,38.071865,-16.330351,-8.928751,-20.287001,-0.668646,-14.633265,-3.731909,-14.906128,4.394546,-8.893044,198.035,17.919,1.0,0.02184,0.37634,3.36,0.16814,0.154206,0.111678,0.051385
data\raw\data_store\audio62\arctic_a0062.wav,audio62,arctic_a0062.wav,0062,0,-213.089188,57.059433,18.66399,39.013805,-12.836451,-5.657817,-7.005538,-2.684991,-8.687551,-8.776148,-8.095207,2.206276,-11.176389,181.089,16.715,0.8919,0.02677,0.3442,6.485,0.201249,0.230507,0.16685,0.083028
data\raw\data_store\audio63\arctic_a0063(1).wav,audio63,arctic_a0063(1).wav,0063,1,-257.683868,49.633938,4.796964,22.591946,-17.007931,9.01484,-13.786598,9.598685,-11.774704,1.22941,-11.245265,2.965797,-4.727694,202.05,52.354,0.8,0.05863,0.36608,-5.837,0.181254,0.205071,0.082135,0.057388
data\raw\data_store\audio63\arctic_a0063(3).wav,audio63,arctic_a0063(3).wav,0063,3,-224.266998,73.611008,20.907665,28.685081,-7.774579,-4.145639,-11.422036,2.472411,-15.637421,0.238437,-7.313365,-2.771989,-4.266146,206.321,18.97,0.7662,0.0263,0.35143,3.361,0.162056,0.17573,0.099803,0.05672
data\raw\data_store\audio63\arctic_a0063(4).wav,audio63,arctic_a0063(4).wav,0063,4,-250.349289,71.398193,-12.349533,36.840141,-18.335571,-7.709978,-14.152725,-8.609441,-1.078504,-4.370237,-3.478698,-2.793978,-0.484712,225.844,24.932,0.7432,0.03623,0.34075,1.628,0.14368,0.154182,0.082357,0.052359
data\raw\data_store\audio63\arctic_a0063(5).wav,audio63,arctic_a0063(5).wav,0063,5,-325.558838,48.702297,-6.89929,30.446589,-9.387668,-1.141916,-6.953765,-10.711192,-4.822989,-10.054967,-11.895907,0.346575,-6.856089,181.9,13.279,0.3854,0.01798,0.40202,-2.299,0.221929,0.189679,0.036907,0.030876
data\raw\data_store\audio63\arctic_a0063(6).wav,audio63,arctic_a0063(6).wav,0063,6,-250.125641,65.193787,-6.998577,23.700441,-21.146954,0.129926,-21.212225,-14.511365,-18.697336,-2.379354,-10.799613,-4.299562,-7.563492,229.618,36.574,0.7753,0.03999,0.4776,-4.89,0.169146,0.158459,0.106888,0.077308
data\raw\data_store\audio63\arctic_a0063(7).wav,audio63,arctic_a0063(7).wav,0063,7,-230.140717,62.94632,-5.878817,24.940182,-18.417877,-0.3047,-18.026917,7.972525,-5.430366,0.563908,-17.037521,4.783147,-10.085188,193.177,15.854,0.8375,0.02386,0.29525,2.834,0.164615,0.175008,0.093531,0.052427
data\raw\data_store\audio63\arctic_a0063.wav,audio63,arctic_a0063.wav,0063,0,-239.562897,70.598953,0.894662,27.090363,-15.867638,-1.015252,-5.976848,-1.420901,-3.160771,-7.309133,-10.278107,0.188336,-12.123059,186.48,24.178,0.9326,0.03094,0.31879,6.19,0.166826,0.202361,0.11827,0.062323
data\raw\data_store\audio64\arctic_a0064(1).wav,audio64,arctic_a0064(1).wav,0064,1,-225.024109,62.220406,-7.347332,30.525726,-21.249363,1.940515,-17.681505,7.008855,-19.107605,-3.296809,-12.0061,-2.140137,-4.148537,230.158,36.114,0.9065,0.0318,0.44158,-4.758,0.173444,0.171387,0.089919,0.052142
data\raw\data_store\audio64\arctic_a0064(3).wav,audio64,arctic_a0064(3).wav,0064,3,-191.472809,88.233116,16.047222,19.746202,-8.770917,-2.11057,-8.280681,-6.294949,-13.574785,-0.439167,-8.543921,-2.948279,-5.509444,214.505,30.539,0.931,0.03173,0.5175,-1.691,0.109846,0.100061,0.107403,0.048977
data\raw\data_store\audio64\arctic_a0064(4).wav,audio64,arctic_a0064(4).wav,0064,4,-207.800522,85.758804,-9.859909,25.801794,-16.363003,-5.143836,-14.93128,-11.594125,-1.508856,-3.671492,-6.408934,-6.121603,-3.272469,231.302,37.937,0.8675,0.02794,0.58057,-1.005,0.150551,0.107477,0.089497,0.039048
data\raw\data_store\audio64\arctic_a0064(5).wav,audio64,arctic_a0064(5).wav,0064,5,-238.299057,64.398804,-6.201683,31.380497,-12.111747,3.789448,-9.731938,-18.244701,-8.686797,-8.874889,-13.762791,-0.547676,-10.122274,177.202,29.315,0.7636,0.03185,0.56416,-5.88,0.189776,0.14412,0.064927,0.042868
data\raw\data_store\audio64\arctic_a0064(6).wav,audio64,arctic_a0064(6).wav,0064,6,-238.08754,78.305763,-6.697565,28.763113,-15.238056,-11.484203,-22.626738,-17.884798,-14.436339,-3.130315,-12.978116,-2.423454,-6.670047,224.572,35.567,0.9524,0.05343,0.48113,-1.067,0.145314,0.122018,0.1113,0.073118
data\raw\data_store\audio64\arctic_a0064(7).wav,audio64,arctic_a0064(7).wav,0064,7,-237.02504,79.388855,8.297612,18.715464,-18.169386,0.114074,-18.418053,-3.536678,-8.948191,4.210142,-18.315119,6.299835,-10.771543,193.499,20.49,0.8211,0.02949,0.50727,-1.725,0.157382,0.15077,0.094259,0.047041
data\raw\data_store\audio64\arctic_a0064.wav,audio64,arctic_a0064.wav,0064,0,-253.372726,84.519516,10.318106,25.019358,-8.361526,-0.057496,-4.379426,-3.648056,-7.767722,-7.839211,-11.443475,0.592808,-7.928641,189.536,22.271,0.9245,0.03246,0.45766,1.866,0.156202,0.149454,0.110911,0.05599
data\raw\data_store\audio65\arctic_a0065(1).wav,audio65,arctic_a0065(1).wav,0065,1,-242.863815,63.966396,1.661067,24.417421,-23.869175,8.848768,-21.753338,4.850435,-18.592916,-3.260195,-13.684283,-4.876691,-4.180653,234.948,36.729,0.9483,0.03416,0.45635,-0.254,0.171927,0.167169,0.07758,0.037025
data\raw\data_store\audio65\arctic_a0065(3).wav,audio65,arctic_a0065(3).wav,0065,3,-204.087112,77.980881,27.535084,15.04365,-5.32805,6.91161,-15.21019,-6.31066,-16.333776,-3.511485,-4.40166,-2.358374,-2.855826,205.708,20.246,0.8785,0.02793,0.36266,0.701,0.152714,0.170427,0.117965,0.050064
data\raw\data_store\audio65\arctic_a0065(4).wav,audio65,arctic_a0065(4).wav,0065,4,-209.367966,78.469398,-11.612601,23.705477,-16.233898,4.103189,-24.209665,-14.887422,-8.22447,-5.437382,-7.054247,-2.751286,-2.062641,227.111,23.318,0.9444,0.02507,0.42626,-1.825,0.15273,0.132923,0.094396,0.041119
data\raw\data_store\audio65\arctic_a0065(5).wav,audio65,arctic_a0065(5).wav,0065,5,-194.411224,58.201466,-1.878756,24.365454,-11.453151,8.618546,-13.11964,-24.92569,-11.395589,-15.405431,-12.995897,-1.704778,-12.468033,184.05,18.668,0.8113,0.02424,0.43238,-0.929,0.193924,0.174203,0.114036,0.059297
data\raw\data_store\audio65\arctic_a0065(6).wav,audio65,arctic_a0065(6).wav,0065,6,-244.990555,74.98999,-1.812092,25.159342,-18.973457,-6.069116,-27.487572,-17.111553,-21.206038,-1.338075,-13.101869,-7.025028,-4.720789,225.363,29.334,0.9099,0.03077,0.40509,-3.047,0.131932,0.15386,0.110028,0.056283
data\raw\data_store\audio65\arctic_a0065(7).wav,audio65,arctic_a0065(7).wav,0065,7,-240.346176,82.958015,3.953819,11.806167,-13.028408,7.384635,-25.032446,-5.472369,-12.205826,3.871262,-16.860405,6.638412,-10.922709,187.386,13.742,0.9375,0.02424,0.40811,-1.001,0.15047,0.145874,0.084689,0.044859
data\raw\data_store\audio65\arctic_a0065.wav,audio65,arctic_a0065.wav,0065,0,-259.420135,79.410492,9.195072,20.995077,-10.320665,5.008112,-8.890106,-7.332907,-8.404042,-6.99369,-10.610191,-0.55861,-10.724915,187.647,19.754,0.9444,0.03532,0.36507,3.734,0.159443,0.183381,0.115794,0.059912
data\raw\data_store\audio66\arctic_a0066(1).wav,audio66,arctic_a0066(1).wav,0066,1,-237.650528,70.763451,-7.363842,28.094307,-24.745256,7.560026,-11.736135,-2.017569,-18.22197,-5.870865,-14.053877,-6.220268,-4.933612,241.469,50.772,0.9718,0.04255,0.38729,-7.145,0.140632,0.124523,0.102392,0.053308
data\raw\data_store\audio66\arctic_a0066(3).wav,audio66,arctic_a0066(3).wav,0066,3,-215.884506,86.438248,26.385962,27.108849,-7.015744,3.337358,-11.558657,-9.999285,-10.677958,-1.444486,-8.660855,-3.229434,-7.024272,206.301,21.849,0.9828,0.02092,0.35895,-0.353,0.114176,0.125909,0.123883,0.047977
data\raw\data_store\audio66\arctic_a0066(4).wav,audio66,arctic_a0066(4).wav,0066,4,-216.026489,100.656105,-13.964602,9.150946,-23.294331,4.966337,-16.536741,-19.786779,-4.803142,-8.299433,-7.136083,-3.095273,-7.507876,226.365,34.169,0.9828,0.0237,0.3627,-2.691,0.143202,0.126534,0.113217,0.048957
data\raw\data_store\audio66\arctic_a0066(5).wav,audio66,arctic_a0066(5).wav,0066,5,-231.868927,73.578911,3.028134,28.843758,-11.599458,10.973759,-7.447168,-24.824167,-10.856781,-14.47483,-14.032843,-5.700005,-12.447218,186.093,24.158,0.8182,0.02563,0.38872,-0.312,0.17145,0.153047,0.089063,0.042445
data\raw\data_store\audio66\arctic_a0066(6).wav,audio66,arctic_a0066(6).wav,0066,6,-263.304016,82.262924,5.731291,29.668749,-18.608896,-7.690882,-18.735916,-24.834326,-18.581846,-4.293713,-14.017652,-11.597986,-9.530884,229.655,41.197,0.9844,0.04678,0.44837,-2.332,0.151986,0.151627,0.117463,0.054239
data\raw\data_store\audio66\arctic_a0066(7).wav,audio66,arctic_a0066(7).wav,0066,7,-241.576431,99.812828,9.812673,16.521069,-18.204855,6.768991,-12.518989,-3.52799,-14.873444,2.20557,-18.04743,-4.699577,-12.961648,188.027,23.309,0.9833,0.01681,0.36533,-3.195,0.145665,0.134784,0.123864,0.047694
data\raw\data_store\audio66\arctic_a0066.wav,audio66,arctic_a0066.wav,0066,0,-235.922546,90.133926,6.305699,19.79636,-17.348953,8.021884,-5.532726,-8.628694,-5.240053,-5.819094,-10.247375,-3.296328,-11.879534,188.131,19.558,0.9697,0.02563,0.33223,4.033,0.155612,0.169395,0.156065,0.066812
data\raw\data_store\audio67\arctic_a0067(1).wav,audio67,arctic_a0067(1).wav,0067,1,-300.552795,34.486977,1.607144,49.641926,-19.417009,2.034962,-22.156805,15.709522,-20.040138,-1.038134,-9.084321,-6.313312,1.539913,232.258,53.985,0.8675,0.04798,0.3389,-13.181,0.158073,0.162034,0.056425,0.039812
data\raw\data_store\audio67\arctic_a0067(3).wav,audio67,arctic_a0067(3).wav,0067,3,-200.729675,50.100948,25.653137,28.371002,-7.831938,-1.396356,-13.291698,-2.915519,-16.515957,-1.237755,-7.603274,-0.724152,-7.858948,200.473,52.479,0.6567,0.03955,0.31283,-11.513,0.196351,0.184522,0.097732,0.048789
data\raw\data_store\audio67\arctic_a0067(4).wav,audio67,arctic_a0067(4).wav,0067,4,-211.014969,53.000801,-9.928811,43.649578,-16.072126,-3.37265,-23.218262,-9.763521,-11.880093,-7.484541,-5.731557,-2.111406,-3.259402,215.297,38.151,0.8833,0.02742,0.33393,-10.994,0.160252,0.127226,0.10157,0.060757
data\raw\data_store\audio67\arctic_a0067(5).wav,audio67,arctic_a0067(5).wav,0067,5,-234.57753,48.054745,-15.632376,46.782063,-12.459039,-1.012505,-9.511581,-19.546616,-8.905199,-14.31942,-14.323667,-3.626928,-13.941806,197.645,35.437,0.4868,0.04605,0.36824,-9.536,0.167881,0.150784,0.076319,0.047774
data\raw\data_store\audio67\arctic_a0067(6).wav,audio67,arctic_a0067(6).wav,0067,6,-251.398605,56.684738,-12.117608,38.058186,-17.235909,-9.183885,-25.303871,-11.747345,-18.23753,-6.277161,-9.99432,-9.593502,-5.165904,251.521,45.204,0.875,0.03456,0.33884,-6.627,0.130421,0.128135,0.123438,0.083706
data\raw\data_store\audio67\arctic_a0067(7).wav,audio67,arctic_a0067(7).wav,0067,7,-213.674316,56.038189,-5.904149,40.87043,-18.745115,-1.12939,-26.749491,3.413527,-14.396233,1.543619,-16.502388,8.573428,-7.980694,188.042,19.57,0.8955,0.01897,0.22214,-2.273,0.152553,0.124357,0.113575,0.055526
data\raw\data_store\audio67\arctic_a0067.wav,audio67,arctic_a0067.wav,0067,0,-239.249924,62.018124,4.52907,38.264683,-14.004533,2.128913,-11.330282,-4.607104,-6.5097,-10.187959,-9.021822,-1.811608,-8.279438,185.315,21.211,0.8933,0.0388,0.27784,1.785,0.13905,0.154291,0.128834,0.062997
data\raw\data_store\audio68\arctic_a0068(1).wav,audio68,arctic_a0068(1).wav,0068,1,-228.763916,33.74921,-4.769673,38.085091,-28.38838,1.003386,-25.199844,11.834649,-21.257133,-4.584164,-9.320451,-0.807489,-4.521554,219.317,32.619,0.8974,0.0319,0.48113,-3.998,0.212798,0.1635,0.072049,0.038431
data\raw\data_store\audio68\arctic_a0068(3).wav,audio68,arctic_a0068(3).wav,0068,3,-183.772064,64.640366,15.482404,21.474789,-16.332705,8.320867,-9.957926,-3.793962,-7.586666,0.074566,-6.518784,-1.212013,-3.460584,209.264,17.821,0.75,0.0296,0.4463,2.37,0.160259,0.130235,0.109998,0.060537
data\raw\data_store\audio68\arctic_a0068(4).wav,audio68,arctic_a0068(4).wav,0068,4,-210.542328,70.925087,-17.264618,25.775949,-23.404953,2.848874,-12.339889,-11.410562,0.559433,-5.284368,-8.767344,-0.799228,-0.932042,212.545,28.513,0.8714,0.03206,0.4737,-1.927,0.198242,0.136645,0.090717,0.053709
data\raw\data_store\audio68\arctic_a0068(5).wav,audio68,arctic_a0068(5).wav,0068,5,-215.989975,53.880726,-19.518543,29.25038,-20.998066,6.997914,-6.260635,-24.996914,-2.132562,-7.79406,-14.922371,-0.343296,-9.619351,193.44,25.982,0.5844,0.03608,0.44375,-6.613,0.229459,0.156229,0.077107,0.053239
data\raw\data_store\audio68\arctic_a0068(6).wav,audio68,arctic_a0068(6).wav,0068,6,-203.162918,57.373375,-9.853566,34.847343,-20.698334,-10.539335,-26.518997,-11.393517,-15.525677,-5.683251,-8.915284,0.144256,-5.509771,230.686,29.739,0.8481,0.03243,0.50436,-4.463,0.210957,0.168466,0.122056,0.086186
data\raw\data_store\audio68\arctic_a0068(7).wav,audio68,arctic_a0068(7).wav,0068,7,-233.146698,68.207748,-11.424123,23.558784,-22.697069,4.487283,-21.65818,-2.796618,-3.3119,3.016619,-16.795052,11.078615,-13.086864,189.148,14.293,0.9028,0.02419,0.44592,-4.536,0.196928,0.144113,0.085946,0.05328
data\raw\data_store\audio68\arctic_a0068.wav,audio68,arctic_a0068.wav,0068,0,-240.439423,77.327385,-2.098736,23.680676,-17.489094,7.663824,-4.132417,-9.225619,-0.40702,-5.443831,-8.121931,0.464005,-9.582402,187.326,15.425,0.825,0.02384,0.39703,4.849,0.170847,0.156387,0.107014,0.070468
data\raw\data_store\audio69\arctic_a0069(1).wav,audio69,arctic_a0069(1).wav,0069,1,-188.865723,67.870918,-14.57466,40.636471,-38.64444,2.467956,-22.925491,8.20409,-20.37421,-8.238664,-15.768763,-3.659596,-9.399455,226.822,33.644,1.0,0.02748,0.40463,-3.445,0.127351,0.104091,0.103879,0.043515
data\raw\data_store\audio69\arctic_a0069(3).wav,audio69,arctic_a0069(3).wav,0069,3,-198.181137,82.665939,20.97633,36.794449,-10.617793,-3.916865,-11.3596,-3.66777,-15.703252,-3.218342,-9.182947,-0.657056,-8.659523,214.209,25.043,0.97,0.02315,0.46605,1.377,0.116114,0.1003,0.120087,0.040491
data\raw\data_store\audio69\arctic_a0069(4).wav,audio69,arctic_a0069(4).wav,0069,4,-222.502884,85.694763,-15.129004,34.931374,-18.161762,-8.501894,-18.429583,-8.050939,-6.542744,-7.461057,-11.048513,-5.294393,-3.792359,220.603,30.33,0.9625,0.02279,0.46456,-1.882,0.124563,0.087967,0.082561,0.020555
data\raw\data_store\audio69\arctic_a0069(5).wav,audio69,arctic_a0069(5).wav,0069,5,-195.549393,74.073227,-14.897609,41.403671,-15.031878,-3.888113,-10.690239,-19.437944,-6.721189,-20.864668,-16.193596,-5.257638,-11.174032,192.476,27.858,0.9451,0.02487,0.45311,-3.431,0.136859,0.094276,0.107283,0.039311
data\raw\data_store\audio69\arctic_a0069(6).wav,audio69,arctic_a0069(6).wav,0069,6,-217.305038,88.836029,-5.290512,43.890415,-24.26819,-7.736032,-22.695021,-21.082619,-20.644438,-7.044475,-13.34052,-9.270315,-7.148841,230.046,30.267,1.0,0.02593,0.48344,-0.342,0.089033,0.072247,0.146222,0.051941
data\raw\data_store\audio69\arctic_a0069(7).wav,audio69,arctic_a0069(7).wav,0069,7,-186.147079,81.955658,-1.928097,30.6113,-17.323484,-4.678127,-21.251919,2.850273,-13.163033,-3.554038,-15.375521,1.215629,-12.524588,191.993,18.97,1.0,0.0178,0.42132,0.455,0.133235,0.10439,0.142025,0.04282
data\raw\data_store\audio69\arctic_a0069.wav,audio69,arctic_a0069.wav,0069,0,-226.575272,87.067833,-1.00688,34.457081,-14.955806,-0.336647,-3.496717,-5.044494,-3.129022,-11.323822,-9.592826,-1.105139,-11.666992,189.548,18.957,0.9907,0.02534,0.41843,3.865,0.109949,0.113798,0.144467,0.056124
data\raw\data_store\audio7\arctic_a0007(1).wav,audio7,arctic_a0007(1).wav,0007,1,-218.098587,78.808235,6.902254,46.521519,-18.124247,5.184614,-19.303066,2.485889,-27.802694,-2.850894,-11.546444,-8.907325,2.87326,222.203,25.028,1.0,0.01995,0.37435,0.096,0.096947,0.107501,0.129981,0.064306
data\raw\data_store\audio7\arctic_a0007(3).wav,audio7,arctic_a0007(3).wav,0007,3,-181.03006,78.326645,11.359484,43.170929,-13.76702,-3.399038,-15.59687,-11.478385,-14.410145,-7.584556,-1.236245,-9.242225,-1.929122,216.353,49.272,0.8652,0.04457,0.38186,0.455,0.140194,0.152591,0.12597,0.060085
data\raw\data_store\audio7\arctic_a0007(4).wav,audio7,arctic_a0007(4).wav,0007,4,-225.320892,75.363472,6.733478,40.706196,-13.264185,-1.357149,-19.809891,-10.092225,-14.587286,-9.869624,-4.849902,-1.817488,1.980808,205.908,27.342,1.0,0.02339,0.42907,-2.554,0.154715,0.180236,0.0929,0.043893
data\raw\data_store\audio7\arctic_a0007(5).wav,audio7,arctic_a0007(5).wav,0007,5,-272.541443,76.248199,-7.828752,38.865204,-9.177422,0.615243,-5.378538,-23.342331,-9.744078,-16.03507,-15.364674,-0.005552,-12.503575,176.879,25.54,0.9157,0.02879,0.40889,-3.505,0.160484,0.166692,0.05456,0.034903
data\raw\data_store\audio7\arctic_a0007(6).wav,audio7,arctic_a0007(6).wav,0007,6,-248.666962,92.673615,-0.387619,44.082035,-21.014652,-5.169485,-33.403664,-18.66634,-20.13674,-8.108349,-11.587445,-10.079065,-3.770508,223.35,24.159,1.0,0.01912,0.48788,2.887,0.101763,0.136954,0.11227,0.04436
data\raw\data_store\audio7\arctic_a0007(7).wav,audio7,arctic_a0007(7).wav,0007,7,-209.528488,83.874535,9.683311,31.226206,-21.020206,-1.06813,-21.100348,-3.131455,-14.462785,-4.375597,-12.70437,3.551739,-11.54811,195.282,16.554,0.9762,0.02314,0.37286,1.405,0.133112,0.154137,0.135781,0.062285
data\raw\data_store\audio7\arctic_a0007.wav,audio7,arctic_a0007.wav,0007,0,-237.443054,78.733665,17.74996,36.134048,-12.923308,1.493463,-7.499823,-8.398151,-11.806005,-9.908505,-10.022797,-2.107087,-10.274483,188.545,15.03,1.0,0.02983,0.36463,6.589,0.144791,0.177019,0.136665,0.063038
data\raw\data_store\audio70\arctic_a0070(1).wav,audio70,arctic_a0070(1).wav,0070,1,-267.89093,62.735126,-3.657645,32.784245,-16.517384,3.1389,-18.753468,11.44604,-14.387507,-0.739164,-9.390872,-2.736883,-3.929852,234.811,48.238,0.7768,0.03557,0.51991,-1.35,0.13397,0.159223,0.068984,0.047804
data\raw\data_store\audio70\arctic_a0070(3).wav,audio70,arctic_a0070(3).wav,0070,3,-189.019104,80.149094,14.940231,35.196426,-2.521722,-2.886636,-15.887317,-1.490765,-14.196132,-5.24411,-6.461604,-0.467106,-6.623815,204.094,21.432,0.9222,0.02637,0.5103,0.99,0.120674,0.13129,0.122708,0.056471
data\raw\data_store\audio70\arctic_a0070(4).wav,audio70,arctic_a0070(4).wav,0070,4,-203.615128,93.470222,-11.802047,39.582329,-6.258316,2.50121,-23.979778,-1.705116,1.662491,-4.573666,-2.143583,1.783314,0.996147,211.467,24.064,0.8817,0.03399,0.54175,-1.607,0.127946,0.11716,0.099362,0.053501
data\raw\data_store\audio70\arctic_a0070(5).wav,audio70,arctic_a0070(5).wav,0070,5,-227.133255,72.543175,-21.681616,36.715603,-7.579534,-0.954235,-18.587351,-21.074261,-3.244972,-19.193893,-12.303389,-4.75948,-10.295888,196.419,32.566,0.9048,0.03066,0.61484,-9.13,0.168811,0.151819,0.076228,0.044991
data\raw\data_store\audio70\arctic_a0070(6).wav,audio70,arctic_a0070(6).wav,0070,6,-228.895432,81.198418,-10.114933,33.133045,-12.753956,-7.184801,-26.097519,-13.315216,-18.848022,-7.635236,-9.106467,-6.039827,-5.693781,233.886,37.045,0.9167,0.0337,0.50555,-4.928,0.125536,0.131855,0.125919,0.070225
data\raw\data_store\audio70\arctic_a0070(7).wav,audio70,arctic_a0070(7).wav,0070,7,-209.167038,83.341728,-11.700048,26.983002,-11.793746,-3.335151,-26.819752,2.370859,-8.198672,-2.980136,-16.923521,5.680994,-10.991431,193.393,21.302,0.9545,0.01735,0.46704,-3.856,0.15514,0.136654,0.116352,0.052482
data\raw\data_store\audio70\arctic_a0070.wav,audio70,arctic_a0070.wav,0070,0,-240.866791,93.278748,8.141881,28.060156,-4.703809,3.706792,-11.687546,-1.679195,-3.912599,-10.550761,-7.295954,1.174954,-10.116333,181.386,17.859,0.932,0.02482,0.43291,5.424,0.126011,0.136857,0.135603,0.061256
data\raw\data_store\audio71\arctic_a0071(1).wav,audio71,arctic_a0071(1).wav,0071,1,-233.046829,65.456001,2.543471,44.744205,-19.574017,2.988582,-24.896845,5.861515,-22.975279,-4.815615,-10.870641,-4.589918,-2.284372,231.76,38.705,0.961,0.03644,0.56511,-5.009,0.14318,0.106754,0.083295,0.036084
data\raw\data_store\audio71\arctic_a0071(3).wav,audio71,arctic_a0071(3).wav,0071,3,-223.929169,80.046982,32.682266,26.62052,-7.39404,1.299209,-13.164316,-6.981607,-17.572405,-3.587721,-6.125076,-3.488187,-5.483935,204.403,22.678,0.9726,0.01977,0.46532,1.216,0.129147,0.13968,0.110575,0.035829
data\raw\data_store\audio71\arctic_a0071(4).wav,audio71,arctic_a0071(4).wav,0071,4,-229.885376,82.585999,-1.546487,28.197407,-25.987984,4.990397,-26.715399,-16.244652,-7.535921,-4.930277,-11.164029,-1.857213,-4.276559,234.608,44.893,0.9714,0.03219,0.59542,-6.537,0.183202,0.138395,0.077113,0.033108
data\raw\data_store\audio71\arctic_a0071(5).wav,audio71,arctic_a0071(5).wav,0071,5,-244.741302,65.600975,-4.097978,24.702814,-22.266581,3.737577,-10.23265,-26.404747,-10.501392,-12.457695,-14.08364,-4.195259,-9.498005,197.883,37.977,0.8971,0.02725,0.63007,-6.771,0.19149,0.159912,0.063816,0.034378
data\raw\data_store\audio71\arctic_a0071(6).wav,audio71,arctic_a0071(6).wav,0071,6,-225.43718,80.809082,0.819147,32.349705,-17.916073,-9.875662,-21.027132,-15.66144,-20.612732,-7.015559,-10.952614,-4.799097,-10.146931,231.82,39.088,0.9744,0.04247,0.6378,-5.071,0.154891,0.130996,0.113555,0.056436
data\raw\data_store\audio71\arctic_a0071(7).wav,audio71,arctic_a0071(7).wav,0071,7,-235.034195,86.47644,5.366552,24.583706,-21.124531,-3.100811,-22.125746,-4.101576,-12.03791,0.523572,-15.438532,3.773127,-7.598618,186.363,14.651,1.0,0.01389,0.47358,-0.929,0.130067,0.127912,0.095766,0.039493
data\raw\data_store\audio71\arctic_a0071.wav,audio71,arctic_a0071.wav,0071,0,-265.650726,81.811882,23.734257,26.244846,-13.251274,-2.011627,-9.387438,-7.734901,-12.893745,-6.547382,-11.546248,-2.60722,-8.998509,187.005,19.621,1.0,0.02341,0.38143,3.292,0.122943,0.155543,0.117118,0.043108
data\raw\data_store\audio72\arctic_a0072(1).wav,audio72,arctic_a0072(1).wav,0072,1,-259.158844,74.040535,-16.593525,28.061678,-30.470102,10.299761,-25.714006,6.18779,-14.009109,-5.338028,-13.57556,-8.046447,-3.356564,256.839,42.882,0.9231,0.04225,0.43009,-3.675,0.105428,0.080502,0.084223,0.041066
data\raw\data_store\audio72\arctic_a0072(3).wav,audio72,arctic_a0072(3).wav,0072,3,-221.150879,103.111931,16.978233,13.19966,-9.58852,6.162879,-14.78334,-12.257736,-11.520435,-3.98288,-4.485134,-13.789382,4.210892,210.946,27.528,1.0,0.0284,0.36146,-0.99,0.066357,0.048149,0.127815,0.048284
data\raw\data_store\audio72\arctic_a0072(4).wav,audio72,arctic_a0072(4).wav,0072,4,-215.983826,102.18486,-12.005507,22.062775,-23.279963,8.199876,-27.017229,-10.907346,-3.997207,-1.234835,-7.114106,-8.254573,3.461246,244.968,26.929,0.8864,0.01801,0.34206,1.979,0.095117,0.080476,0.115496,0.035448
data\raw\data_store\audio72\arctic_a0072(5).wav,audio72,arctic_a0072(5).wav,0072,5,-241.696564,77.571404,-6.344493,15.848877,-23.540468,3.490287,-6.841356,-35.581848,-10.739054,-11.824249,-15.965762,-0.685231,-16.395576,209.48,40.188,0.8605,0.02777,0.51316,-40.0,0.164801,0.163108,0.077983,0.031612
data\raw\data_store\audio72\arctic_a0072(6).wav,audio72,arctic_a0072(6).wav,0072,6,-226.874161,90.700943,3.876333,27.473238,-19.332321,-3.62033,-22.228634,-21.957079,-16.420109,-8.627798,-15.198435,-10.112862,-5.098372,263.097,50.248,0.9649,0.04039,0.36563,-0.711,0.056263,0.023565,0.189613,0.079558
data\raw\data_store\audio72\arctic_a0072(7).wav,audio72,arctic_a0072(7).wav,0072,7,-224.383621,95.730766,-0.11266,15.634205,-26.125593,7.78465,-24.09767,-7.426334,-9.037896,-1.948806,-16.452583,6.50445,-7.759641,198.394,20.733,1.0,0.02164,0.36015,-0.976,0.09495,0.08328,0.131233,0.046279
data\raw\data_store\audio72\arctic_a0072.wav,audio72,arctic_a0072.wav,0072,0,-242.494446,104.942642,7.089492,17.192162,-16.694912,5.90198,-9.511177,-12.106009,-7.468753,-7.736621,-7.366635,-4.781012,-3.886916,190.57,20.784,0.9818,0.02393,0.3392,2.784,0.113358,0.137737,0.172791,0.077303
data\raw\data_store\audio73\arctic_a0073(1).wav,audio73,arctic_a0073(1).wav,0073,1,-290.694977,63.332565,-4.887496,37.481907,-17.543308,4.860168,-19.014727,8.876012,-13.17709,-2.480906,-12.015629,-2.371133,-2.419259,232.009,39.507,0.8759,0.03437,0.47153,-2.102,0.136407,0.13654,0.052616,0.031996
data\raw\data_store\audio73\arctic_a0073(3).wav,audio73,arctic_a0073(3).wav,0073,3,-221.613556,97.797295,18.427149,23.778656,-2.594617,-6.509108,-13.341978,-11.100256,-13.119234,0.354949,-11.854218,-3.237058,-7.168379,217.487,24.132,0.9048,0.03359,0.51989,-0.759,0.099208,0.083233,0.103392,0.048808
data\raw\data_store\audio73\arctic_a0073(4).wav,audio73,arctic_a0073(4).wav,0073,4,-209.456757,104.851753,-14.495207,22.507195,-12.948784,-3.158796,-23.67519,-9.966113,-7.131218,-4.547966,-7.635005,-7.882465,-0.223297,224.36,32.027,0.951,0.02215,0.47345,-2.494,0.07959,0.055083,0.119858,0.050909
data\raw\data_store\audio73\arctic_a0073(5).wav,audio73,arctic_a0073(5).wav,0073,5,-277.320892,77.8974,-16.560974,26.408113,-13.699598,1.984261,-9.195601,-24.204542,-5.274734,-13.886136,-14.557096,-8.083525,-12.938436,186.864,36.447,0.9346,0.03696,0.49261,-0.526,0.11888,0.089293,0.047418,0.032341
data\raw\data_store\audio73\arctic_a0073(6).wav,audio73,arctic_a0073(6).wav,0073,6,-238.780777,84.101166,-11.573182,31.985647,-14.471188,-6.086912,-25.493933,-15.245543,-14.653629,-2.381269,-13.503741,-6.779757,-5.642418,226.773,36.496,0.9621,0.03306,0.46604,-3.992,0.091137,0.07177,0.1246,0.066848
data\raw\data_store\audio73\arctic_a0073(7).wav,audio73,arctic_a0073(7).wav,0073,7,-207.672394,101.651497,-7.124047,23.938662,-11.150684,-1.371209,-19.146358,-5.263201,-9.42896,5.258839,-21.067856,3.627624,-7.283631,187.829,18.753,1.0,0.01488,0.4033,-0.078,0.070858,0.032495,0.128202,0.046986
data\raw\data_store\audio73\arctic_a0073.wav,audio73,arctic_a0073.wav,0073,0,-230.160309,94.613014,-2.283819,28.576092,-11.257361,3.138588,-12.019045,-8.906072,-2.944391,-8.531925,-10.536456,-2.473699,-9.713719,186.722,18.657,0.9915,0.02258,0.40039,3.127,0.094446,0.101601,0.131464,0.054311
data\raw\data_store\audio74\arctic_a0074(1).wav,audio74,arctic_a0074(1).wav,0074,1,-245.538574,76.475677,-10.459925,27.93844,-29.566294,9.3231,-15.551761,9.020077,-16.119743,-2.311297,-12.018751,-6.036161,-9.320212,226.388,50.682,0.98,0.04204,0.31665,-0.787,0.086558,0.076235,0.082845,0.03869
data\raw\data_store\audio74\arctic_a0074(3).wav,audio74,arctic_a0074(3).wav,0074,3,-225.928391,98.106796,7.015792,26.758989,-8.606916,-3.150367,-14.410378,-2.073579,-12.985946,-4.606491,-9.832666,-4.572448,-5.813623,210.601,19.71,0.9667,0.01953,0.26274,2.073,0.058457,0.040651,0.103024,0.043056
data\raw\data_store\audio74\arctic_a0074(4).wav,audio74,arctic_a0074(4).wav,0074,4,-232.298523,101.684372,-21.416822,40.363228,-13.457218,-2.544243,-16.523649,-5.228631,-2.311615,-4.173859,-7.23961,-0.749175,1.115372,212.054,16.524,0.8427,0.0156,0.25995,6.677,0.07284,0.051587,0.122207,0.064899
data\raw\data_store\audio74\arctic_a0074(5).wav,audio74,arctic_a0074(5).wav,0074,5,-279.361969,81.184242,-32.453682,34.859291,-13.80598,-0.686099,-4.520202,-14.920215,-0.72185,-12.650437,-17.879869,-3.158664,-14.64686,177.703,23.765,0.8713,0.03163,0.28153,-1.995,0.100193,0.052617,0.066014,0.043259
data\raw\data_store\audio74\arctic_a0074(6).wav,audio74,arctic_a0074(6).wav,0074,6,-269.881195,86.079887,-6.998574,40.844093,-20.279194,-1.067653,-15.980522,-13.394492,-18.484644,-7.89347,-10.52459,-9.113325,-7.964989,198.584,23.371,0.9604,0.02956,0.28069,3.546,0.064826,0.03575,0.109773,0.062079
data\raw\data_store\audio74\arctic_a0074(7).wav,audio74,arctic_a0074(7).wav,0074,7,-219.082336,96.074516,-16.862003,23.871531,-15.831619,4.880192,-13.496244,7.053247,-5.585173,0.894179,-19.077604,1.961144,-16.780977,183.933,13.54,0.967,0.0119,0.20444,5.363,0.072507,0.040583,0.145511,0.054135
data\raw\data_store\audio74\arctic_a0074.wav,audio74,arctic_a0074.wav,0074,0,-262.13327,106.714684,-15.013726,30.144426,-11.674075,-3.346823,-5.780166,-3.594234,-3.667636,-12.017472,-8.996254,-9.407477,-13.368957,178.827,16.202,1.0,0.01637,0.21506,6.428,0.046119,0.028565,0.15428,0.070829
data\raw\data_store\audio75\arctic_a0075(1).wav,audio75,arctic_a0075(1).wav,0075,1,-285.361115,42.196182,17.867701,44.679356,-26.644135,10.181453,-13.266298,11.399261,-23.238605,-4.310481,-11.842454,-1.344355,-4.959723,233.737,29.256,0.8434,0.03381,0.48654,-3.201,0.16376,0.14774,0.05875,0.031993
data\raw\data_store\audio75\arctic_a0075(3).wav,audio75,arctic_a0075(3).wav,0075,3,-222.615997,65.117538,29.066517,44.212612,-20.539656,-4.8881,-10.872388,-6.238012,-13.689795,-6.133774,-8.857841,-1.3745,-6.273949,217.466,29.142,0.9091,0.03984,0.41867,-5.613,0.125488,0.121557,0.088096,0.045608
data\raw\data_store\audio75\arctic_a0075(4).wav,audio75,arctic_a0075(4).wav,0075,4,-207.838394,72.020172,-10.565655,54.096298,-23.176687,-6.413789,-20.383362,-6.93003,-4.746089,-6.774047,-7.505998,-0.723538,-1.033751,211.851,26.981,0.8657,0.02333,0.47161,-2.589,0.139788,0.101943,0.105046,0.043408
data\raw\data_store\audio75\arctic_a0075(5).wav,audio75,arctic_a0075(5).wav,0075,5,-211.180618,58.384888,-11.371591,59.03558,-17.133787,-3.068609,-7.220403,-21.610775,-9.728605,-20.085379,-14.71181,-3.134099,-12.970986,181.485,28.191,0.6667,0.03357,0.50932,-9.577,0.158753,0.10536,0.093056,0.047167
data\raw\data_store\audio75\arctic_a0075(6).wav,audio75,arctic_a0075(6).wav,0075,6,-234.25502,70.446526,-0.574282,56.40897,-24.058958,-8.728522,-18.975494,-13.449456,-20.935543,-7.602747,-10.308994,-5.622783,-5.583456,213.507,29.926,0.8961,0.04767,0.41773,-3.217,0.114097,0.115368,0.113179,0.064273
data\raw\data_store\audio75\arctic_a0075(7).wav,audio75,arctic_a0075(7).wav,0075,7,-219.57869,75.982666,15.118686,38.653603,-22.419563,0.639877,-15.232432,-1.31867,-13.300878,1.171783,-15.839004,4.654894,-10.579341,185.928,18.551,0.9,0.0282,0.40582,1.239,0.151841,0.12887,0.111591,0.050939
data\raw\data_store\audio75\arctic_a0075.wav,audio75,arctic_a0075.wav,0075,0,-256.357025,62.761368,16.08769,49.405743,-21.226351,-0.266619,-3.846459,-3.002996,-6.843443,-10.093555,-7.784167,-0.628451,-11.590632,182.768,21.274,0.9615,0.03161,0.37115,2.297,0.138415,0.137208,0.109763,0.055323
data\raw\data_store\audio76\arctic_a0076(1).wav,audio76,arctic_a0076(1).wav,0076,1,-264.040344,53.927731,4.229969,37.343899,-17.064384,4.497831,-15.139126,8.151763,-12.685904,0.581629,-10.072008,0.686533,-2.6259,221.199,32.641,0.8019,0.04587,0.50431,-3.64,0.15929,0.175358,0.074248,0.046771
data\raw\data_store\audio76\arctic_a0076(3).wav,audio76,arctic_a0076(3).wav,0076,3,-230.435349,78.060928,18.852451,26.213266,-12.202307,0.963067,-14.230612,-0.595388,-15.864434,-3.428522,-6.275549,0.65004,-4.618714,206.223,16.927,0.8701,0.02644,0.39173,-1.079,0.121903,0.126507,0.08621,0.051553
data\raw\data_store\audio76\arctic_a0076(4).wav,audio76,arctic_a0076(4).wav,0076,4,-219.54718,86.181854,-0.227504,37.517624,-20.110296,2.608442,-20.84774,1.121012,-5.369267,-1.687707,-3.270266,0.348497,1.253288,215.957,26.309,0.6533,0.02533,0.52988,-3.154,0.131451,0.127025,0.090096,0.052317
data\raw\data_store\audio76\arctic_a0076(5).wav,audio76,arctic_a0076(5).wav,0076,5,-274.696259,55.112652,-6.470666,33.993168,-18.117096,6.314704,-8.437485,-16.933567,-5.429557,-10.062497,-11.474665,-1.188316,-7.646636,192.865,28.416,0.7625,0.03785,0.55738,-7.841,0.176077,0.126499,0.062351,0.049882
data\raw\data_store\audio76\arctic_a0076(6).wav,audio76,arctic_a0076(6).wav,0076,6,-266.482086,75.362785,-0.933485,36.064274,-15.604258,-4.402147,-20.634037,-9.905555,-15.875346,-3.968794,-8.551354,-4.328165,-3.952787,205.039,27.674,0.8925,0.04575,0.4466,-8.058,0.131507,0.140031,0.103844,0.074299
data\raw\data_store\audio76\arctic_a0076(7).wav,audio76,arctic_a0076(7).wav,0076,7,-240.215134,74.243729,-0.306964,20.305199,-14.562164,0.439417,-20.125116,-0.111324,-10.130229,1.712367,-18.070726,9.572408,-10.57842,191.567,15.699,0.9079,0.01888,0.46696,-2.041,0.161913,0.149055,0.093615,0.060107
data\raw\data_store\audio76\arctic_a0076.wav,audio76,arctic_a0076.wav,0076,0,-236.241913,75.802307,1.271733,31.071068,-15.048547,-0.258494,-5.780852,-5.311894,-3.859975,-9.7957,-9.194849,2.239588,-8.460544,180.781,19.38,0.9647,0.0343,0.36924,1.833,0.14159,0.138456,0.123679,0.062563
data\raw\data_store\audio77\arctic_a0077(1).wav,audio77,arctic_a0077(1).wav,0077,1,-240.916809,46.220196,3.890593,36.941109,-19.261925,3.722226,-11.50441,12.509506,-16.686945,4.645163,-12.078183,1.484143,-7.257996,219.696,43.434,0.814,0.04684,0.46449,-40.0,0.175763,0.14686,0.082702,0.064144
data\raw\data_store\audio77\arctic_a0077(3).wav,audio77,arctic_a0077(3).wav,0077,3,-227.281967,66.577934,19.789549,30.089005,-9.355293,-3.451298,-13.024227,0.446444,-17.438976,-3.461843,-5.614889,-2.821938,-5.674624,208.986,21.274,0.7536,0.04147,0.46835,-4.364,0.163071,0.152384,0.085811,0.055526
data\raw\data_store\audio77\arctic_a0077(4).wav,audio77,arctic_a0077(4).wav,0077,4,-242.572098,80.658188,-4.23535,36.833866,-12.494519,-2.038902,-23.357162,-3.9809,-6.253784,-8.671764,-3.933926,0.351378,-4.494036,215.354,25.076,0.9677,0.03603,0.53543,-5.804,0.180218,0.15049,0.078807,0.04557
data\raw\data_store\audio77\arctic_a0077(5).wav,audio77,arctic_a0077(5).wav,0077,5,-226.843918,64.71357,-12.436323,33.980289,-12.893065,-2.841076,-10.187085,-20.399052,-3.522661,-13.914423,-14.516363,-3.101653,-11.596188,188.765,22.425,0.5362,0.02628,0.56108,-7.619,0.20773,0.164622,0.076725,0.056241
data\raw\data_store\audio77\arctic_a0077(6).wav,audio77,arctic_a0077(6).wav,0077,6,-262.82843,75.359154,1.671693,27.835707,-21.583153,-6.811494,-15.672352,-8.698197,-17.564039,-4.749452,-7.576954,-5.995528,-6.820465,209.129,35.235,0.8904,0.05551,0.53491,-10.237,0.155358,0.138633,0.104352,0.077653
data\raw\data_store\audio77\arctic_a0077(7).wav,audio77,arctic_a0077(7).wav,0077,7,-242.817032,75.866806,-6.229321,29.479822,-18.86747,-2.513084,-21.971464,5.967954,-7.319099,2.405763,-15.840585,5.963809,-10.102867,188.859,17.844,0.9265,0.04044,0.49458,-3.319,0.177452,0.154669,0.080066,0.051042
data\raw\data_store\audio77\arctic_a0077.wav,audio77,arctic_a0077.wav,0077,0,-239.965286,76.216225,6.928505,28.354471,-13.129978,-0.616559,-13.349238,-2.679789,-5.956043,-11.438054,-9.481728,0.182999,-11.08782,181.145,20.33,0.9429,0.03592,0.41421,-3.142,0.175478,0.16974,0.098418,0.056547
data\raw\data_store\audio78\arctic_a0078(1).wav,audio78,arctic_a0078(1).wav,0078,1,-295.822845,79.170334,-10.193586,31.450018,-18.422335,3.304005,-11.777871,11.902277,-8.623484,-1.703568,-13.540117,-3.376495,-8.726143,227.632,43.085,0.8317,0.05583,0.54245,-4.03,0.101769,0.088161,0.052469,0.03485
data\raw\data_store\audio78\arctic_a0078(3).wav,audio78,arctic_a0078(3).wav,0078,3,-232.110458,98.422874,5.436383,27.9044,-11.644522,-4.821915,-15.381155,1.645736,-9.170581,-6.067184,-8.797297,-2.961994,-3.439482,203.05,18.197,0.9294,0.03006,0.45152,-2.214,0.095504,0.082037,0.077025,0.04243
data\raw\data_store\audio78\arctic_a0078(4).wav,audio78,arctic_a0078(4).wav,0078,4,-227.694687,98.856789,-19.673452,39.2677,-16.668505,-4.516462,-24.036226,-4.597212,0.851538,-5.487945,-8.711361,-2.045862,-3.604485,227.824,25.134,0.9494,0.02218,0.50256,1.159,0.112311,0.101534,0.104944,0.047622
data\raw\data_store\audio78\arctic_a0078(5).wav,audio78,arctic_a0078(5).wav,0078,5,-287.207184,78.978691,-18.02424,35.363869,-12.050175,-2.066233,-9.466126,-12.323117,2.401244,-11.227665,-14.075775,-4.033114,-9.871442,182.177,23.136,0.6947,0.03947,0.6025,-5.167,0.142771,0.115898,0.060893,0.046788
data\raw\data_store\audio78\arctic_a0078(6).wav,audio78,arctic_a0078(6).wav,0078,6,-266.935577,94.061607,-2.092698,26.624359,-17.182537,-7.747274,-16.070251,-10.514112,-13.859337,-5.42029,-11.178632,-6.518597,-6.121851,210.802,26.306,0.9785,0.05672,0.50096,-8.682,0.110856,0.112159,0.097328,0.064905
data\raw\data_store\audio78\arctic_a0078(7).wav,audio78,arctic_a0078(7).wav,0078,7,-232.554565,92.496109,-10.154066,23.298025,-11.586131,-5.110194,-17.900602,4.348069,-2.226803,-3.340098,-18.973169,3.672329,-14.61953,194.403,21.756,0.9643,0.02875,0.46695,2.399,0.127704,0.12705,0.108188,0.053323
data\raw\data_store\audio78\arctic_a0078.wav,audio78,arctic_a0078.wav,0078,0,-224.158936,105.135269,-7.933215,21.717625,-12.724195,-0.831129,-10.356194,-2.695853,0.976744,-8.939359,-10.622961,-0.51514,-12.207371,178.909,17.939,0.9451,0.02791,0.4404,2.515,0.125791,0.14245,0.115254,0.062481
data\raw\data_store\audio79\arctic_a0079(1).wav,audio79,arctic_a0079(1).wav,0079,1,-223.381836,64.609283,-4.713132,30.197157,-22.573627,6.939945,-24.953148,8.111147,-17.331194,-4.868819,-13.799899,-3.06833,-5.638283,212.702,31.673,0.9773,0.05003,0.51178,-8.057,0.164526,0.132045,0.087984,0.041331
data\raw\data_store\audio79\arctic_a0079(3).wav,audio79,arctic_a0079(3).wav,0079,3,-188.274078,89.041908,14.520899,29.306238,-11.327946,2.42857,-13.662578,-6.534887,-17.661026,-7.648043,-2.510195,-4.011591,-5.735602,200.008,12.841,0.913,0.01497,0.36825,5.769,0.104934,0.101652,0.14957,0.043026
data\raw\data_store\audio79\arctic_a0079(4).wav,audio79,arctic_a0079(4).wav,0079,4,-202.993027,96.397507,-15.805216,23.618177,-20.163025,3.247267,-22.848885,-10.650681,-8.268276,-7.646446,-8.914665,-2.004555,0.137847,213.803,27.467,0.9429,0.03685,0.40901,-2.305,0.101421,0.070426,0.1262,0.04923
data\raw\data_store\audio79\arctic_a0079(5).wav,audio79,arctic_a0079(5).wav,0079,5,-207.989319,76.912178,-17.221401,40.545391,-19.662502,0.538539,-7.590415,-26.3346,-8.762074,-20.805973,-11.45985,-3.119376,-10.169858,177.069,17.2,0.9211,0.02855,0.46226,-5.983,0.128533,0.090793,0.10261,0.044762
data\raw\data_store\audio79\arctic_a0079(6).wav,audio79,arctic_a0079(6).wav,0079,6,-214.805801,88.338882,-17.468395,34.610283,-15.468143,-4.150845,-26.929546,-17.398544,-14.236225,-8.096726,-12.083442,-6.586466,-6.210509,226.387,31.575,0.9778,0.03447,0.37471,-7.563,0.07435,0.061194,0.165844,0.069036
data\raw\data_store\audio79\arctic_a0079(7).wav,audio79,arctic_a0079(7).wav,0079,7,-217.510941,89.394577,-6.443409,25.121767,-24.166277,5.788376,-18.371265,1.96515,-16.486656,2.930578,-10.236102,1.068423,-9.19298,186.783,11.817,0.9302,0.01785,0.36556,6.73,0.098883,0.075625,0.117531,0.048136
data\raw\data_store\audio79\arctic_a0079.wav,audio79,arctic_a0079.wav,0079,0,-241.955429,91.873253,-3.39424,26.226274,-17.463518,3.946554,-6.631364,-7.648311,-7.615252,-9.271633,-5.946425,-0.436102,-8.966314,188.888,18.711,0.9778,0.01958,0.31911,5.3,0.069919,0.072631,0.165916,0.059902
data\raw\data_store\audio8\arctic_a0008(1).wav,audio8,arctic_a0008(1).wav,0008,1,-251.679321,62.924503,8.218776,44.476547,-21.134302,5.503942,-15.570552,6.234335,-20.554893,-2.946369,-10.553919,-3.929011,-2.44491,237.85,34.958,0.9867,0.03171,0.45312,2.204,0.124856,0.143665,0.0946,0.052961
data\raw\data_store\audio8\arctic_a0008(3).wav,audio8,arctic_a0008(3).wav,0008,3,-182.373093,75.991486,-5.028997,38.913746,-18.403011,-3.713116,-16.749716,-7.293936,-9.18049,-3.997591,-6.168751,-8.325222,-2.827447,225.213,21.517,0.9848,0.02091,0.29351,0.777,0.109312,0.082386,0.130154,0.045801
data\raw\data_store\audio8\arctic_a0008(4).wav,audio8,arctic_a0008(4).wav,0008,4,-208.49501,84.671822,-24.838167,32.002048,-17.614487,-1.381916,-17.320765,-5.432622,-7.198649,-2.651976,-8.062791,0.29026,-0.584535,209.926,24.787,0.9655,0.03171,0.41862,-1.511,0.148682,0.125064,0.086106,0.039723
data\raw\data_store\audio8\arctic_a0008(5).wav,audio8,arctic_a0008(5).wav,0008,5,-272.270721,79.38958,-20.498222,43.606812,-11.449355,1.081456,-7.544908,-14.672619,-7.083035,-11.014659,-12.716888,-0.064947,-11.506875,171.423,17.492,1.0,0.03245,0.39989,-6.6,0.126962,0.088354,0.049089,0.030487
data\raw\data_store\audio8\arctic_a0008(6).wav,audio8,arctic_a0008(6).wav,0008,6,-262.3349,88.648994,-16.086983,38.541435,-20.889549,-13.237769,-34.075466,-5.379659,-17.313168,-6.35547,-8.793213,-9.134162,-0.464968,219.84,24.533,0.9848,0.03191,0.44446,-0.237,0.102468,0.091236,0.096174,0.052728
data\raw\data_store\audio8\arctic_a0008(7).wav,audio8,arctic_a0008(7).wav,0008,7,-244.615799,81.234337,-10.192175,34.088646,-26.061882,4.441031,-20.785208,1.651184,-7.354236,-2.773911,-20.664684,6.202872,-17.01436,191.589,11.728,1.0,0.02521,0.36417,2.925,0.111025,0.091884,0.078186,0.026163
data\raw\data_store\audio8\arctic_a0008.wav,audio8,arctic_a0008.wav,0008,0,-226.279373,85.289375,-5.423151,28.007298,-15.47489,-1.814994,-5.638312,-3.363127,-4.907053,-8.399283,-14.807748,-1.588878,-12.139716,188.993,17.126,0.9859,0.02598,0.2907,4.302,0.111,0.122819,0.134066,0.050424
data\raw\data_store\audio80\arctic_a0080(1).wav,audio80,arctic_a0080(1).wav,0080,1,-256.998627,50.578072,10.397429,45.176132,-23.085314,4.236536,-15.158106,8.417129,-20.120298,-3.118518,-9.913642,-7.310882,-4.991783,236.52,31.426,0.8727,0.04202,0.45224,0.6,0.140165,0.115838,0.106714,0.069009
data\raw\data_store\audio80\arctic_a0080(3).wav,audio80,arctic_a0080(3).wav,0080,3,-227.595795,85.130074,19.190956,37.273762,-15.67337,-2.128887,-11.814917,-4.466664,-14.316812,-3.11134,-5.071013,-2.768343,-4.187672,201.872,19.284,0.9318,0.01651,0.49986,2.245,0.08927,0.073244,0.106489,0.052559
data\raw\data_store\audio80\arctic_a0080(4).wav,audio80,arctic_a0080(4).wav,0080,4,-218.58696,97.551964,-13.004211,29.325842,-11.261909,-1.406471,-20.069534,-12.879952,-3.824826,0.252252,-8.592173,-1.737692,-0.067695,213.901,24.666,0.9737,0.02049,0.45591,-0.262,0.131908,0.101195,0.105193,0.048415
data\raw\data_store\audio80\arctic_a0080(5).wav,audio80,arctic_a0080(5).wav,0080,5,-233.870346,69.393463,-8.84386,39.007523,-22.199562,4.881546,-9.339197,-21.592424,-5.649289,-12.889881,-14.100799,-3.893369,-11.6671,182.992,25.791,0.9091,0.04529,0.44939,-2.973,0.15625,0.112236,0.096336,0.056001
data\raw\data_store\audio80\arctic_a0080(6).wav,audio80,arctic_a0080(6).wav,0080,6,-217.857071,77.698769,-0.854006,46.183762,-20.219505,-10.675776,-25.102167,-17.340775,-22.438341,-11.319151,-8.646028,-11.399446,-8.105138,242.355,36.873,1.0,0.0565,0.48665,0.017,0.126478,0.11505,0.171202,0.069821
data\raw\data_store\audio80\arctic_a0080(7).wav,audio80,arctic_a0080(7).wav,0080,7,-250.552124,84.785408,7.291685,35.571934,-21.076195,3.36678,-10.50066,-1.788679,-9.005179,-0.979034,-15.192128,1.690506,-10.528424,187.235,16.989,0.9792,0.02198,0.35539,3.257,0.123535,0.112186,0.12193,0.053261
data\raw\data_store\audio80\arctic_a0080.wav,audio80,arctic_a0080.wav,0080,0,-276.9086,70.341675,11.500961,42.405716,-16.188604,4.46122,-6.676902,-8.750546,-6.881459,-9.330304,-6.937057,-0.117106,-9.638323,187.995,19.224,0.9423,0.02099,0.35174,7.528,0.133769,0.120854,0.122635,0.063875
data\raw\data_store\audio81\arctic_a0081(1).wav,audio81,arctic_a0081(1).wav,0081,1,-179.826355,88.191986,-20.276323,34.377113,-30.038765,10.013783,-22.270115,3.356233,-16.790854,-3.821862,-9.935071,-8.298687,-4.513721,226.054,37.502,1.0,0.03837,0.52407,-3.3,0.102334,0.101472,0.137246,0.035589
data\raw\data_store\audio81\arctic_a0081(3).wav,audio81,arctic_a0081(3).wav,0081,3,-201.091354,86.914375,9.722479,24.706385,-12.415124,7.768562,-14.17952,-7.834535,-12.491425,-2.530571,-6.830024,-3.624508,-3.170123,204.131,13.608,0.8333,0.01738,0.52833,2.194,0.116917,0.125578,0.103906,0.03925
data\raw\data_store\audio81\arctic_a0081(4).wav,audio81,arctic_a0081(4).wav,0081,4,-190.668762,96.818901,-20.159126,21.580141,-19.129887,5.300467,-20.221163,-14.530147,-9.361124,-5.16076,-6.505986,-8.297342,-3.330736,235.856,39.561,0.9455,0.02994,0.50921,-0.675,0.118528,0.096443,0.131885,0.045822
data\raw\data_store\audio81\arctic_a0081(5).wav,audio81,arctic_a0081(5).wav,0081,5,-195.91156,81.687088,-35.96212,24.896807,-23.640934,5.096489,-9.471018,-30.053551,-5.538579,-10.046653,-15.890121,-7.462084,-12.965033,197.915,33.846,0.9038,0.03416,0.50716,-8.719,0.135081,0.097487,0.090434,0.038383
data\raw\data_store\audio81\arctic_a0081(6).wav,audio81,arctic_a0081(6).wav,0081,6,-201.904007,111.049744,-22.145405,31.480654,-26.019552,0.509355,-26.054581,-21.679783,-16.587875,-8.152065,-8.374422,-6.9952,-5.295372,250.419,31.462,0.9434,0.04865,0.664,1.734,0.090252,0.092087,0.157358,0.053449
data\raw\data_store\audio81\arctic_a0081(7).wav,audio81,arctic_a0081(7).wav,0081,7,-187.589447,96.460182,-12.289676,19.429207,-22.480558,6.746415,-21.673719,-5.059886,-12.813108,1.712672,-22.72455,0.661835,-10.977336,193.927,21.631,0.931,0.02362,0.45161,2.359,0.121663,0.113209,0.134211,0.043876
data\raw\data_store\audio81\arctic_a0081.wav,audio81,arctic_a0081.wav,0081,0,-218.747253,90.060349,-2.972309,24.758055,-14.607887,5.869288,-8.754457,-7.568047,-5.976714,-6.649668,-10.979584,-4.084696,-10.771792,184.312,15.012,0.9483,0.02477,0.47635,5.571,0.103109,0.114027,0.149363,0.046012
data\raw\data_store\audio82\arctic_a0082(1).wav,audio82,arctic_a0082(1).wav,0082,1,-215.226013,41.679214,8.536861,36.898205,-14.024538,2.893879,-17.961153,6.852798,-24.840853,0.520936,-13.321248,-2.691181,-0.855322,230.047,31.078,0.8689,0.03111,0.37296,0.862,0.227256,0.227812,0.113571,0.053124
data\raw\data_store\audio82\arctic_a0082(3).wav,audio82,arctic_a0082(3).wav,0082,3,-228.002625,61.702896,34.940128,22.345358,-3.714849,-3.621679,-17.218472,-0.848822,-22.893335,1.849416,-7.251493,0.735674,-6.679659,209.081,30.217,0.7414,0.03929,0.45718,-0.173,0.215875,0.214591,0.093629,0.038175
data\raw\data_store\audio82\arctic_a0082(4).wav,audio82,arctic_a0082(4).wav,0082,4,-197.631226,60.114433,1.790753,38.03112,-18.350458,-3.015958,-20.492271,-3.136812,-15.038876,-2.872237,-8.176203,-0.891238,-2.3217,228.706,29.29,0.9608,0.03328,0.43591,2.307,0.202533,0.17012,0.117442,0.052609
data\raw\data_store\audio82\arctic_a0082(5).wav,audio82,arctic_a0082(5).wav,0082,5,-222.578629,33.405533,0.043406,37.809071,-16.796461,4.182544,-9.798131,-19.919312,-11.903926,-12.012259,-16.310402,0.153772,-16.445778,192.067,26.766,0.9153,0.04752,0.45956,-1.167,0.237846,0.202159,0.092094,0.044832
data\raw\data_store\audio82\arctic_a0082(6).wav,audio82,arctic_a0082(6).wav,0082,6,-232.729889,55.216408,3.803885,32.150318,-12.964593,-11.684511,-25.228031,-13.403442,-22.151934,-5.175807,-11.285392,-7.137105,-4.967186,244.516,33.873,0.9016,0.03569,0.36578,2.369,0.21218,0.215458,0.149927,0.085683
data\raw\data_store\audio82\arctic_a0082(7).wav,audio82,arctic_a0082(7).wav,0082,7,-229.434814,63.973747,9.627645,26.026777,-15.139716,0.261777,-17.199902,-3.869839,-13.55749,5.33535,-16.333824,6.370672,-6.790178,190.236,19.216,0.8833,0.02665,0.40226,2.303,0.223886,0.211248,0.100024,0.046026
data\raw\data_store\audio82\arctic_a0082.wav,audio82,arctic_a0082.wav,0082,0,-235.797012,60.818111,19.706057,27.501808,-11.266149,2.707413,-7.214216,-2.696208,-8.556305,-4.471376,-7.970083,2.416816,-8.474033,188.724,22.964,0.8769,0.03328,0.35726,4.808,0.21899,0.211086,0.137408,0.072384
data\raw\data_store\audio83\arctic_a0083(1).wav,audio83,arctic_a0083(1).wav,0083,1,-217.123398,58.844955,-2.973351,36.145405,-24.667805,9.750384,-22.640627,13.269328,-21.336002,-0.932567,-13.300627,-5.626779,-3.759291,222.42,35.042,0.9444,0.02805,0.34968,-4.809,0.158052,0.141338,0.089538,0.040728
data\raw\data_store\audio83\arctic_a0083(3).wav,audio83,arctic_a0083(3).wav,0083,3,-250.864532,70.685295,16.592085,26.573734,-5.005062,-4.39638,-12.678289,-2.947538,-16.543821,-1.654254,-6.794995,-2.028412,-5.609098,199.424,17.522,0.8519,0.02535,0.41024,-3.333,0.141139,0.142904,0.063537,0.03113
data\raw\data_store\audio83\arctic_a0083(4).wav,audio83,arctic_a0083(4).wav,0083,4,-210.495148,87.202202,-14.070936,42.867798,-9.290112,-2.773159,-17.560308,-10.492333,-9.638032,-2.783446,-1.462214,-8.734555,0.443015,210.216,26.196,0.9851,0.02259,0.4985,-3.537,0.108305,0.090766,0.096248,0.037886
data\raw\data_store\audio83\arctic_a0083(5).wav,audio83,arctic_a0083(5).wav,0083,5,-243.907837,59.482853,-28.563341,37.231495,-17.553459,-2.015862,-15.406201,-23.561255,-9.815979,-14.874162,-12.894127,-2.361237,-15.800545,189.904,26.412,0.8947,0.0416,0.4432,-9.305,0.152696,0.115772,0.060847,0.029242
data\raw\data_store\audio83\arctic_a0083(6).wav,audio83,arctic_a0083(6).wav,0083,6,-206.160645,88.063843,-15.932962,28.613691,-15.179387,-1.989862,-25.351999,-10.729303,-20.136744,-0.98232,-9.87197,-8.955825,-3.992713,216.898,26.107,1.0,0.03745,0.48331,-3.0,0.117865,0.108599,0.130113,0.062991
data\raw\data_store\audio83\arctic_a0083(7).wav,audio83,arctic_a0083(7).wav,0083,7,-233.134735,77.824867,-6.735321,20.364006,-14.922184,-1.982187,-24.708754,2.717252,-9.713296,4.237843,-16.624861,3.764478,-5.410867,182.887,12.46,0.8442,0.01503,0.38122,-0.361,0.16536,0.165673,0.081146,0.033285
data\raw\data_store\audio83\arctic_a0083.wav,audio83,arctic_a0083.wav,0083,0,-234.740051,72.471352,1.849003,34.484886,-13.454496,4.918756,-8.183361,-1.134568,-4.588804,-5.683266,-9.978495,-1.281459,-8.382851,183.382,18.479,0.8764,0.02838,0.31775,3.504,0.14753,0.173922,0.123607,0.050508
data\raw\data_store\audio84\arctic_a0084(1).wav,audio84,arctic_a0084(1).wav,0084,1,-259.820099,49.777271,-1.310572,37.477528,-23.574892,4.56855,-18.051292,11.587626,-19.461033,-3.280495,-11.793676,-1.546888,-1.741101,260.899,101.892,0.8867,0.0378,0.42369,-3.764,0.170363,0.20125,0.06674,0.038326
data\raw\data_store\audio84\arctic_a0084(3).wav,audio84,arctic_a0084(3).wav,0084,3,-218.805405,72.876625,27.135895,27.54999,-7.555938,-2.859072,-9.827901,-3.237201,-16.471779,-2.314404,-7.270498,-0.554143,-8.050369,204.899,26.124,0.8983,0.02471,0.43574,-1.203,0.138286,0.149649,0.088246,0.035184
data\raw\data_store\audio84\arctic_a0084(4).wav,audio84,arctic_a0084(4).wav,0084,4,-210.941086,88.150795,-18.148727,45.712669,-18.999781,-5.993619,-21.707966,-9.533596,-8.222774,-7.310792,-3.95277,-6.396254,-0.964506,232.502,39.181,0.973,0.02367,0.37892,-1.135,0.123343,0.127717,0.109969,0.04388
data\raw\data_store\audio84\arctic_a0084(5).wav,audio84,arctic_a0084(5).wav,0084,5,-221.852341,60.583668,-17.448235,39.241852,-13.80744,1.664053,-10.243442,-18.694859,-6.175916,-11.551978,-12.479465,-5.272359,-9.325594,192.611,30.372,0.8321,0.02633,0.42218,-2.729,0.159041,0.150512,0.087154,0.043216
data\raw\data_store\audio84\arctic_a0084(6).wav,audio84,arctic_a0084(6).wav,0084,6,-227.508972,79.835991,-8.496404,32.479996,-16.894209,-4.50831,-24.258375,-13.257512,-21.81535,-2.673902,-12.215406,-9.846917,-5.568517,227.094,28.005,0.9577,0.02772,0.37459,1.36,0.111569,0.126934,0.13347,0.063133
data\raw\data_store\audio84\arctic_a0084(7).wav,audio84,arctic_a0084(7).wav,0084,7,-216.890854,79.658226,2.625292,26.796,-19.964462,-4.059617,-17.635302,-3.486262,-10.330892,3.356997,-18.89793,4.663238,-8.285465,186.178,20.567,0.9407,0.0264,0.35799,-2.676,0.133207,0.147358,0.109035,0.04442
data\raw\data_store\audio84\arctic_a0084.wav,audio84,arctic_a0084.wav,0084,0,-234.399109,71.260513,12.259831,37.254116,-18.395485,-0.379566,-6.878004,-5.497724,-10.430422,-8.114638,-10.772974,-2.253062,-9.548239,184.878,17.187,0.9154,0.01802,0.30916,4.873,0.126287,0.153261,0.146226,0.059363
data\raw\data_store\audio85\arctic_a0085(1).wav,audio85,arctic_a0085(1).wav,0085,1,-187.883865,60.312412,-10.364816,35.904648,-22.447275,1.380837,-23.61968,13.151587,-13.520409,-1.780465,-16.939848,-3.025131,-6.250385,226.623,37.614,0.8214,0.03042,0.39005,-4.304,0.1698,0.143096,0.104657,0.053207
data\raw\data_store\audio85\arctic_a0085(3).wav,audio85,arctic_a0085(3).wav,0085,3,-186.176468,74.416092,11.767061,29.182766,-9.63943,-2.692383,-16.57218,-4.362708,-13.05139,-0.259457,-4.722581,-0.908855,-5.173909,201.026,20.879,0.8625,0.02504,0.49033,-2.066,0.154091,0.155945,0.110752,0.045437
data\raw\data_store\audio85\arctic_a0085(4).wav,audio85,arctic_a0085(4).wav,0085,4,-220.904175,89.58094,-10.788342,31.967516,-14.84068,-1.037849,-22.624914,-12.869394,-8.962402,-7.587579,-3.038492,-2.616565,-2.471442,226.706,31.994,0.9342,0.02966,0.42708,-2.895,0.130412,0.126651,0.112571,0.050576
data\raw\data_store\audio85\arctic_a0085(5).wav,audio85,arctic_a0085(5).wav,0085,5,-229.513184,64.768051,-23.930847,28.521416,-20.249893,0.979962,-15.395783,-22.127386,-4.714844,-9.312192,-10.696177,-2.36277,-11.570996,196.478,37.98,0.7531,0.04781,0.5365,-40.0,0.186657,0.169042,0.06643,0.037808
data\raw\data_store\audio85\arctic_a0085(6).wav,audio85,arctic_a0085(6).wav,0085,6,-220.727585,86.637772,-13.429342,37.202229,-19.435823,-8.189067,-26.346109,-12.36143,-14.288548,-6.236065,-12.438315,-3.947373,-2.911918,222.913,33.65,0.9355,0.03142,0.45473,-3.396,0.145694,0.143134,0.117784,0.062179
data\raw\data_store\audio85\arctic_a0085(7).wav,audio85,arctic_a0085(7).wav,0085,7,-199.20433,80.183853,-8.839636,16.852854,-20.748911,-1.478686,-23.817381,-2.975098,-5.928667,5.337611,-14.041431,8.118926,-10.235954,185.481,16.537,0.9342,0.02314,0.48026,-1.271,0.156257,0.136063,0.114262,0.053555
data\raw\data_store\audio85\arctic_a0085.wav,audio85,arctic_a0085.wav,0085,0,-235.177109,75.444023,6.161434,24.185358,-14.313019,0.979926,-6.060861,-2.297758,-2.613082,-2.503881,-11.108343,3.981764,-10.680322,187.733,18.888,0.8523,0.02232,0.44392,2.078,0.183611,0.207289,0.105192,0.046942
data\raw\data_store\audio86\arctic_a0086(1).wav,audio86,arctic_a0086(1).wav,0086,1,-227.72406,68.283623,-8.879222,32.49358,-17.286745,2.363348,-20.121288,12.986746,-15.556103,-0.158255,-10.97456,-2.343399,-5.449608,205.879,63.721,0.8372,0.04424,0.41595,-15.039,0.133045,0.148649,0.086135,0.050079
data\raw\data_store\audio86\arctic_a0086(3).wav,audio86,arctic_a0086(3).wav,0086,3,-196.252121,82.17775,18.475899,10.665705,-5.330168,0.534072,-12.628947,1.209527,-11.672552,1.533151,-7.968369,-0.650046,-4.862103,199.336,17.228,0.8406,0.02417,0.44928,2.328,0.167105,0.179357,0.102129,0.046031
data\raw\data_store\audio86\arctic_a0086(4).wav,audio86,arctic_a0086(4).wav,0086,4,-224.504639,92.393059,-13.915219,24.340267,-18.03046,5.823615,-21.52401,-7.856204,-1.272769,-3.817185,-9.558873,-0.253367,2.079836,221.655,38.82,0.9333,0.02063,0.44136,-0.964,0.125907,0.120564,0.092799,0.039928
data\raw\data_store\audio86\arctic_a0086(5).wav,audio86,arctic_a0086(5).wav,0086,5,-342.91806,62.873981,1.295723,21.549271,-5.84633,10.366387,-4.241939,-6.542182,4.39035,-3.521556,-6.238358,1.323667,-4.217066,175.918,47.241,0.6535,0.06138,0.48515,-4.472,0.171648,0.175816,0.050355,0.049403
data\raw\data_store\audio86\arctic_a0086(6).wav,audio86,arctic_a0086(6).wav,0086,6,-220.656219,104.18132,-9.305405,39.111008,-15.228619,-8.997862,-25.846159,-6.158612,-18.996504,-8.313487,-12.573983,-4.1502,-8.262649,215.931,27.865,1.0,0.03921,0.56325,-0.738,0.085996,0.090963,0.126078,0.056213
data\raw\data_store\audio86\arctic_a0086(7).wav,audio86,arctic_a0086(7).wav,0086,7,-217.057236,78.703476,-6.294494,6.962423,-14.459571,2.712098,-17.666286,2.851554,-5.41699,1.84957,-14.471176,9.714227,-11.839041,184.118,18.563,0.8873,0.03059,0.44575,0.769,0.182785,0.184302,0.101403,0.054363
data\raw\data_store\audio86\arctic_a0086.wav,audio86,arctic_a0086.wav,0086,0,-234.820862,77.661957,6.758252,16.81164,-13.244863,6.976373,-6.929951,4.228024,-1.389542,-4.679733,-10.547667,4.258996,-10.808083,181.499,21.878,0.8148,0.02406,0.32316,5.869,0.195268,0.210872,0.111251,0.062465
data\raw\data_store\audio87\arctic_a0087(1).wav,audio87,arctic_a0087(1).wav,0087,1,-250.684891,67.219269,5.876143,41.944798,-17.734877,2.826852,-17.426371,10.462584,-15.336486,-3.837976,-9.076023,-1.41751,-3.895583,222.371,38.156,0.8222,0.04098,0.47517,-2.834,0.118216,0.131978,0.085899,0.055543
data\raw\data_store\audio87\arctic_a0087(3).wav,audio87,arctic_a0087(3).wav,0087,3,-224.999969,93.279716,19.475365,22.295847,-8.899322,-2.496887,-16.887691,-9.113873,-12.060708,-3.612211,-5.761958,-1.465798,-3.926652,199.913,22.519,0.9612,0.0254,0.46674,-1.087,0.105523,0.133,0.089919,0.039493
data\raw\data_store\audio87\arctic_a0087(4).wav,audio87,arctic_a0087(4).wav,0087,4,-216.457703,95.09008,-2.995856,30.178537,-12.746464,-7.432101,-21.169703,-9.237804,-6.646527,-3.532831,-6.00754,-0.987534,0.149613,217.3,34.307,0.9388,0.02762,0.49722,-7.241,0.139763,0.132076,0.096866,0.047086
data\raw\data_store\audio87\arctic_a0087(5).wav,audio87,arctic_a0087(5).wav,0087,5,-245.515518,79.630577,-6.801291,34.281189,-9.404663,1.408826,-12.382029,-20.273546,-3.80074,-14.68365,-10.953969,-2.464466,-5.18192,183.034,30.064,0.8952,0.04161,0.57541,-4.515,0.160069,0.168955,0.075869,0.049909
data\raw\data_store\audio87\arctic_a0087(6).wav,audio87,arctic_a0087(6).wav,0087,6,-248.00766,83.15847,-4.103257,41.747978,-17.303469,-7.475107,-18.552137,-11.867558,-17.483887,-10.423559,-9.836196,-4.218068,-6.596261,203.846,24.302,0.9298,0.03432,0.49883,-0.493,0.119278,0.132792,0.111157,0.064853
data\raw\data_store\audio87\arctic_a0087(7).wav,audio87,arctic_a0087(7).wav,0087,7,-226.0439,98.292679,-2.200723,29.794596,-15.689029,-3.340858,-21.833546,-2.050024,-8.418573,-1.266944,-17.81884,7.126446,-12.939462,180.328,14.552,1.0,0.01828,0.41287,-0.626,0.104542,0.098177,0.105341,0.048555
data\raw\data_store\audio87\arctic_a0087.wav,audio87,arctic_a0087.wav,0087,0,-238.855316,105.206779,11.317198,29.816011,-14.105453,-5.26652,-7.472852,-6.234382,-6.618167,-8.023195,-9.992047,2.779569,-12.346225,179.344,18.263,0.9636,0.02352,0.45572,3.216,0.117639,0.149054,0.127466,0.054839
data\raw\data_store\audio88\arctic_a0088(1).wav,audio88,arctic_a0088(1).wav,0088,1,-257.63446,63.825066,0.541561,36.65057,-18.52932,8.090411,-16.215834,9.279758,-21.190594,-1.870176,-10.547154,-3.833437,-2.943714,206.926,49.753,0.8759,0.04593,0.37079,-1.671,0.119974,0.123286,0.072877,0.040994
data\raw\data_store\audio88\arctic_a0088(3).wav,audio88,arctic_a0088(3).wav,0088,3,-206.970139,87.257561,22.876902,32.403927,-6.763245,-2.246406,-11.706909,-9.202293,-15.539819,-2.553525,-6.705141,-4.64924,-4.95611,199.709,19.032,0.8908,0.01734,0.35121,1.788,0.100374,0.11198,0.133343,0.048748
data\raw\data_store\audio88\arctic_a0088(4).wav,audio88,arctic_a0088(4).wav,0088,4,-230.279663,76.434578,-11.937974,43.392006,-23.023354,-10.583077,-22.100168,-12.684165,-7.647274,-7.494076,-8.569146,-5.305603,-2.200777,232.619,46.307,0.9794,0.02247,0.42193,-6.189,0.112394,0.09257,0.094879,0.039247
data\raw\data_store\audio88\arctic_a0088(5).wav,audio88,arctic_a0088(5).wav,0088,5,-236.636185,61.261517,-6.26961,46.681259,-13.484329,2.024803,-5.975586,-22.122929,-5.952196,-15.155027,-15.373489,-1.419553,-7.273666,196.576,31.808,0.8037,0.02265,0.43504,-10.553,0.116988,0.087549,0.088509,0.055257
data\raw\data_store\audio88\arctic_a0088(6).wav,audio88,arctic_a0088(6).wav,0088,6,-236.97757,74.68026,-12.166464,34.392418,-12.84133,-8.361361,-20.911245,-15.529602,-19.872412,-11.192172,-12.820113,-8.457847,-6.168666,225.041,30.736,0.8832,0.02983,0.28912,-0.907,0.091004,0.09638,0.143861,0.086325
data\raw\data_store\audio88\arctic_a0088(7).wav,audio88,arctic_a0088(7).wav,0088,7,-233.916901,83.39801,1.439607,32.212955,-16.92865,-2.58853,-17.153624,-4.544378,-11.884237,0.226275,-17.92811,3.816023,-9.440387,187.492,17.189,1.0,0.01988,0.3558,-0.388,0.104336,0.090013,0.103784,0.045765
data\raw\data_store\audio88\arctic_a0088.wav,audio88,arctic_a0088.wav,0088,0,-252.072662,77.786858,14.062243,37.80352,-11.717909,-0.87104,-6.697488,-7.014361,-10.933338,-7.646441,-9.457197,0.0786,-9.437156,182.764,16.722,0.9457,0.01872,0.30231,5.304,0.097262,0.109448,0.13228,0.061847
data\raw\data_store\audio89\arctic_a0089(1).wav,audio89,arctic_a0089(1).wav,0089,1,-229.813705,45.319199,0.881822,30.400967,-22.499615,7.141846,-25.316544,7.977892,-20.124325,-0.310897,-13.934216,-1.245205,-4.92502,231.764,41.772,0.9103,0.04427,0.4402,-4.835,0.21749,0.197922,0.078836,0.038792
data\raw\data_store\audio89\arctic_a0089(3).wav,audio89,arctic_a0089(3).wav,0089,3,-187.977631,69.520752,21.871527,26.30382,-15.483556,-0.778078,-12.874821,-2.506484,-18.984453,-1.734928,-6.474455,-1.837937,-3.240105,180.515,45.599,0.7101,0.03525,0.44852,-4.052,0.164438,0.138099,0.105722,0.051867
data\raw\data_store\audio89\arctic_a0089(4).wav,audio89,arctic_a0089(4).wav,0089,4,-208.731262,66.830948,-3.664996,28.698992,-16.07943,-1.826444,-17.869633,-12.461373,-13.927101,-3.302268,-11.118685,-1.458089,-6.022849,204.653,18.544,0.9836,0.03592,0.47,0.59,0.169536,0.114334,0.084457,0.040328
data\raw\data_store\audio89\arctic_a0089(5).wav,audio89,arctic_a0089(5).wav,0089,5,-192.563477,50.322971,-14.295136,39.941036,-19.797264,1.03056,-12.191976,-21.778362,-9.041534,-14.100231,-15.77845,-1.929636,-11.748461,200.195,19.562,0.6154,0.0408,0.44782,-4.062,0.206647,0.152424,0.093296,0.05161
data\raw\data_store\audio89\arctic_a0089(6).wav,audio89,arctic_a0089(6).wav,0089,6,-229.183319,54.272919,-9.942769,27.744783,-12.735814,-2.959142,-22.892321,-10.510731,-19.763124,-4.066427,-12.681071,-2.813769,-6.630345,224.984,24.236,0.9048,0.04249,0.4476,0.751,0.160669,0.145664,0.110116,0.070315
data\raw\data_store\audio89\arctic_a0089(7).wav,audio89,arctic_a0089(7).wav,0089,7,-190.128067,65.145302,1.763038,28.217852,-21.066633,1.852715,-22.528877,-1.804247,-9.476895,2.957061,-17.889046,6.591085,-6.735761,186.616,15.297,0.9028,0.0293,0.43826,1.84,0.205545,0.179801,0.12317,0.058252
data\raw\data_store\audio89\arctic_a0089.wav,audio89,arctic_a0089.wav,0089,0,-231.520584,69.136223,8.413186,25.506071,-13.540033,-0.833351,-4.174324,-5.866942,-7.124984,-4.429734,-11.848867,-0.251356,-8.970051,180.023,16.521,0.8659,0.03519,0.36337,6.601,0.194812,0.190778,0.126893,0.068969
data\raw\data_store\audio9\arctic_a0009(1).wav,audio9,arctic_a0009(1).wav,0009,1,-247.361954,69.236877,-4.427616,45.17057,-20.547697,1.18476,-17.104557,5.066983,-20.413628,-1.555174,-13.391981,-5.763202,3.108202,232.799,41.855,0.9109,0.04207,0.49166,-2.806,0.148855,0.126413,0.070375,0.036225
data\raw\data_store\audio9\arctic_a0009(3).wav,audio9,arctic_a0009(3).wav,0009,3,-190.744949,71.638153,22.210161,35.141151,-10.247123,-3.655642,-14.695818,-5.28524,-12.636362,-3.375518,-4.241681,-2.148387,-4.647153,214.517,54.531,0.8667,0.05057,0.52855,-6.203,0.14184,0.117285,0.10187,0.047925
data\raw\data_store\audio9\arctic_a0009(4).wav,audio9,arctic_a0009(4).wav,0009,4,-211.224304,83.98233,-11.988849,37.289665,-21.483191,-2.916137,-20.720106,-6.578939,-9.496514,-8.51109,-5.865235,-3.031218,-4.489205,209.435,35.243,0.987,0.04325,0.56575,-8.368,0.184256,0.125463,0.079957,0.043058
data\raw\data_store\audio9\arctic_a0009(5).wav,audio9,arctic_a0009(5).wav,0009,5,-223.965576,64.636734,0.391606,40.694782,-7.629438,5.885402,-7.981676,-14.68414,-8.14699,-11.707818,-11.829147,0.246803,-10.900843,185.648,24.2,0.5258,0.03206,0.63083,-3.522,0.192472,0.148329,0.082811,0.057668
data\raw\data_store\audio9\arctic_a0009(6).wav,audio9,arctic_a0009(6).wav,0009,6,-242.289825,85.564781,-2.577752,38.645214,-14.391897,-9.314178,-29.766779,-11.837152,-18.769047,-3.335174,-10.476313,-8.959553,-3.547039,215.887,26.527,1.0,0.0309,0.52204,-4.109,0.134668,0.124516,0.096894,0.051611
data\raw\data_store\audio9\arctic_a0009(7).wav,audio9,arctic_a0009(7).wav,0009,7,-226.218994,84.693741,6.55308,24.886497,-21.135563,-3.969828,-18.799788,-5.162578,-7.018662,-3.798406,-14.294174,2.605628,-10.902267,199.044,22.997,0.9885,0.03177,0.55626,-1.178,0.166586,0.122211,0.103585,0.052044
data\raw\data_store\audio9\arctic_a0009.wav,audio9,arctic_a0009.wav,0009,0,-239.305649,87.757202,10.508367,30.630356,-17.190544,4.353358,-4.906447,-6.626191,-3.781016,-7.465907,-8.76572,-1.455745,-8.91077,188.885,19.149,0.9434,0.03422,0.48532,1.966,0.15536,0.154837,0.11099,0.059617
data\raw\data_store\audio90\arctic_a0090(1).wav,audio90,arctic_a0090(1).wav,0090,1,-210.724762,52.516994,5.192183,37.165554,-23.816177,6.024031,-17.339853,2.068241,-21.457691,-1.977021,-13.995917,-3.752346,-2.474794,225.903,39.727,0.8718,0.04546,0.39585,-5.211,0.187434,0.19112,0.123831,0.058199
data\raw\data_store\audio90\arctic_a0090(3).wav,audio90,arctic_a0090(3).wav,0090,3,-201.692734,80.081726,20.351439,23.130718,-5.356688,-2.189342,-11.125604,-8.406827,-18.436375,-1.199096,-6.129848,1.313812,-4.657792,193.062,48.824,0.8088,0.05131,0.43627,-5.296,0.16523,0.19586,0.09937,0.046962
data\raw\data_store\audio90\arctic_a0090(4).wav,audio90,arctic_a0090(4).wav,0090,4,-205.47287,84.254997,-4.379809,30.186769,-8.908836,-7.380416,-18.135204,-9.170419,-10.058168,-4.718682,-10.740883,-3.231531,-1.932487,214.576,30.748,0.9672,0.02984,0.49444,-3.675,0.152866,0.153796,0.102351,0.051331
data\raw\data_store\audio90\arctic_a0090(5).wav,audio90,arctic_a0090(5).wav,0090,5,-222.172501,63.858086,-7.76043,38.661221,-9.789495,3.510293,-9.828718,-18.817616,-11.668795,-12.735617,-13.158589,-0.984707,-8.968064,194.462,30.818,0.9138,0.03704,0.46036,-5.219,0.174642,0.162942,0.081532,0.046449
data\raw\data_store\audio90\arctic_a0090(6).wav,audio90,arctic_a0090(6).wav,0090,6,-247.026474,70.7836,-6.725144,26.210503,-15.432509,-4.107597,-16.801342,-13.077616,-19.56809,-7.97628,-9.099638,-6.657306,-4.84089,232.361,32.481,0.8961,0.03923,0.44173,-1.762,0.165206,0.164488,0.137159,0.08668
data\raw\data_store\audio90\arctic_a0090(7).wav,audio90,arctic_a0090(7).wav,0090,7,-220.804276,84.377632,5.27947,24.105198,-11.502962,-5.684025,-18.308256,-12.128387,-10.41013,3.319474,-15.822127,2.802817,-7.047606,187.358,23.33,0.9667,0.03131,0.42472,-0.748,0.152832,0.155694,0.121739,0.079073
data\raw\data_store\audio90\arctic_a0090.wav,audio90,arctic_a0090.wav,0090,0,-231.524918,81.99678,11.451469,25.521753,-7.14431,-2.611573,-2.978249,-11.041948,-7.405396,-4.359787,-8.117766,-1.471822,-8.345911,181.14,19.308,0.8462,0.02496,0.34224,1.26,0.164003,0.200186,0.149705,0.093214
data\raw\data_store\audio91\arctic_a0091(1).wav,audio91,arctic_a0091(1).wav,0091,1,-217.187714,73.022461,-10.017775,33.224342,-18.791584,4.857564,-20.289968,6.330975,-14.603657,-0.792439,-11.682048,0.229841,-5.72026,214.366,31.233,0.9048,0.04274,0.50098,-3.158,0.101141,0.072039,0.092818,0.056538
data\raw\data_store\audio91\arctic_a0091(3).wav,audio91,arctic_a0091(3).wav,0091,3,-200.279144,95.342209,5.404245,17.76791,-8.474764,3.138581,-10.19794,-6.547344,-13.429011,-0.440832,-6.418807,-4.257812,-5.552194,203.328,21.739,0.791,0.03946,0.49899,0.441,0.09606,0.066705,0.088926,0.045628
data\raw\data_store\audio91\arctic_a0091(4).wav,audio91,arctic_a0091(4).wav,0091,4,-190.831818,105.32003,-9.228907,14.425424,-14.007839,1.767357,-18.067348,-14.588255,-12.318769,-1.412636,-7.612656,-6.747462,-4.64226,223.856,27.513,0.9219,0.02754,0.49373,-1.306,0.115234,0.059119,0.122573,0.049709
data\raw\data_store\audio91\arctic_a0091(5).wav,audio91,arctic_a0091(5).wav,0091,5,-234.958694,85.844376,-13.05633,28.151217,-17.150434,7.262843,-7.878912,-28.078779,-7.523355,-9.578044,-13.549124,-2.794705,-11.65698,197.788,30.009,0.7121,0.02961,0.49611,-5.433,0.103799,0.05742,0.07803,0.039901
data\raw\data_store\audio91\arctic_a0091(6).wav,audio91,arctic_a0091(6).wav,0091,6,-234.146622,92.203674,-10.821787,35.08952,-20.714359,-3.864899,-21.970621,-11.70081,-18.74551,-7.697366,-10.322612,-7.165623,-4.941795,213.331,18.394,0.9405,0.02872,0.42205,0.974,0.076178,0.046539,0.107255,0.054636
data\raw\data_store\audio91\arctic_a0091(7).wav,audio91,arctic_a0091(7).wav,0091,7,-216.164001,96.561974,-3.480652,17.759182,-17.221189,10.110109,-22.490225,-9.925941,-11.298157,6.441448,-22.292412,2.789592,-7.616399,185.929,18.067,0.9839,0.02352,0.52186,-0.214,0.114384,0.066307,0.103497,0.050053
data\raw\data_store\audio91\arctic_a0091.wav,audio91,arctic_a0091.wav,0091,0,-234.474945,100.922668,5.914143,20.921835,-15.354495,9.379338,-2.52555,-10.02623,-8.719245,-5.075059,-10.545238,-0.624949,-10.019444,185.722,18.497,0.975,0.04227,0.42681,2.471,0.116301,0.092534,0.114827,0.060235
data\raw\data_store\audio92\arctic_a0092(1).wav,audio92,arctic_a0092(1).wav,0092,1,-196.167618,54.824764,8.939155,34.12442,-23.556515,10.950641,-21.52648,8.538026,-25.439705,-2.666648,-14.157612,-4.10185,-4.666908,223.225,28.827,0.8033,0.03318,0.42392,-1.603,0.180573,0.17051,0.110015,0.046834
data\raw\data_store\audio92\arctic_a0092(3).wav,audio92,arctic_a0092(3).wav,0092,3,-215.189774,67.108292,32.712498,26.712345,-10.409176,1.780173,-15.007505,-5.609519,-17.661572,0.616764,-9.004128,1.147828,-6.070149,204.973,18.991,0.8718,0.02619,0.36983,2.133,0.182738,0.184807,0.113862,0.037924
data\raw\data_store\audio92\arctic_a0092(4).wav,audio92,arctic_a0092(4).wav,0092,4,-210.326065,77.127113,-1.605208,37.734917,-19.830189,-4.344069,-20.917389,-11.380598,-6.931341,-4.246936,-6.348929,-3.84787,-1.763285,225.909,26.665,0.844,0.02346,0.39152,-1.101,0.140909,0.13244,0.121978,0.062046
data\raw\data_store\audio92\arctic_a0092(5).wav,audio92,arctic_a0092(5).wav,0092,5,-258.781525,53.831062,-13.871279,41.970387,-9.575771,0.494826,-9.921301,-18.971363,-11.377416,-11.842579,-15.092972,-3.127808,-12.306671,183.429,31.367,0.7658,0.05256,0.41458,-6.948,0.183858,0.157496,0.065334,0.042562
data\raw\data_store\audio92\arctic_a0092(6).wav,audio92,arctic_a0092(6).wav,0092,6,-237.923721,74.377701,-1.784981,30.897722,-19.013643,-1.946495,-22.76734,-14.474852,-20.94812,-7.573457,-10.76215,-9.767574,-5.632619,220.852,28.063,0.9219,0.03737,0.3818,0.347,0.151434,0.157155,0.1176,0.064711
data\raw\data_store\audio92\arctic_a0092(7).wav,audio92,arctic_a0092(7).wav,0092,7,-218.2948,64.709503,6.227731,22.560371,-16.125179,-2.10319,-19.782179,-3.720876,-11.51844,0.902726,-18.388704,6.700184,-12.943199,190.088,19.912,0.8981,0.02698,0.34395,-1.026,0.195909,0.188609,0.107244,0.046523
data\raw\data_store\audio92\arctic_a0092.wav,audio92,arctic_a0092.wav,0092,0,-233.772476,71.396843,15.058383,32.459023,-13.547871,2.850209,-3.801148,-5.852443,-9.320149,-5.432731,-9.892446,0.990968,-9.438441,178.035,18.376,0.9008,0.03042,0.32838,4.059,0.171402,0.194029,0.133972,0.061689
data\raw\data_store\audio93\arctic_a0093(1).wav,audio93,arctic_a0093(1).wav,0093,1,-225.390762,56.054184,-3.373169,31.188185,-20.586912,5.62945,-17.075905,8.570189,-15.936305,-1.961552,-11.933086,-2.208201,-4.051718,237.464,44.255,0.6875,0.06112,0.415,-4.448,0.173812,0.152343,0.089374,0.053312
data\raw\data_store\audio93\arctic_a0093(3).wav,audio93,arctic_a0093(3).wav,0093,3,-218.702133,85.732491,18.648382,23.464203,-16.376453,5.373757,-14.243782,-9.307732,-14.03592,-3.402556,-5.866797,-1.079703,-5.489338,207.218,19.087,0.8824,0.02896,0.37515,1.645,0.127792,0.118496,0.100761,0.054521
data\raw\data_store\audio93\arctic_a0093(4).wav,audio93,arctic_a0093(4).wav,0093,4,-231.486877,76.601418,-5.667369,24.484657,-23.577208,0.365476,-26.660418,-8.26914,-6.344305,-7.492478,-13.615367,-1.341435,-6.354255,234.247,35.254,0.9077,0.03372,0.38536,-1.964,0.165431,0.131656,0.095628,0.057499
data\raw\data_store\audio93\arctic_a0093(5).wav,audio93,arctic_a0093(5).wav,0093,5,-239.701111,63.501865,-9.254834,29.130411,-13.504637,4.832188,-14.188007,-25.06848,-6.125993,-13.633254,-15.270597,-1.123005,-14.177133,198.22,35.514,0.7213,0.04602,0.41031,-40.0,0.200187,0.141221,0.079569,0.056001
data\raw\data_store\audio93\arctic_a0093(6).wav,audio93,arctic_a0093(6).wav,0093,6,-233.279602,71.637589,-9.526073,39.127697,-18.042086,-8.186866,-23.709726,-14.297093,-19.57427,-11.25354,-11.230525,-8.022139,-4.02552,233.255,39.028,0.869,0.04066,0.34947,-3.138,0.148749,0.139208,0.131966,0.085101
data\raw\data_store\audio93\arctic_a0093(7).wav,audio93,arctic_a0093(7).wav,0093,7,-251.364349,84.496117,1.980325,16.239561,-22.975306,4.859371,-18.258368,-5.172619,-4.714571,-3.935882,-16.288044,6.174037,-14.116982,187.229,22.833,0.9697,0.0342,0.41976,-5.657,0.15243,0.131885,0.078674,0.048831
data\raw\data_store\audio93\arctic_a0093.wav,audio93,arctic_a0093.wav,0093,0,-251.130737,83.903046,13.099515,24.727909,-13.005691,7.070759,-5.560111,-4.92765,-5.123189,-10.577968,-8.231045,1.057229,-11.497492,184.66,21.732,0.8861,0.03321,0.29986,0.966,0.145404,0.149977,0.122983,0.079628
data\raw\data_store\audio94\arctic_a0094(1).wav,audio94,arctic_a0094(1).wav,0094,1,-206.023087,65.157326,-0.281374,35.675961,-27.20854,4.903821,-18.221741,8.527398,-20.620939,1.015893,-12.742216,-2.732122,-4.877401,230.782,39.148,0.7417,0.03835,0.39364,-6.539,0.157803,0.18179,0.104343,0.061277
data\raw\data_store\audio94\arctic_a0094(3).wav,audio94,arctic_a0094(3).wav,0094,3,-189.778595,86.211746,15.333747,27.558828,-13.654848,-3.852918,-8.924254,-6.429978,-14.897815,-3.387922,-4.795949,-3.072552,-6.483736,196.976,15.65,0.9579,0.01775,0.35974,0.915,0.117171,0.141324,0.120342,0.038402
data\raw\data_store\audio94\arctic_a0094(4).wav,audio94,arctic_a0094(4).wav,0094,4,-205.540451,87.708748,-9.786336,30.216249,-18.994694,-7.365658,-18.301554,-14.371685,-10.708736,-5.423225,-9.773536,-2.119896,-4.368634,219.452,29.459,1.0,0.02246,0.43938,-3.574,0.141783,0.134494,0.110311,0.035008
data\raw\data_store\audio94\arctic_a0094(5).wav,audio94,arctic_a0094(5).wav,0094,5,-202.326813,68.625824,-18.968933,35.372314,-23.0406,-5.042436,-8.943848,-24.576948,-10.322619,-14.389498,-14.445228,-2.990254,-12.884823,197.805,36.498,0.8571,0.02529,0.40364,-8.359,0.150256,0.144617,0.089619,0.0413
data\raw\data_store\audio94\arctic_a0094(6).wav,audio94,arctic_a0094(6).wav,0094,6,-217.737366,87.821884,-7.542491,36.641949,-30.991282,-8.633566,-22.36904,-14.720634,-23.258234,-7.351736,-10.630355,-9.375192,-5.744842,227.055,34.287,1.0,0.03604,0.38578,-1.614,0.118741,0.12981,0.147281,0.063891
data\raw\data_store\audio94\arctic_a0094(7).wav,audio94,arctic_a0094(7).wav,0094,7,-196.976669,96.478676,-6.687284,21.359289,-23.220152,0.345942,-21.630661,-2.030789,-8.484321,3.943647,-18.809093,7.668134,-12.977609,179.234,14.342,0.9677,0.01739,0.40748,-0.211,0.12477,0.123757,0.127582,0.043344
data\raw\data_store\audio94\arctic_a0094.wav,audio94,arctic_a0094.wav,0094,0,-236.754745,90.589012,8.05198,27.800735,-18.04924,2.007354,-4.578134,-6.748812,-8.132973,-6.655483,-8.337827,1.217277,-10.696914,184.941,19.878,0.9455,0.02393,0.37422,2.0,0.11803,0.165269,0.133736,0.061074
data\raw\data_store\audio95\arctic_a0095(1).wav,audio95,arctic_a0095(1).wav,0095,1,-219.298355,59.178921,-4.109697,27.96961,-20.166233,6.601546,-20.467094,7.635047,-20.578783,0.143294,-13.840374,-5.542686,-5.733016,230.931,42.224,0.9187,0.03218,0.46349,-4.174,0.149882,0.141579,0.096066,0.049294
data\raw\data_store\audio95\arctic_a0095(3).wav,audio95,arctic_a0095(3).wav,0095,3,-223.537186,76.193512,30.673193,32.534817,-6.287329,-2.866371,-14.626491,-3.318444,-17.331253,-2.832936,-7.835714,-0.702546,-5.488149,205.796,21.748,0.8889,0.027,0.56496,0.169,0.147696,0.13628,0.085694,0.038106
data\raw\data_store\audio95\arctic_a0095(4).wav,audio95,arctic_a0095(4).wav,0095,4,-228.665451,77.010139,-0.139716,34.592621,-12.959133,-6.099422,-20.470171,-9.795001,-10.780871,-4.515616,-8.689917,1.488289,-1.772128,226.686,39.023,0.93,0.02107,0.57724,-1.308,0.150757,0.12925,0.080172,0.040222
data\raw\data_store\audio95\arctic_a0095(5).wav,audio95,arctic_a0095(5).wav,0095,5,-234.5522,58.559387,-0.212966,45.226295,-12.179333,3.29757,-12.736251,-16.299877,-8.152342,-17.960867,-14.481881,-5.557676,-5.273548,187.185,29.533,0.8155,0.02502,0.57085,-4.532,0.196679,0.163947,0.07115,0.039024
data\raw\data_store\audio95\arctic_a0095(6).wav,audio95,arctic_a0095(6).wav,0095,6,-240.673157,78.853363,-3.895091,31.767242,-18.867941,-4.088954,-24.952549,-12.777805,-20.578899,-6.540799,-12.076894,-5.970426,-6.681314,227.801,28.262,0.9735,0.02907,0.4443,-2.4,0.117022,0.130781,0.113443,0.059149
data\raw\data_store\audio95\arctic_a0095(7).wav,audio95,arctic_a0095(7).wav,0095,7,-220.250244,81.160873,11.005213,30.693556,-15.251456,-4.622872,-12.746132,1.022663,-10.608263,2.244651,-20.366631,7.662184,-12.960445,180.181,14.191,0.9412,0.01979,0.50472,1.678,0.147112,0.132384,0.100393,0.041057
data\raw\data_store\audio95\arctic_a0095.wav,audio95,arctic_a0095.wav,0095,0,-238.840973,71.374321,19.432774,35.428425,-10.221274,2.036662,-2.489272,-1.488886,-8.459565,-6.871026,-10.489715,2.630374,-11.51915,181.356,16.93,0.944,0.03222,0.47451,4.755,0.176455,0.171202,0.123355,0.061417
data\raw\data_store\audio96\arctic_a0096(1).wav,audio96,arctic_a0096(1).wav,0096,1,-245.365982,50.788082,-6.156585,40.126144,-25.04413,5.160539,-23.715029,9.757906,-16.50881,-2.03491,-12.207931,-5.220149,-1.444795,235.972,51.62,0.7692,0.05287,0.40521,-3.647,0.17001,0.181037,0.065481,0.038197
data\raw\data_store\audio96\arctic_a0096(3).wav,audio96,arctic_a0096(3).wav,0096,3,-225.003952,85.405777,11.612804,23.189825,-8.407515,-1.047123,-12.244906,-3.018883,-11.032765,-3.965745,-8.435081,-1.163249,-6.78414,212.819,19.796,0.8018,0.02248,0.39669,0.893,0.121171,0.157185,0.087171,0.034634
data\raw\data_store\audio96\arctic_a0096(4).wav,audio96,arctic_a0096(4).wav,0096,4,-195.165482,99.159004,-25.017876,31.772497,-21.260876,-6.236176,-19.432127,-13.968669,-6.475411,-8.105153,-8.281083,-3.899216,-4.655608,221.238,28.993,0.9307,0.02456,0.40322,-2.807,0.125242,0.111887,0.107702,0.039232
data\raw\data_store\audio96\arctic_a0096(5).wav,audio96,arctic_a0096(5).wav,0096,5,-290.205933,74.849945,-27.128197,35.90118,-22.039415,5.00877,-5.859081,-25.422089,0.240484,-12.966465,-10.091949,-0.696287,-9.815636,199.924,39.254,0.9072,0.03273,0.46851,-6.557,0.141848,0.116195,0.037959,0.026585
data\raw\data_store\audio96\arctic_a0096(6).wav,audio96,arctic_a0096(6).wav,0096,6,-223.960266,85.939049,-16.131758,45.662968,-21.603767,-8.745806,-21.591356,-14.777213,-17.757685,-6.201481,-10.463517,-4.600538,-3.641754,233.084,27.921,0.888,0.02981,0.45327,-0.49,0.124237,0.127038,0.120336,0.064892
data\raw\data_store\audio96\arctic_a0096(7).wav,audio96,arctic_a0096(7).wav,0096,7,-244.459457,90.706001,-11.327455,20.66193,-19.454733,-3.121556,-20.316498,-1.258716,-5.945029,0.520957,-16.920422,5.048714,-13.791586,187.088,17.206,0.8723,0.01777,0.39833,-1.656,0.136176,0.139937,0.076616,0.032885
data\raw\data_store\audio96\arctic_a0096.wav,audio96,arctic_a0096.wav,0096,0,-235.036011,90.525871,-0.579074,34.007153,-17.983227,-0.036214,-5.161741,-9.400969,-4.719943,-8.661427,-9.705815,1.387956,-9.075709,184.669,19.808,0.9231,0.03015,0.39853,3.251,0.126625,0.155644,0.114155,0.050014
data\raw\data_store\audio97\arctic_a0097(1).wav,audio97,arctic_a0097(1).wav,0097,1,-226.569839,66.934746,11.032328,38.706127,-23.739584,6.663771,-17.104013,8.215426,-26.587393,-1.162022,-14.949471,-3.860867,-4.537419,224.318,35.16,0.9324,0.02779,0.4417,-2.609,0.115126,0.13637,0.113652,0.049872
data\raw\data_store\audio97\arctic_a0097(3).wav,audio97,arctic_a0097(3).wav,0097,3,-215.00322,89.706657,17.186136,28.628798,-7.942244,-0.459713,-10.519249,-6.694272,-16.902199,-3.246986,-5.716665,-5.557372,-5.578209,201.466,19.862,0.9735,0.01512,0.31965,2.213,0.099112,0.103154,0.111687,0.038557
data\raw\data_store\audio97\arctic_a0097(4).wav,audio97,arctic_a0097(4).wav,0097,4,-207.009323,97.727638,-8.057756,31.974493,-17.325983,1.368713,-21.419523,-12.792827,-11.725792,-8.36843,-8.525507,-7.799907,-3.752787,212.693,23.447,0.9633,0.01604,0.41586,0.478,0.107087,0.095863,0.129624,0.040623
data\raw\data_store\audio97\arctic_a0097(5).wav,audio97,arctic_a0097(5).wav,0097,5,-202.966766,73.481323,-21.693048,41.938099,-14.024521,1.977833,-6.604847,-24.817474,-6.392832,-14.562167,-13.13766,-4.311714,-13.165379,187.188,31.501,0.9333,0.02317,0.36219,-4.246,0.129728,0.106769,0.096894,0.044582
data\raw\data_store\audio97\arctic_a0097(6).wav,audio97,arctic_a0097(6).wav,0097,6,-217.481873,88.624435,0.078768,36.025486,-25.623814,-4.945515,-20.84973,-16.717186,-16.929035,-7.668365,-12.790236,-9.649486,-5.882993,226.244,37.431,0.9683,0.03213,0.39146,-4.535,0.098497,0.10554,0.148095,0.075967
data\raw\data_store\audio97\arctic_a0097(7).wav,audio97,arctic_a0097(7).wav,0097,7,-202.063324,97.833366,2.666631,23.880888,-15.257911,3.752627,-21.333231,-2.893444,-11.74714,2.432188,-16.498608,3.381528,-11.907189,177.919,16.541,0.9633,0.01837,0.32929,0.886,0.111505,0.105098,0.141194,0.042325
data\raw\data_store\audio97\arctic_a0097.wav,audio97,arctic_a0097.wav,0097,0,-233.269073,95.775558,-0.738282,26.765125,-8.459622,4.944252,-1.607517,-10.561162,-8.241642,-7.439674,-7.649058,-3.541435,-13.028031,177.845,18.592,0.9917,0.02596,0.29814,4.29,0.099542,0.117982,0.156815,0.068359
data\raw\data_store\audio98\arctic_a0098(1).wav,audio98,arctic_a0098(1).wav,0098,1,-205.202957,55.805309,-3.955561,41.138992,-42.326668,-1.483338,-22.873169,7.63172,-27.75486,1.955942,-17.415148,-5.896259,-5.723845,257.357,62.629,1.0,0.05119,0.42034,-7.514,0.119197,0.085411,0.121475,0.047481
data\raw\data_store\audio98\arctic_a0098(3).wav,audio98,arctic_a0098(3).wav,0098,3,-196.01088,67.105171,7.516138,33.764389,-24.777647,1.835708,-13.873214,-1.487854,-16.240829,-2.502836,-5.758109,-2.397802,-4.711593,200.238,16.698,0.8919,0.02009,0.22826,-1.05,0.12318,0.144063,0.112355,0.049536
data\raw\data_store\audio98\arctic_a0098(4).wav,audio98,arctic_a0098(4).wav,0098,4,-222.099609,60.43898,-29.251375,46.885761,-22.477194,-8.388723,-19.675791,-13.399753,-5.687631,-5.270061,-1.448573,-6.408821,-4.260443,252.462,46.12,0.9697,0.03526,0.25842,-7.255,0.122525,0.091454,0.116202,0.045213
data\raw\data_store\audio98\arctic_a0098(5).wav,audio98,arctic_a0098(5).wav,0098,5,-227.834076,62.282917,-49.488979,40.783615,-29.544359,1.809735,-6.267019,-20.46739,4.169061,-8.515421,-10.85547,1.602247,-10.084439,209.446,41.781,0.9118,0.02779,0.29252,-40.0,0.12347,0.08603,0.094417,0.042201
data\raw\data_store\audio98\arctic_a0098(6).wav,audio98,arctic_a0098(6).wav,0098,6,-194.988953,74.961235,-30.870268,47.881565,-39.145977,-8.823802,-26.399797,-7.443926,-18.891954,-9.07883,-12.601498,-9.94272,-8.367746,222.217,41.021,1.0,0.03032,0.29607,-5.807,0.082482,0.040123,0.152674,0.043204
data\raw\data_store\audio98\arctic_a0098(7).wav,audio98,arctic_a0098(7).wav,0098,7,-207.515961,79.112373,-15.020582,29.758039,-29.329147,2.184703,-19.627075,2.847168,-1.246681,1.459379,-15.012197,7.744679,-13.420658,177.042,12.046,0.9189,0.02239,0.27303,0.737,0.120369,0.119397,0.13435,0.054832
data\raw\data_store\audio98\arctic_a0098.wav,audio98,arctic_a0098.wav,0098,0,-253.789276,77.969009,-15.400517,50.514938,-30.57308,0.971386,-5.03849,-5.282423,-5.074167,-7.616221,-9.767114,-4.341043,-7.374419,177.064,20.26,0.9286,0.02553,0.19894,2.871,0.092298,0.104707,0.126934,0.046318
data\raw\data_store\audio99\arctic_a0099(1).wav,audio99,arctic_a0099(1).wav,0099,1,-237.083359,67.683701,-0.679467,36.209606,-25.425531,7.993569,-13.392689,11.485493,-22.275188,0.02179,-14.135035,-5.31105,-7.62239,219.475,61.185,0.977,0.04109,0.27041,-3.635,0.101315,0.0872,0.103756,0.060009
data\raw\data_store\audio99\arctic_a0099(3).wav,audio99,arctic_a0099(3).wav,0099,3,-215.770493,95.969612,13.275048,34.556992,-11.468747,-0.974015,-13.959098,-0.48563,-12.90805,-3.108832,-5.824366,-6.855789,-2.679827,200.162,19.215,0.9589,0.02267,0.29938,2.013,0.069258,0.057743,0.119683,0.042278
data\raw\data_store\audio99\arctic_a0099(4).wav,audio99,arctic_a0099(4).wav,0099,4,-214.268234,95.279572,-19.308678,52.381027,-18.554766,-10.226131,-21.034714,-8.129602,-6.880858,-4.699919,-8.585377,-4.755791,2.251342,212.049,27.351,0.9841,0.0188,0.30459,-0.443,0.064437,0.034173,0.114796,0.044043
data\raw\data_store\audio99\arctic_a0099(5).wav,audio99,arctic_a0099(5).wav,0099,5,-243.52153,84.863037,-20.333504,56.324123,-18.651138,-1.632845,-3.323557,-18.188471,-2.741486,-16.578768,-10.703458,-1.536594,-9.726125,173.826,26.747,0.9737,0.03177,0.31838,-3.145,0.088013,0.056553,0.076784,0.036129
data\raw\data_store\audio99\arctic_a0099(6).wav,audio99,arctic_a0099(6).wav,0099,6,-221.15242,90.643799,-10.421124,33.450905,-23.062126,-4.054123,-18.992123,-17.917538,-23.468576,-11.023075,-12.740212,-10.297231,-7.340425,229.311,39.773,1.0,0.03266,0.23496,-6.803,0.058958,0.025139,0.178274,0.094405
data\raw\data_store\audio99\arctic_a0099(7).wav,audio99,arctic_a0099(7).wav,0099,7,-218.484543,98.336777,-3.591487,27.21048,-20.589876,3.030325,-14.696025,-0.736773,-5.794683,-1.48421,-19.467299,1.978606,-16.082554,182.613,13.059,0.9863,0.017,0.26722,4.14,0.07833,0.06315,0.145111,0.052392
data\raw\data_store\audio99\arctic_a0099.wav,audio99,arctic_a0099.wav,0099,0,-250.321136,93.392342,3.374615,33.124119,-13.436954,2.677577,1.601457,-7.397411,-7.082899,-9.458546,-11.029593,-5.677036,-11.41935,183.316,13.997,0.8941,0.01518,0.25404,5.724,0.064827,0.067703,0.178147,0.095104
